{"epoch": 69, "acc_train": 0.4031, "train_loss": 1.6923571825027466, "acc_val": 0.3465, "loss_val": 1.8572574853897095, "_timestamp": 1699919115.710201, "_runtime": 293.86189103126526, "_step": 139, "global_step": 69, "Learning rate": 0.004999999888241291, "Batch size": 64.0, "Train/Accuracy": 0.40310001373291016, "Val/Accuracy": 0.3465000092983246, "Train/Loss": 1.6923571825027466, "Val/Loss": 1.8572574853897095, "Model/Norm": 34.63435363769531, "_wandb": {"runtime": 292}}