{"acc": 0.8584, "acc_val": 0.5073, "_timestamp": 1699281153.0304809, "_runtime": 279.99830389022827, "_step": 113, "_wandb": {"runtime": 279}}