{"accuracy": 0.10007911392405064, "epoch": 2, "_timestamp": 1699282646.5255115, "_runtime": 1.3024015426635742, "_step": 0, "_wandb": {"runtime": 0}}