{"accuracy": 0.11313291139240507, "epoch": 4, "_timestamp": 1699285564.4751337, "_runtime": 0.6581935882568359, "_step": 0, "_wandb": {"runtime": 0}}