{"accuracy": 0.10106803797468354, "epoch": 5, "_timestamp": 1699282663.5941286, "_runtime": 0.6612386703491211, "_step": 0, "_wandb": {"runtime": 0}}