{"accuracy": 0.09889240506329114, "epoch": 4, "_timestamp": 1699285654.132003, "_runtime": 0.7846331596374512, "_step": 0, "_wandb": {"runtime": 0}}