{"acc": 0.2682491987179487, "loss": 2.141124943586496, "_timestamp": 1699273867.2771583, "_runtime": 65.58497023582458, "_step": 99, "val_acc": 0.2547, "val_loss": 2.218695867061615, "_wandb": {"runtime": 64}}