{"epoch": 59, "accuracy": 0.4191, "_timestamp": 1699914960.419412, "_runtime": 120.21140694618225, "_step": 59, "_wandb": {"runtime": 119}}