{"accuracy": 0.10047468354430379, "epoch": 8, "_timestamp": 1699282680.8301091, "_runtime": 0.668424129486084, "_step": 0, "_wandb": {"runtime": 0}}