{"accuracy": 0.09849683544303797, "epoch": 3, "_timestamp": 1699283746.8163297, "_runtime": 0.6471316814422607, "_step": 0, "_wandb": {"runtime": 0}}