{"acc": 0.9905, "acc_val": 0.518, "_timestamp": 1699278332.1992323, "_runtime": 215.09628438949585, "_step": 100, "_wandb": {"runtime": 214}}