{"acc": 0.13106971153846153, "loss": 9.709016967431094, "_timestamp": 1699273346.5653765, "_runtime": 21.894569635391235, "_step": 1, "val_acc": 0.1216, "val_loss": 2.2986935496330263, "_wandb": {"runtime": 21}}