{"accuracy": 0.11540743670886076, "epoch": 1, "_timestamp": 1699285529.7608726, "_runtime": 0.7667016983032227, "_step": 0, "_wandb": {"runtime": 0}}