{"epoch": 69, "acc_train": 0.3313, "train_loss": 1.8846759796142578, "acc_val": 0.3157, "loss_val": 1.9283920526504517, "_timestamp": 1699920697.2195728, "_runtime": 294.82299280166626, "_step": 139, "global_step": 69, "Learning rate": 0.0010000000474974513, "Batch size": 64.0, "Train/Accuracy": 0.3312999904155731, "Train/Loss": 1.8846759796142578, "Val/Accuracy": 0.3156999945640564, "Val/Loss": 1.9283920526504517, "Model/Norm": 16.744274139404297, "_wandb": {"runtime": 293}}