{"epoch": 59, "accuracy": 0.3368, "_timestamp": 1699923184.3080242, "_runtime": 139.02892017364502, "_step": 59, "_wandb": {"runtime": 137}}