{"acc": 0.10004006410256411, "loss": 2.3030441076327595, "_timestamp": 1699274709.337522, "_runtime": 50.114975929260254, "_step": 99, "val_acc": 0.1001, "val_loss": 2.302574038505554, "_wandb": {"runtime": 49}}