{"acc": 0.9586, "acc_val": 0.5123, "_timestamp": 1699296604.7381372, "_runtime": 256.3020691871643, "_step": 100, "_wandb": {"runtime": 255}}