{"gradients/fc4.bias": {"_type": "histogram", "values": [1.0, 0.0, 0.0, 0.0, 0.0, 0.0, 0.0, 0.0, 0.0, 0.0, 0.0, 0.0, 0.0, 0.0, 0.0, 0.0, 0.0, 0.0, 0.0, 0.0, 0.0, 0.0, 0.0, 0.0, 0.0, 1.0, 0.0, 0.0, 1.0, 0.0, 0.0, 1.0, 0.0, 1.0, 0.0, 1.0, 0.0, 0.0, 0.0, 0.0, 0.0, 0.0, 0.0, 0.0, 0.0, 0.0, 0.0, 0.0, 0.0, 0.0, 0.0, 0.0, 0.0, 0.0, 0.0, 0.0, 1.0, 0.0, 0.0, 0.0, 0.0, 1.0, 1.0, 1.0], "bins": [-0.12718988955020905, -0.12399403750896454, -0.12079818546772003, -0.11760234087705612, -0.11440648883581161, -0.11121063679456711, -0.1080147847533226, -0.1048189327120781, -0.10162308812141418, -0.09842723608016968, -0.09523138403892517, -0.09203553199768066, -0.08883967995643616, -0.08564382791519165, -0.08244798332452774, -0.07925213128328323, -0.07605627924203873, -0.07286042720079422, -0.06966457515954971, -0.0664687305688858, -0.0632728785276413, -0.06007702648639679, -0.05688117444515228, -0.053685326129198074, -0.05048947408795357, -0.04729362204670906, -0.04409777373075485, -0.040901921689510345, -0.03770606964826584, -0.03451022133231163, -0.03131436929106712, -0.028118519112467766, -0.024922668933868408, -0.02172681875526905, -0.018530968576669693, -0.015335116535425186, -0.012139266356825829, -0.008943416178226471, -0.005747565068304539, -0.002551714424043894, 0.0006441362202167511, 0.003839986864477396, 0.007035837508738041, 0.010231688618659973, 0.01342753879725933, 0.01662338897585869, 0.019819241017103195, 0.023015091195702553, 0.02621094137430191, 0.029406791552901268, 0.032602641731500626, 0.03579849377274513, 0.03899434208869934, 0.04219019412994385, 0.045386046171188354, 0.04858189448714256, 0.05177774652838707, 0.05497359856963158, 0.058169446885585785, 0.06136529892683029, 0.0645611509680748, 0.0677570030093193, 0.07095284759998322, 0.07414869964122772, 0.07734455168247223]}, "_timestamp": 1699911045.265937, "gradients/fc4.weight": {"_type": "histogram", "values": [1.0, 0.0, 0.0, 0.0, 0.0, 0.0, 0.0, 1.0, 0.0, 0.0, 0.0, 0.0, 0.0, 1.0, 0.0, 1.0, 0.0, 0.0, 0.0, 0.0, 1.0, 1.0, 0.0, 0.0, 0.0, 0.0, 1.0, 0.0, 2.0, 0.0, 0.0, 2.0, 2.0, 2.0, 0.0, 3.0, 9.0, 6.0, 4.0, 11.0, 10.0, 233.0, 268.0, 27.0, 13.0, 12.0, 5.0, 1.0, 6.0, 3.0, 4.0, 1.0, 1.0, 0.0, 1.0, 2.0, 2.0, 0.0, 1.0, 0.0, 0.0, 0.0, 0.0, 2.0], "bins": [-2.4924228191375732, -2.4330523014068604, -2.3736815452575684, -2.3143110275268555, -2.2549402713775635, -2.1955697536468506, -2.1361992359161377, -2.0768284797668457, -2.017457962036133, -1.9580873250961304, -1.898716688156128, -1.8393460512161255, -1.7799755334854126, -1.7206048965454102, -1.6612342596054077, -1.6018636226654053, -1.5424931049346924, -1.48312246799469, -1.4237518310546875, -1.364381194114685, -1.3050105571746826, -1.2456400394439697, -1.1862694025039673, -1.1268987655639648, -1.0675281286239624, -1.00815749168396, -0.9487869143486023, -0.8894163370132446, -0.8300457000732422, -0.7706751227378845, -0.7113044857978821, -0.6519339084625244, -0.592563271522522, -0.5331926345825195, -0.47382205724716187, -0.4144514501094818, -0.35508084297180176, -0.2957102060317993, -0.23633959889411926, -0.1769689917564392, -0.11759838461875916, -0.0582277737557888, 0.001142837107181549, 0.0605134479701519, 0.11988405883312225, 0.1792546659708023, 0.23862528800964355, 0.2979958951473236, 0.35736650228500366, 0.4167371094226837, 0.47610771656036377, 0.5354783535003662, 0.5948489308357239, 0.6542195677757263, 0.713590145111084, 0.7729607820510864, 0.8323314189910889, 0.8917019963264465, 0.951072633266449, 1.0104432106018066, 1.069813847541809, 1.1291844844818115, 1.1885550022125244, 1.2479256391525269, 1.3072962760925293]}, "gradients/fc3.bias": {"_type": "histogram", "values": [1.0, 0.0, 0.0, 0.0, 0.0, 0.0, 0.0, 0.0, 0.0, 0.0, 0.0, 0.0, 0.0, 0.0, 0.0, 0.0, 0.0, 0.0, 0.0, 0.0, 0.0, 0.0, 0.0, 0.0, 0.0, 1.0, 0.0, 0.0, 0.0, 0.0, 0.0, 1.0, 0.0, 0.0, 0.0, 0.0, 1.0, 1.0, 1.0, 0.0, 1.0, 2.0, 0.0, 0.0, 19.0, 22.0, 4.0, 2.0, 0.0, 1.0, 0.0, 2.0, 2.0, 0.0, 1.0, 0.0, 0.0, 0.0, 0.0, 1.0, 0.0, 0.0, 0.0, 1.0], "bins": [-0.04016874358057976, -0.03927670046687126, -0.038384657353162766, -0.03749261423945427, -0.03660057112574577, -0.03570852801203728, -0.03481648489832878, -0.033924441784620285, -0.03303239867091179, -0.03214035555720329, -0.031248314306139946, -0.03035627119243145, -0.029464228078722954, -0.028572184965014458, -0.02768014185130596, -0.026788098737597466, -0.02589605562388897, -0.025004012510180473, -0.024111969396471977, -0.02321992628276348, -0.022327883169054985, -0.02143584005534649, -0.020543796941637993, -0.019651753827929497, -0.01875971257686615, -0.017867669463157654, -0.016975626349449158, -0.01608358323574066, -0.015191540122032166, -0.01429949700832367, -0.013407453894615173, -0.012515410780906677, -0.01162336952984333, -0.010731326416134834, -0.009839283302426338, -0.008947240188717842, -0.008055197075009346, -0.007163154426962137, -0.0062711117789149284, -0.005379068665206432, -0.004487025551497936, -0.00359498243778944, -0.0027029395569115877, -0.0018108965596184134, -0.0009188535623252392, -2.6810565032064915e-05, 0.0008652324322611094, 0.0017572754295542836, 0.002649318426847458, 0.003541361540555954, 0.00443340465426445, 0.005325447302311659, 0.006217490416020155, 0.007109533529728651, 0.00800157617777586, 0.008893619291484356, 0.009785662405192852, 0.010677705518901348, 0.011569748632609844, 0.01246179174631834, 0.013353833928704262, 0.014245877042412758, 0.015137920156121254, 0.01602996326982975, 0.016922006383538246]}, "gradients/fc3.weight": {"_type": "histogram", "values": [1.0, 0.0, 0.0, 0.0, 0.0, 0.0, 0.0, 0.0, 0.0, 0.0, 0.0, 0.0, 0.0, 0.0, 0.0, 0.0, 1.0, 0.0, 0.0, 1.0, 1.0, 0.0, 1.0, 2.0, 1.0, 1.0, 2.0, 0.0, 2.0, 0.0, 3.0, 1.0, 1.0, 1.0, 1.0, 3.0, 3.0, 5.0, 4.0, 8.0, 7.0, 15.0, 29.0, 39.0, 41.0, 105.0, 214.0, 7009.0, 381.0, 135.0, 70.0, 32.0, 24.0, 11.0, 7.0, 7.0, 7.0, 6.0, 4.0, 2.0, 0.0, 0.0, 3.0, 1.0], "bins": [-2.5339765548706055, -2.480768918991089, -2.4275612831115723, -2.3743536472320557, -2.321146011352539, -2.2679386138916016, -2.214730978012085, -2.1615233421325684, -2.1083157062530518, -2.055108070373535, -2.0019004344940186, -1.948692798614502, -1.895485281944275, -1.8422776460647583, -1.7890700101852417, -1.735862374305725, -1.682654857635498, -1.6294472217559814, -1.5762395858764648, -1.5230319499969482, -1.4698243141174316, -1.4166167974472046, -1.363409161567688, -1.3102015256881714, -1.2569938898086548, -1.2037862539291382, -1.1505787372589111, -1.0973711013793945, -1.044163465499878, -0.9909558892250061, -0.9377482533454895, -0.8845406770706177, -0.8313331007957458, -0.7781254649162292, -0.7249178886413574, -0.6717102527618408, -0.618502676486969, -0.5652950406074524, -0.5120874643325806, -0.45887982845306396, -0.40567222237586975, -0.35246461629867554, -0.2992570102214813, -0.24604938924312592, -0.1928417831659317, -0.1396341770887375, -0.08642656356096268, -0.033218953758478165, 0.019988656044006348, 0.07319626212120056, 0.12640386819839478, 0.17961148917675018, 0.2328190952539444, 0.2860267162322998, 0.339234322309494, 0.39244192838668823, 0.44564953446388245, 0.49885714054107666, 0.5520647764205933, 0.6052723526954651, 0.6584799885749817, 0.7116875648498535, 0.7648952007293701, 0.8181027770042419, 0.8713104128837585]}, "gradients/fc2.bias": {"_type": "histogram", "values": [1.0, 1.0, 0.0, 0.0, 2.0, 1.0, 0.0, 2.0, 2.0, 1.0, 1.0, 0.0, 1.0, 2.0, 1.0, 0.0, 3.0, 2.0, 3.0, 5.0, 2.0, 5.0, 4.0, 4.0, 27.0, 10.0, 8.0, 4.0, 4.0, 6.0, 2.0, 3.0, 3.0, 6.0, 2.0, 1.0, 3.0, 1.0, 1.0, 0.0, 1.0, 0.0, 0.0, 0.0, 0.0, 1.0, 0.0, 0.0, 0.0, 1.0, 0.0, 0.0, 0.0, 0.0, 0.0, 0.0, 0.0, 0.0, 0.0, 0.0, 0.0, 0.0, 0.0, 1.0],