{"epoch": 69, "acc_train": 0.0993, "train_loss": 2.3085458278656006, "acc_val": 0.1, "loss_val": 2.3061320781707764, "_timestamp": 1699931963.9600618, "_runtime": 114.44854688644409, "_step": 139, "global_step": 69, "Learning rate": 0.10000000149011612, "Batch size": 128.0, "Train/Accuracy": 0.09929999709129333, "Train/Loss": 2.3085458278656006, "Val/Accuracy": 0.10000000149011612, "Val/Loss": 2.3061320781707764, "Model/Norm": 192.62283325195312, "_wandb": {"runtime": 113}}