{"acc": 0.9514, "acc_val": 0.5201, "_timestamp": 1699290416.0421762, "_runtime": 258.6156961917877, "_step": 87, "_wandb": {"runtime": 258}}