{"acc": 0.2186, "acc_val": 0.2015, "_timestamp": 1699285300.0616784, "_runtime": 256.0690665245056, "_step": 123, "_wandb": {"runtime": 253}}