{"accuracy": 0.09562895569620253, "epoch": 3, "_timestamp": 1699283932.9405713, "_runtime": 0.634789228439331, "_step": 0, "_wandb": {"runtime": 0}}