{"acc": 0.9774, "acc_val": 0.5177, "_timestamp": 1699294164.6550481, "_runtime": 280.7796630859375, "_step": 124, "_wandb": {"runtime": 280}}