{"accuracy": 0.11748417721518987, "epoch": 19, "_timestamp": 1699282748.828455, "_runtime": 0.7001428604125977, "_step": 0, "_wandb": {"runtime": 0}}