{"accuracy": 0.09889240506329114, "epoch": 0, "_timestamp": 1699285226.9648576, "_runtime": 0.7607486248016357, "_step": 0, "_wandb": {"runtime": 0}}