{"epoch": 7, "batch_nr": 1008, "avg_loss": 1.9525882005691528, "_timestamp": 1699895536.1586013, "_runtime": 100.82769632339478, "_step": 9765, "loss": 2.120546579360962, "_wandb": {"runtime": 100}}