{"acc": 0.9659, "acc_val": 0.5251, "_timestamp": 1699291394.223007, "_runtime": 246.37075400352478, "_step": 110, "_wandb": {"runtime": 245}}