{"acc": 0.6404, "acc_val": 0.4999, "_timestamp": 1699285712.7527485, "_runtime": 219.5085093975067, "_step": 107, "_wandb": {"runtime": 218}}