{"epoch": 59, "accuracy": 0.1, "_timestamp": 1699921727.520391, "_runtime": 163.1611180305481, "_step": 59, "_wandb": {"runtime": 161}}