{"gradients/fc4.bias": {"_type": "histogram", "values": [1.0, 0.0, 0.0, 0.0, 1.0, 1.0, 0.0, 0.0, 0.0, 0.0, 1.0, 0.0, 0.0, 1.0, 0.0, 0.0, 1.0, 0.0, 0.0, 0.0, 0.0, 0.0, 0.0, 1.0, 1.0, 0.0, 0.0, 0.0, 0.0, 0.0, 0.0, 0.0, 0.0, 1.0, 0.0, 0.0, 0.0, 0.0, 0.0, 0.0, 0.0, 0.0, 0.0, 0.0, 0.0, 0.0, 0.0, 0.0, 0.0, 0.0, 0.0, 0.0, 0.0, 0.0, 0.0, 0.0, 0.0, 0.0, 0.0, 0.0, 0.0, 0.0, 0.0, 1.0], "bins": [-0.08969511091709137, -0.08514314889907837, -0.08059118688106537, -0.07603922486305237, -0.07148726284503937, -0.06693530827760696, -0.062383346259593964, -0.05783138424158096, -0.05327942222356796, -0.04872746020555496, -0.04417549818754196, -0.03962353989481926, -0.03507157787680626, -0.03051961585879326, -0.025967655703425407, -0.021415695548057556, -0.016863733530044556, -0.01231177244335413, -0.007759811356663704, -0.003207850269973278, 0.0013441108167171478, 0.005896071903407574, 0.010448032990098, 0.014999994076788425, 0.01955195516347885, 0.024103917181491852, 0.028655877336859703, 0.033207837492227554, 0.037759799510240555, 0.042311761528253555, 0.04686371982097626, 0.05141568183898926, 0.05596765875816345, 0.06051962077617645, 0.06507158279418945, 0.06962354481220245, 0.07417550683021545, 0.07872746139764786, 0.08327942341566086, 0.08783138543367386, 0.09238334745168686, 0.09693530946969986, 0.10148727148771286, 0.10603923350572586, 0.11059118807315826, 0.11514315009117126, 0.11969511210918427, 0.12424707412719727, 0.12879903614521027, 0.13335099816322327, 0.13790296018123627, 0.14245492219924927, 0.14700688421726227, 0.15155884623527527, 0.15611080825328827, 0.16066277027130127, 0.16521471738815308, 0.16976667940616608, 0.17431864142417908, 0.17887060344219208, 0.18342256546020508, 0.18797452747821808, 0.19252648949623108, 0.19707845151424408, 0.20163041353225708]}, "_timestamp": 1699910445.5787048, "gradients/fc4.weight": {"_type": "histogram", "values": [2.0, 0.0, 1.0, 0.0, 1.0, 1.0, 1.0, 0.0, 0.0, 1.0, 1.0, 1.0, 0.0, 0.0, 2.0, 2.0, 0.0, 2.0, 2.0, 3.0, 0.0, 2.0, 3.0, 1.0, 3.0, 4.0, 3.0, 8.0, 4.0, 7.0, 5.0, 5.0, 10.0, 8.0, 12.0, 15.0, 32.0, 30.0, 46.0, 67.0, 78.0, 65.0, 38.0, 37.0, 29.0, 26.0, 16.0, 13.0, 13.0, 8.0, 7.0, 5.0, 4.0, 2.0, 4.0, 0.0, 0.0, 3.0, 1.0, 2.0, 2.0, 0.0, 0.0, 2.0], "bins": [-0.6318845748901367, -0.6159738898277283, -0.6000632643699646, -0.5841525793075562, -0.5682418942451477, -0.552331268787384, -0.5364205837249756, -0.5205098986625671, -0.5045992136001587, -0.488688588142395, -0.4727779030799866, -0.4568672478199005, -0.44095659255981445, -0.425045907497406, -0.40913525223731995, -0.3932245671749115, -0.37731391191482544, -0.3614032566547394, -0.34549257159233093, -0.3295819163322449, -0.3136712312698364, -0.29776057600975037, -0.2818499207496643, -0.26593923568725586, -0.2500285804271698, -0.23411791026592255, -0.2182072401046753, -0.20229658484458923, -0.18638591468334198, -0.17047524452209473, -0.15456458926200867, -0.1386539191007614, -0.12274321913719177, -0.10683254897594452, -0.09092188626527786, -0.0750112235546112, -0.05910055339336395, -0.043189886957407, -0.027279220521450043, -0.011368554085493088, 0.004542112350463867, 0.020452778786420822, 0.03636344522237778, 0.05227411165833473, 0.06818477809429169, 0.08409544825553894, 0.1000061109662056, 0.11591677367687225, 0.1318274438381195, 0.14773811399936676, 0.163648784160614, 0.17955943942070007, 0.19547010958194733, 0.21138077974319458, 0.22729143500328064, 0.2432021051645279, 0.25911277532577515, 0.2750234305858612, 0.29093411564826965, 0.3068447709083557, 0.32275545597076416, 0.3386661112308502, 0.3545767664909363, 0.3704874515533447, 0.3863981068134308]}, "gradients/fc3.bias": {"_type": "histogram", "values": [1.0, 0.0, 1.0, 0.0, 0.0, 0.0, 0.0, 1.0, 1.0, 1.0, 0.0, 0.0, 0.0, 1.0, 0.0, 0.0, 2.0, 0.0, 2.0, 1.0, 2.0, 0.0, 0.0, 1.0, 1.0, 0.0, 2.0, 3.0, 4.0, 2.0, 1.0, 4.0, 1.0, 3.0, 1.0, 4.0, 6.0, 3.0, 2.0, 0.0, 1.0, 0.0, 0.0, 1.0, 2.0, 2.0, 1.0, 1.0, 1.0, 0.0, 0.0, 1.0, 0.0, 0.0, 1.0, 0.0, 0.0, 1.0, 0.0, 0.0, 0.0, 0.0, 0.0, 1.0], "bins": [-0.000504262454342097, -0.0004882171342615038, -0.00047217178507708013, -0.0004561264649964869, -0.0004400811158120632, -0.00042403579573147, -0.00040799047565087676, -0.0003919451264664531, -0.00037589980638585985, -0.0003598544863052666, -0.00034380913712084293, -0.0003277638170402497, -0.0003117184969596565, -0.0002956731477752328, -0.00027962782769463956, -0.0002635824785102159, -0.00024753715842962265, -0.0002314918237971142, -0.00021544648916460574, -0.0001994011690840125, -0.00018335583445150405, -0.0001673104998189956, -0.00015126517973840237, -0.0001352198451058939, -0.00011917451047338545, -0.000103129175840877, -8.708384848432615e-05, -7.103852112777531e-05, -5.4993186495266855e-05, -3.8947855500737205e-05, -2.2902524506207556e-05, -6.857193511677906e-06, 9.188195690512657e-06, 2.5233526685042307e-05, 4.1278857679571956e-05, 5.7324188674101606e-05, 7.336951966863126e-05, 8.941485430113971e-05, 0.00010546018165769055, 0.0001215055090142414, 0.00013755084364674985, 0.0001535961782792583, 0.00016964151291176677, 0.00018568683299236, 0.00020173216762486845, 0.0002177775022573769, 0.00023382282233797014, 0.0002498681715223938, 0.00026591349160298705, 0.0002819588116835803, 0.00029800416086800396, 0.0003140494809485972, 0.0003300948301330209, 0.0003461401502136141, 0.00036218547029420733, 0.000378230819478631, 0.00039427613955922425, 0.0004103214596398175, 0.00042636680882424116, 0.0004424121289048344, 0.0004584574489854276, 0.0004745027981698513, 0.000490548147354275, 0.0005065934383310378, 0.0005226387875154614]}, "gradients/fc3.weight": {"_type": "histogram", "values": [1.0, 0.0, 0.0, 1.0, 0.0, 0.0, 0.0, 1.0, 0.0, 2.0, 0.0, 0.0, 1.0, 1.0, 1.0, 3.0, 2.0, 3.0, 2.0, 2.0, 8.0, 6.0, 6.0, 8.0, 13.0, 12.0, 13.0, 22.0, 33.0, 66.0, 370.0, 5537.0, 1741.0, 143.0, 47.0, 27.0, 22.0, 19.0, 13.0, 14.0, 10.0, 5.0, 5.0, 5.0, 3.0, 3.0, 1.0, 3.0, 3.0, 1.0, 0.0, 1.0, 2.0, 1.0, 1.0, 2.0, 0.0, 2.0, 1.0, 1.0, 1.0, 0.0, 0.0, 1.0], "bins": [-0.20612391829490662, -0.19964708387851715, -0.19317026436328888, -0.18669342994689941, -0.18021661043167114, -0.17373977601528168, -0.1672629565000534, -0.16078612208366394, -0.15430930256843567, -0.1478324681520462, -0.14135563373565674, -0.13487881422042847, -0.128401979804039, -0.12192515283823013, -0.11544832587242126, -0.1089714989066124, -0.10249467194080353, -0.09601784497499466, -0.08954101800918579, -0.08306419104337692, -0.07658736407756805, -0.07011052966117859, -0.06363370269536972, -0.05715687572956085, -0.050680048763751984, -0.044203221797943115, -0.03772639483213425, -0.03124956414103508, -0.02477273717522621, -0.018295910209417343, -0.011819081380963326, -0.0053422534838318825, 0.0011345595121383667, 0.00761138740926981, 0.014088215306401253, 0.02056504413485527, 0.02704187110066414, 0.03351869806647301, 0.039995528757572174, 0.04647235572338104, 0.05294918268918991, 0.05942600965499878, 0.06590283662080765, 0.07237966358661652, 0.07885649800300598, 0.08533332496881485, 0.09181015193462372, 0.09828697890043259, 0.10476380586624146, 0.11124063283205032, 0.11771745979785919, 0.12419428676366806, 0.13067111372947693, 0.1371479481458664, 0.14362476766109467, 0.15010160207748413, 0.1565784215927124, 0.16305525600910187, 0.16953209042549133, 0.1760089099407196, 0.18248574435710907, 0.18896256387233734, 0.1954393982887268, 0.20191621780395508, 0.20839305222034454]}, "gradients/fc2.bias": {"_type": "histogram", "values": [1.0, 0.0, 0.0, 0.0, 0.0, 0.0, 0.0, 0.0, 0.0, 0.0, 2.0, 1.0, 0.0, 1.0, 0.0, 2.0, 0.0, 0.0, 111.0, 1.0, 0.0, 1.0, 0.0, 0.0, 1.0, 0.0, 0.0, 2.0, 0.0, 0.0, 1.0, 1.0, 1.0, 0.0, 0.0, 0.0, 0.0, 1.0, 0.0, 0.0, 0.0, 0.0, 0.0, 0.0, 0.0, 0.0, 0.0, 0.0, 0.0, 0.0, 0.0, 0.0, 0.0, 0.0, 0.0, 0.0, 0.0, 0.0, 0.0, 0.0, 0.0, 0.0, 0.0, 1.0],