{"accuracy": 0.10245253164556962, "epoch": 10, "_timestamp": 1699282693.0591145, "_runtime": 0.8317434787750244, "_step": 0, "_wandb": {"runtime": 0}}