{"accuracy": 0.1350870253164557, "epoch": 1, "_timestamp": 1699284428.3586502, "_runtime": 0.7368803024291992, "_step": 0, "_wandb": {"runtime": 0}}