{"epoch": 49, "accuracy": 0.4181, "_timestamp": 1699912195.054206, "_runtime": 188.03256797790527, "_step": 49, "_wandb": {"runtime": 186}}