{"epoch": 70, "accuracy": 0.3732, "_timestamp": 1699914638.4275994, "_runtime": 438.0890443325043, "_step": 70, "_wandb": {"runtime": 439}}