{"accuracy": 0.1606012658227848, "epoch": 3, "_timestamp": 1699283009.7662923, "_runtime": 0.658306360244751, "_step": 0, "_wandb": {"runtime": 0}}