{"accuracy": 0.17869857594936708, "epoch": 0, "_timestamp": 1699283418.1648765, "_runtime": 0.6867773532867432, "_step": 0, "_wandb": {"runtime": 0}}