{"accuracy": 0.2643393987341772, "epoch": 4, "_timestamp": 1699284371.754027, "_runtime": 1.5582869052886963, "_step": 0, "_wandb": {"runtime": 0}}