{"accuracy": 0.2902492088607595, "epoch": 4, "_timestamp": 1699284268.7550986, "_runtime": 0.6905126571655273, "_step": 0, "_wandb": {"runtime": 0}}