{"batch loss": 2.234687328338623, "_timestamp": 1699296268.711123, "_runtime": 218.38817191123962, "_step": 4688, "loss": 0.06600750947702633, "epoch": 2, "_wandb": {"runtime": 217}}