{"accuracy": 0.14655854430379747, "epoch": 0, "_timestamp": 1699286060.3892617, "_runtime": 0.7218046188354492, "_step": 0, "_wandb": {"runtime": 0}}