{"epoch": 59, "accuracy": 0.3892, "_timestamp": 1699922196.655761, "_runtime": 102.52319312095642, "_step": 59, "_wandb": {"runtime": 99}}