{"epoch": 29, "acc_train": 0.1702, "train_loss": 2.2101213932037354, "acc_val": 0.176, "loss_val": 2.220069169998169, "_timestamp": 1699930867.4177558, "_runtime": 144.9791157245636, "_step": 59, "global_step": 29, "Learning rate": 0.10000000149011612, "Batch size": 64.0, "Train/Accuracy": 0.17020000517368317, "Val/Accuracy": 0.17599999904632568, "Train/Loss": 2.2101213932037354, "Val/Loss": 2.220069169998169, "Model/Norm": 31.23697280883789, "_wandb": {"runtime": 143}}