{"epoch": 29, "acc_train": 0.3502, "train_loss": 1.8210557699203491, "acc_val": 0.2962, "loss_val": 1.9985986948013306, "_timestamp": 1699931199.4874897, "_runtime": 50.420005798339844, "_step": 59, "global_step": 29, "Learning rate": 0.10000000149011612, "Batch size": 256.0, "Train/Accuracy": 0.35019999742507935, "Train/Loss": 1.8210557699203491, "Val/Accuracy": 0.2962000072002411, "Val/Loss": 1.9985986948013306, "Model/Norm": 41.13111877441406, "_wandb": {"runtime": 49}}