{"accuracy": 0.15486550632911392, "epoch": 3, "_timestamp": 1699285083.3111045, "_runtime": 0.6892814636230469, "_step": 0, "_wandb": {"runtime": 0}}