{"epoch": 59, "accuracy": 0.1, "_timestamp": 1699920173.3382254, "_runtime": 169.97040247917175, "_step": 59, "_wandb": {"runtime": 168}}