{"batch loss": 2.3030855655670166, "_timestamp": 1699296041.0916178, "_runtime": 208.44228887557983, "_step": 2345, "loss": 0.035977714374260776, "epoch": 2, "_wandb": {"runtime": 207}}