{"acc": 0.2525, "acc_val": 0.2772, "_timestamp": 1699289069.5186613, "_runtime": 246.5081102848053, "_step": 97, "_wandb": {"runtime": 245}}