{"epoch": 29, "acc_train": 0.3693, "train_loss": 1.7838404178619385, "acc_val": 0.3292, "loss_val": 1.888467788696289, "_timestamp": 1699926185.3688262, "_runtime": 65.87120413780212, "_step": 59, "global_step": 29, "Learning rate": 0.004999999888241291, "Batch size": 128.0, "Train/Accuracy": 0.3693000078201294, "Train/Loss": 1.7838404178619385, "Val/Accuracy": 0.32919999957084656, "Val/Loss": 1.888467788696289, "Model/Norm": 20.76381492614746, "_wandb": {"runtime": 64}}