{"acc": 0.4757, "acc_val": 0.4428, "_timestamp": 1699292947.095087, "_runtime": 324.3835520744324, "_step": 115, "_wandb": {"runtime": 323}}