{"epoch": 49, "acc_train": 0.2773, "train_loss": 2.047389268875122, "acc_val": 0.2691, "loss_val": 2.0670106410980225, "_timestamp": 1699933320.8051803, "_runtime": 63.3073353767395, "_step": 99, "global_step": 49, "Learning rate": 0.0010000000474974513, "Batch size": 256.0, "Train/Accuracy": 0.27730000019073486, "Train/Loss": 2.047389268875122, "Val/Accuracy": 0.26910001039505005, "Val/Loss": 2.0670106410980225, "Model/Norm": 10.273324012756348, "_wandb": {"runtime": 62}}