{"acc": 0.9672, "acc_val": 0.5059, "_timestamp": 1699285480.685298, "_runtime": 167.85740494728088, "_step": 97, "_wandb": {"runtime": 167}}