{"epoch": 29, "acc_train": 0.1986, "train_loss": 2.1454198360443115, "acc_val": 0.1911, "loss_val": 2.1689770221710205, "_timestamp": 1699919492.549189, "_runtime": 96.14606308937073, "_step": 59, "global_step": 29, "Learning rate": 0.10000000149011612, "Batch size": 64.0, "Train/Accuracy": 0.19859999418258667, "Train/Loss": 2.1454198360443115, "Val/Accuracy": 0.19110000133514404, "Val/Loss": 2.1689770221710205, "Model/Norm": 38.223289489746094, "_wandb": {"runtime": 95}}