{"gradients/fc4.bias": {"_type": "histogram", "values": [1.0, 1.0, 1.0, 0.0, 1.0, 0.0, 0.0, 0.0, 0.0, 0.0, 3.0, 1.0, 0.0, 0.0, 0.0, 0.0, 0.0, 0.0, 1.0, 0.0, 0.0, 0.0, 0.0, 0.0, 0.0, 0.0, 0.0, 0.0, 0.0, 0.0, 0.0, 0.0, 0.0, 0.0, 0.0, 0.0, 0.0, 0.0, 0.0, 0.0, 0.0, 0.0, 0.0, 0.0, 0.0, 0.0, 0.0, 0.0, 0.0, 0.0, 0.0, 0.0, 0.0, 0.0, 0.0, 0.0, 0.0, 0.0, 0.0, 0.0, 0.0, 0.0, 0.0, 1.0], "bins": [-0.13173401355743408, -0.12187027931213379, -0.11200655251741409, -0.1021428257226944, -0.0922790914773941, -0.08241535723209381, -0.07255163043737411, -0.06268790364265442, -0.052824169397354126, -0.04296043887734413, -0.03309670835733414, -0.023232977837324142, -0.013369247317314148, -0.0035055167973041534, 0.006358213722705841, 0.016221944242715836, 0.02608567476272583, 0.035949405282735825, 0.04581313580274582, 0.055676866322755814, 0.06554059684276581, 0.0754043310880661, 0.0852680578827858, 0.0951317846775055, 0.10499551892280579, 0.11485925316810608, 0.12472297996282578, 0.13458670675754547, 0.14445044100284576, 0.15431417524814606, 0.16417789459228516, 0.17404162883758545, 0.18390539288520813, 0.19376912713050842, 0.20363286137580872, 0.21349658071994781, 0.2233603149652481, 0.2332240492105484, 0.2430877685546875, 0.2529515027999878, 0.2628152370452881, 0.2726789712905884, 0.28254270553588867, 0.29240643978118896, 0.30227017402648926, 0.31213387846946716, 0.32199761271476746, 0.33186134696006775, 0.34172508120536804, 0.35158881545066833, 0.36145254969596863, 0.3713162839412689, 0.3811799883842468, 0.3910437226295471, 0.4009074568748474, 0.4107711911201477, 0.420634925365448, 0.4304986596107483, 0.4403623938560486, 0.4502261281013489, 0.46008986234664917, 0.4699535667896271, 0.47981730103492737, 0.48968103528022766, 0.49954476952552795]}, "_timestamp": 1699911222.4273617, "gradients/fc4.weight": {"_type": "histogram", "values": [1.0, 0.0, 0.0, 0.0, 0.0, 2.0, 0.0, 2.0, 4.0, 8.0, 11.0, 4.0, 12.0, 10.0, 8.0, 16.0, 224.0, 261.0, 54.0, 18.0, 3.0, 1.0, 0.0, 0.0, 0.0, 0.0, 0.0, 0.0, 0.0, 0.0, 0.0, 0.0, 0.0, 0.0, 0.0, 0.0, 0.0, 0.0, 0.0, 0.0, 0.0, 0.0, 0.0, 0.0, 0.0, 0.0, 0.0, 0.0, 0.0, 0.0, 0.0, 0.0, 0.0, 0.0, 0.0, 0.0, 0.0, 0.0, 0.0, 0.0, 0.0, 0.0, 0.0, 1.0], "bins": [-2.5733461380004883, -2.4196994304656982, -2.266052722930908, -2.112406015396118, -1.9587594270706177, -1.8051127195358276, -1.6514661312103271, -1.497819423675537, -1.344172716140747, -1.190526008605957, -1.036879301071167, -0.8832327127456665, -0.7295860052108765, -0.5759392976760864, -0.42229264974594116, -0.2686459720134735, -0.11499929428100586, 0.03864738345146179, 0.19229406118392944, 0.3459407389163971, 0.49958741664886475, 0.6532341241836548, 0.8068807721138, 0.9605274200439453, 1.1141741275787354, 1.2678208351135254, 1.4214675426483154, 1.575114130973816, 1.728760838508606, 1.882407546043396, 2.0360541343688965, 2.1897008419036865, 2.3433475494384766, 2.4969942569732666, 2.6506409645080566, 2.8042876720428467, 2.9579343795776367, 3.1115808486938477, 3.2652275562286377, 3.4188742637634277, 3.5725209712982178, 3.726167678833008, 3.879814386367798, 4.033461093902588, 4.187107563018799, 4.340754508972168, 4.494400978088379, 4.648047924041748, 4.801694393157959, 4.95534086227417, 5.108987808227539, 5.26263427734375, 5.416281223297119, 5.56992769241333, 5.723574638366699, 5.87722110748291, 6.030867576599121, 6.18451452255249, 6.338160991668701, 6.49180793762207, 6.645454406738281, 6.79910135269165, 6.952747821807861, 7.1063947677612305, 7.260041236877441]}, "gradients/fc3.bias": {"_type": "histogram", "values": [41.0, 21.0, 0.0, 1.0, 0.0, 0.0, 0.0, 0.0, 0.0, 0.0, 0.0, 0.0, 0.0, 0.0, 0.0, 0.0, 0.0, 0.0, 0.0, 0.0, 0.0, 0.0, 0.0, 0.0, 0.0, 0.0, 0.0, 0.0, 0.0, 0.0, 0.0, 0.0, 0.0, 0.0, 0.0, 0.0, 0.0, 0.0, 0.0, 0.0, 0.0, 0.0, 0.0, 0.0, 0.0, 0.0, 0.0, 0.0, 0.0, 0.0, 0.0, 0.0, 0.0, 0.0, 0.0, 0.0, 0.0, 0.0, 0.0, 0.0, 0.0, 0.0, 0.0, 1.0], "bins": [-0.0005650222301483154, 2.222642069682479e-05, 0.000609475071541965, 0.0011967236641794443, 0.0017839723732322454, 0.0023712210822850466, 0.002958469558507204, 0.003545718267560005, 0.004132966976612806, 0.0047202156856656075, 0.005307464394718409, 0.00589471310377121, 0.0064819613471627235, 0.007069210056215525, 0.007656458765268326, 0.008243707939982414, 0.008830956183373928, 0.009418204426765442, 0.01000545360147953, 0.010592701844871044, 0.011179951019585133, 0.011767199262976646, 0.012354448437690735, 0.012941696681082249, 0.013528944924473763, 0.014116194099187851, 0.014703442342579365, 0.015290691517293453, 0.015877939760684967, 0.016465188935399055, 0.017052438110113144, 0.017639685422182083, 0.01822693459689617, 0.01881418377161026, 0.0194014310836792, 0.019988680258393288, 0.020575929433107376, 0.021163178607821465, 0.021750425919890404, 0.022337675094604492, 0.02292492426931858, 0.02351217158138752, 0.02409942075610161, 0.024686669930815697, 0.025273919105529785, 0.025861166417598724, 0.026448415592312813, 0.0270356647670269, 0.02762291207909584, 0.02821016125380993, 0.028797410428524017, 0.029384659603238106, 0.029971906915307045, 0.030559156090021133, 0.031146405264735222, 0.03173365443944931, 0.03232090175151825, 0.03290814906358719, 0.033495400100946426, 0.034082647413015366, 0.0346698984503746, 0.03525714576244354, 0.03584439307451248, 0.03643164411187172, 0.03701889142394066]}, "gradients/fc3.weight": {"_type": "histogram", "values": [1.0, 0.0, 0.0, 0.0, 0.0, 0.0, 0.0, 0.0, 0.0, 0.0, 0.0, 0.0, 1.0, 0.0, 0.0, 0.0, 0.0, 0.0, 0.0, 0.0, 0.0, 0.0, 0.0, 0.0, 0.0, 0.0, 0.0, 0.0, 0.0, 0.0, 0.0, 0.0, 0.0, 0.0, 0.0, 0.0, 0.0, 0.0, 0.0, 0.0, 0.0, 0.0, 0.0, 0.0, 0.0, 0.0, 0.0, 0.0, 0.0, 0.0, 0.0, 0.0, 1.0, 0.0, 0.0, 0.0, 0.0, 1.0, 0.0, 0.0, 29.0, 73.0, 157.0, 7929.0], "bins": [-28.168933868408203, -27.722206115722656, -27.275476455688477, -26.82874870300293, -26.38201904296875, -25.935291290283203, -25.488561630249023, -25.041833877563477, -24.595104217529297, -24.14837646484375, -23.70164680480957, -23.254919052124023, -22.808189392089844, -22.361461639404297, -21.914731979370117, -21.46800422668457, -21.02127456665039, -20.574546813964844, -20.127819061279297, -19.681089401245117, -19.23436164855957, -18.78763198852539, -18.340904235839844, -17.894174575805664, -17.447446823120117, -17.000717163085938, -16.55398941040039, -16.10725975036621, -15.660531997680664, -15.2138032913208, -14.767074584960938, -14.320345878601074, -13.873616218566895, -13.426887512207031, -12.980158805847168, -12.533430099487305, -12.086701393127441, -11.639972686767578, -11.193244934082031, -10.746516227722168, -10.299787521362305, -9.853058815002441, -9.406330108642578, -8.959601402282715, -8.512872695922852, -8.066143989562988, -7.619415283203125, -7.172686576843262, -6.725957870483398, -6.279229164123535, -5.832500457763672, -5.385772228240967, -4.9390435218811035, -4.49231481552124, -4.045586109161377, -3.5988574028015137, -3.1521286964416504, -2.705400228500366, -2.258671522140503, -1.8119428157806396, -1.365214228630066, -0.9184855818748474, -0.4717569351196289, -0.0250282883644104, 0.4217003583908081]}, "gradients/fc2.bias": {"_type": "histogram", "values": [1.0, 1.0, 1.0, 0.0, 0.0, 0.0, 3.0, 1.0, 1.0, 1.0, 0.0, 3.0, 0.0, 4.0, 1.0, 2.0, 1.0, 2.0, 0.0, 2.0, 3.0, 1.0, 1.0, 4.0, 3.0, 3.0, 3.0, 4.0, 3.0, 3.0, 2.0, 2.0, 5.0, 2.0, 4.0, 5.0, 7.0, 2.0, 4.0, 4.0, 3.0, 4.0, 7.0, 2.0, 1.0, 2.0, 1.0, 1.0, 3.0, 2.0, 3.0, 1.0, 1.0, 1.0, 0.0, 0.0, 1.0, 2.0, 0.0, 0.0, 1.0, 1.0, 1.0, 1.0],