{"Val Accuracy/Epoch": 0.4084, "Val Loss/Epoch": 33.46940612792969, "_timestamp": 1699910960.639818, "_runtime": 14.494590997695923, "_step": 49, "gradients/graph_10fc3.bias": {"_type": "histogram", "values": [1.0, 0.0, 1.0, 0.0, 0.0, 0.0, 0.0, 0.0, 0.0, 0.0, 0.0, 0.0, 0.0, 0.0, 0.0, 0.0, 0.0, 0.0, 0.0, 0.0, 0.0, 0.0, 1.0, 0.0, 1.0, 0.0, 0.0, 0.0, 0.0, 1.0, 0.0, 0.0, 1.0, 0.0, 1.0, 0.0, 0.0, 0.0, 0.0, 0.0, 0.0, 0.0, 0.0, 0.0, 0.0, 0.0, 0.0, 1.0, 0.0, 0.0, 0.0, 0.0, 0.0, 0.0, 0.0, 0.0, 0.0, 0.0, 0.0, 0.0, 0.0, 0.0, 1.0, 1.0], "bins": [-0.020200693979859352, -0.01956602744758129, -0.01893136277794838, -0.01829669624567032, -0.017662029713392258, -0.017027363181114197, -0.016392698511481285, -0.015758031979203224, -0.015123366378247738, -0.014488700777292252, -0.01385403424501419, -0.013219368644058704, -0.012584703043103218, -0.011950036510825157, -0.011315370909869671, -0.01068070437759161, -0.010046038776636124, -0.009411373175680637, -0.008776706643402576, -0.00814204104244709, -0.007507374510169029, -0.006872708909213543, -0.006238043308258057, -0.005603376775979996, -0.004968711175024509, -0.004334045574069023, -0.0036993790417909622, -0.0030647125095129013, -0.0024300478398799896, -0.0017953813076019287, -0.0011607147753238678, -0.0005260501056909561, 0.00010861828923225403, 0.0007432848215103149, 0.0013779494911432266, 0.0020126160234212875, 0.0026472825556993484, 0.00328194722533226, 0.003916613757610321, 0.004551280289888382, 0.005185945890843868, 0.0058206114917993546, 0.0064552780240774155, 0.007089943625032902, 0.007724609225988388, 0.008359275758266449, 0.008993941359221935, 0.009628607891499996, 0.010263273492455482, 0.010897939093410969, 0.01153260562568903, 0.012167271226644516, 0.012801937758922577, 0.013436603359878063, 0.01407126896083355, 0.01470593549311161, 0.015340601094067097, 0.015975266695022583, 0.016609933227300644, 0.017244599759578705, 0.017879264429211617, 0.018513930961489677, 0.01914859749376774, 0.01978326216340065, 0.02041792869567871]}, "gradients/graph_10fc3.weight": {"_type": "histogram", "values": [1.0, 1.0, 1.0, 1.0, 1.0, 1.0, 0.0, 3.0, 2.0, 1.0, 2.0, 2.0, 4.0, 2.0, 2.0, 4.0, 5.0, 9.0, 7.0, 14.0, 7.0, 15.0, 11.0, 21.0, 17.0, 21.0, 22.0, 34.0, 193.0, 42.0, 29.0, 23.0, 27.0, 22.0, 15.0, 11.0, 12.0, 8.0, 8.0, 7.0, 5.0, 3.0, 1.0, 4.0, 4.0, 1.0, 1.0, 3.0, 0.0, 3.0, 2.0, 2.0, 1.0, 1.0, 0.0, 0.0, 0.0, 0.0, 0.0, 0.0, 0.0, 0.0, 0.0, 1.0], "bins": [-0.07300954312086105, -0.07045238465070724, -0.06789521872997284, -0.06533806025981903, -0.06278090178966522, -0.06022373586893082, -0.05766657739877701, -0.0551094152033329, -0.052552253007888794, -0.04999509081244469, -0.04743792861700058, -0.04488077014684677, -0.042323607951402664, -0.03976644575595856, -0.03720928728580475, -0.03465212509036064, -0.032094962894916534, -0.029537800699472427, -0.02698063850402832, -0.02442348003387451, -0.021866317838430405, -0.019309155642986298, -0.01675199717283249, -0.014194834977388382, -0.011637672781944275, -0.009080514311790466, -0.006523348391056061, -0.003966189920902252, -0.0014090314507484436, 0.001148134469985962, 0.0037052929401397705, 0.006262458860874176, 0.008819617331027985, 0.011376775801181793, 0.013933941721916199, 0.016491100192070007, 0.019048266112804413, 0.02160542458295822, 0.02416258305311203, 0.026719748973846436, 0.029276907444000244, 0.03183406963944435, 0.03439123183488846, 0.03694839030504227, 0.039505552500486374, 0.04206271469593048, 0.04461987316608429, 0.0471770353615284, 0.049734197556972504, 0.05229135975241661, 0.05484852194786072, 0.057405680418014526, 0.05996284261345863, 0.06252000480890274, 0.06507716327905655, 0.06763432919979095, 0.07019148766994476, 0.07274864614009857, 0.07530581206083298, 0.07786297053098679, 0.08042013645172119, 0.082977294921875, 0.08553445339202881, 0.08809161931276321, 0.09064877778291702]}, "gradients/graph_10fc2.bias": {"_type": "histogram", "values": [1.0, 0.0, 0.0, 0.0, 1.0, 0.0, 0.0, 0.0, 0.0, 0.0, 0.0, 1.0, 0.0, 0.0, 0.0, 0.0, 1.0, 1.0, 1.0, 3.0, 1.0, 4.0, 1.0, 0.0, 4.0, 3.0, 2.0, 15.0, 5.0, 2.0, 2.0, 0.0, 1.0, 2.0, 1.0, 3.0, 0.0, 0.0, 2.0, 2.0, 0.0, 1.0, 0.0, 1.0, 1.0, 0.0, 0.0, 0.0, 1.0, 0.0, 0.0, 0.0, 0.0, 0.0, 0.0, 0.0, 0.0, 0.0, 0.0, 0.0, 0.0, 0.0, 0.0, 1.0], "bins": [-0.014772199094295502, -0.014234151691198349, -0.013696103356778622, -0.013158055953681469, -0.012620007619261742, -0.012081960216164589, -0.011543912813067436, -0.011005864478647709, -0.010467816144227982, -0.009929768741130829, -0.009391721338033676, -0.008853673003613949, -0.008315625600516796, -0.007777577731758356, -0.007239529862999916, -0.006701481528580189, -0.006163434125483036, -0.005625386722385883, -0.005087338387966156, -0.004549290984869003, -0.004011242650449276, -0.0034731952473521233, -0.002935146912932396, -0.0023970995098352432, -0.0018590521067380905, -0.0013210037723183632, -0.0007829563692212105, -0.00024490803480148315, 0.00029313936829566956, 0.0008311877027153969, 0.0013692360371351242, 0.001907283440232277, 0.0024453308433294296, 0.0029833782464265823, 0.003521425649523735, 0.004059473983943462, 0.00459752231836319, 0.005135569721460342, 0.00567361805588007, 0.0062116654589772224, 0.00674971379339695, 0.0072877611964941025, 0.007825808599591255, 0.008363856934010983, 0.008901904337108135, 0.009439952671527863, 0.009978000074625015, 0.010516048409044743, 0.011054095812141895, 0.011592143215239048, 0.012130191549658775, 0.012668238952755928, 0.013206287287175655, 0.013744334690272808, 0.014282383024692535, 0.014820430427789688, 0.01535847783088684, 0.015896525233983994, 0.016434574499726295, 0.016972621902823448, 0.0175106693059206, 0.018048716709017754, 0.018586765974760056, 0.019124813377857208, 0.01966286078095436]}, "gradients/graph_10fc2.weight": {"_type": "histogram", "values": [1.0, 1.0, 1.0, 0.0, 0.0, 0.0, 1.0, 0.0, 1.0, 1.0, 0.0, 1.0, 2.0, 2.0, 6.0, 4.0, 1.0, 8.0, 9.0, 8.0, 11.0, 15.0, 31.0, 31.0, 50.0, 78.0, 81.0, 158.0, 236.0, 415.0, 5910.0, 361.0, 230.0, 146.0, 109.0, 63.0, 44.0, 41.0, 24.0, 19.0, 11.0, 21.0, 17.0, 6.0, 6.0, 4.0, 3.0, 2.0, 6.0, 3.0, 1.0, 2.0, 1.0, 4.0, 0.0, 1.0, 1.0, 0.0, 0.0, 0.0, 0.0, 1.0, 1.0, 1.0], "bins": [-0.09437432885169983, -0.09127143770456314, -0.08816854655742645, -0.08506565541028976, -0.08196276426315308, -0.07885988056659698, -0.0757569894194603, -0.07265409827232361, -0.06955120712518692, -0.06644831597805023, -0.06334542483091354, -0.060242537409067154, -0.057139646261930466, -0.05403675511479378, -0.05093386769294739, -0.0478309765458107, -0.04472808539867401, -0.04162519425153732, -0.038522303104400635, -0.035419415682554245, -0.03231652453541756, -0.029213637113571167, -0.02611074596643448, -0.02300785481929779, -0.019904963672161102, -0.016802072525024414, -0.013699181377887726, -0.010596290230751038, -0.007493406534194946, -0.004390515387058258, -0.0012876242399215698, 0.0018152669072151184, 0.00491815060377121, 0.008021041750907898, 0.011123932898044586, 0.014226824045181274, 0.017329715192317963, 0.020432598888874054, 0.023535490036010742, 0.02663838118314743, 0.02974127233028412, 0.03284416347742081, 0.035947054624557495, 0.03904994577169418, 0.04215283319354057, 0.04525572434067726, 0.04835861176252365, 0.05146150290966034, 0.05456439405679703, 0.057667285203933716, 0.060770176351070404, 0.06387306749820709, 0.06697595119476318, 0.07007884979248047, 0.07318173348903656, 0.07628462463617325, 0.07938751578330994, 0.08249040693044662, 0.08559329807758331, 0.08869618922472, 0.09179908037185669, 0.09490196406841278, 0.09800485521554947, 0.10110774636268616, 0.10421063750982285]}, "gradients/graph_10fc1.bias": {"_type": "histogram", "values": [1.0, 0.0, 0.0, 0.0, 0.0, 0.0, 0.0, 0.0, 1.0, 0.0, 0.0, 1.0, 0.0, 0.0, 0.0, 0.0, 0.0, 1.0, 3.0, 1.0, 0.0, 0.0, 0.0, 3.0, 1.0, 0.0, 2.0, 2.0, 0.0, 1.0, 3.0, 4.0, 2.0, 0.0, 3.0, 68.0, 5.0, 2.0, 3.0, 0.0, 1.0, 1.0, 0.0, 3.0, 1.0, 2.0, 1.0, 1.0, 0.0, 1.0, 0.0, 1.0, 2.0, 0.0, 1.0, 1.0, 2.0, 0.0, 1.0, 1.0, 0.0, 0.0, 0.0, 1.0],