{"Val Accuracy/Epoch": 0.4372, "Val Loss/Epoch": 32.159847259521484, "_timestamp": 1699910861.72328, "_runtime": 16.87505006790161, "_step": 49, "gradients/graph_5fc3.bias": {"_type": "histogram", "values": [1.0, 1.0, 0.0, 0.0, 0.0, 0.0, 0.0, 0.0, 0.0, 0.0, 1.0, 0.0, 0.0, 0.0, 0.0, 0.0, 0.0, 0.0, 0.0, 1.0, 0.0, 0.0, 0.0, 0.0, 0.0, 0.0, 0.0, 1.0, 0.0, 0.0, 0.0, 0.0, 0.0, 1.0, 0.0, 2.0, 0.0, 1.0, 0.0, 0.0, 0.0, 0.0, 0.0, 0.0, 0.0, 0.0, 0.0, 0.0, 0.0, 0.0, 0.0, 0.0, 0.0, 0.0, 0.0, 0.0, 0.0, 0.0, 0.0, 0.0, 0.0, 0.0, 0.0, 1.0], "bins": [-0.026292545720934868, -0.02529977448284626, -0.024307003244757652, -0.023314233869314194, -0.022321462631225586, -0.021328691393136978, -0.02033592015504837, -0.019343148916959763, -0.018350377678871155, -0.017357606440782547, -0.01636483706533909, -0.01537206582725048, -0.014379294589161873, -0.01338652428239584, -0.012393753044307232, -0.011400982737541199, -0.010408211499452591, -0.009415440261363983, -0.008422669023275375, -0.007429899647831917, -0.006437128409743309, -0.005444357171654701, -0.0044515859335660934, -0.0034588146954774857, -0.002466043457388878, -0.0014732740819454193, -0.0004805028438568115, 0.0005122683942317963, 0.001505039632320404, 0.002497810870409012, 0.0034905802458524704, 0.004483351483941078, 0.005476120859384537, 0.0064688920974731445, 0.007461663335561752, 0.008454432711005211, 0.009447203949093819, 0.010439975187182426, 0.011432746425271034, 0.012425517663359642, 0.0134182870388031, 0.014411058276891708, 0.015403829514980316, 0.016396600753068924, 0.017389371991157532, 0.01838214322924614, 0.019374912604689598, 0.020367683842778206, 0.021360455080866814, 0.02235322631895542, 0.02334599569439888, 0.024338766932487488, 0.025331538170576096, 0.026324309408664703, 0.02731708064675331, 0.02830985188484192, 0.029302623122930527, 0.030295392498373985, 0.031288161873817444, 0.03228093683719635, 0.03327370434999466, 0.03426647558808327, 0.035259246826171875, 0.03625201806426048, 0.03724478930234909]}, "gradients/graph_5fc3.weight": {"_type": "histogram", "values": [1.0, 1.0, 0.0, 3.0, 1.0, 1.0, 0.0, 2.0, 2.0, 6.0, 3.0, 5.0, 6.0, 12.0, 6.0, 15.0, 11.0, 13.0, 13.0, 14.0, 20.0, 25.0, 17.0, 26.0, 31.0, 31.0, 122.0, 37.0, 29.0, 27.0, 30.0, 20.0, 17.0, 15.0, 7.0, 5.0, 11.0, 5.0, 6.0, 8.0, 8.0, 3.0, 2.0, 1.0, 4.0, 3.0, 5.0, 1.0, 0.0, 2.0, 1.0, 0.0, 0.0, 1.0, 1.0, 1.0, 0.0, 0.0, 0.0, 1.0, 1.0, 0.0, 0.0, 1.0], "bins": [-0.06164891645312309, -0.05930827558040619, -0.056967634707689285, -0.05462699383497238, -0.05228635296225548, -0.049945712089538574, -0.04760507494211197, -0.04526443034410477, -0.04292379319667816, -0.04058314859867096, -0.038242511451244354, -0.03590186685323715, -0.03356122970581055, -0.031220588833093643, -0.02887994796037674, -0.026539307087659836, -0.024198666214942932, -0.02185802534222603, -0.019517384469509125, -0.01717674359679222, -0.014836102724075317, -0.012495461851358414, -0.01015482097864151, -0.007814180105924606, -0.005473542958498001, -0.0031329020857810974, -0.0007922612130641937, 0.0015483833849430084, 0.0038890205323696136, 0.006229665130376816, 0.008570302277803421, 0.010910946875810623, 0.01325158029794693, 0.015592217445373535, 0.017932862043380737, 0.020273499190807343, 0.022614143788814545, 0.02495478093624115, 0.027295425534248352, 0.029636066406965256, 0.03197670727968216, 0.034317344427108765, 0.03665798529982567, 0.03899862617254257, 0.041339267045259476, 0.04367990791797638, 0.04602054879069328, 0.04836118966341019, 0.05070183053612709, 0.053042471408843994, 0.0553831122815609, 0.0577237531542778, 0.060064394026994705, 0.06240503489971161, 0.06474567204713821, 0.06708631664514542, 0.06942695379257202, 0.07176759839057922, 0.07410823553800583, 0.07644888013601303, 0.07878951728343964, 0.08113016188144684, 0.08347079902887344, 0.08581144362688065, 0.08815208077430725]}, "gradients/graph_5fc2.bias": {"_type": "histogram", "values": [1.0, 1.0, 1.0, 0.0, 0.0, 1.0, 1.0, 0.0, 1.0, 0.0, 0.0, 1.0, 0.0, 1.0, 2.0, 1.0, 0.0, 0.0, 1.0, 0.0, 1.0, 0.0, 0.0, 2.0, 2.0, 3.0, 1.0, 0.0, 0.0, 2.0, 10.0, 0.0, 2.0, 2.0, 2.0, 1.0, 6.0, 1.0, 1.0, 1.0, 1.0, 1.0, 1.0, 1.0, 1.0, 1.0, 3.0, 0.0, 0.0, 0.0, 0.0, 1.0, 0.0, 2.0, 0.0, 0.0, 1.0, 1.0, 0.0, 0.0, 0.0, 0.0, 0.0, 1.0], "bins": [-0.017361842095851898, -0.016785310581326485, -0.016208777204155922, -0.01563224568963051, -0.01505571324378252, -0.014479180797934532, -0.013902649283409119, -0.01332611683756113, -0.012749584391713142, -0.012173051945865154, -0.011596519500017166, -0.011019987985491753, -0.010443455539643764, -0.009866923093795776, -0.009290391579270363, -0.008713859133422375, -0.008137326687574387, -0.0075607942417263985, -0.00698426179587841, -0.006407730281352997, -0.005831197835505009, -0.005254665389657021, -0.004678133875131607, -0.004101601429283619, -0.003525068983435631, -0.0029485365375876427, -0.0023720040917396545, -0.001795472577214241, -0.0012189410626888275, -0.0006424076855182648, -6.587617099285126e-05, 0.0005106572061777115, 0.001087188720703125, 0.0016637202352285385, 0.0022402536123991013, 0.0028167851269245148, 0.0033933185040950775, 0.003969850018620491, 0.0045463815331459045, 0.005122913978993893, 0.005699446424841881, 0.006275978870689869, 0.006852511316537857, 0.007429042831063271, 0.008005575276911259, 0.008582107722759247, 0.00915863923728466, 0.009735171683132648, 0.010311704128980637, 0.010888236574828625, 0.011464769020676613, 0.012041300535202026, 0.012617832981050014, 0.013194365426898003, 0.013770896941423416, 0.014347429387271404, 0.014923961833119392, 0.01550049427896738, 0.01607702672481537, 0.016653558239340782, 0.017230089753866196, 0.01780662313103676, 0.018383154645562172, 0.018959688022732735, 0.019536219537258148]}, "gradients/graph_5fc2.weight": {"_type": "histogram", "values": [2.0, 0.0, 1.0, 0.0, 0.0, 0.0, 1.0, 0.0, 5.0, 3.0, 4.0, 9.0, 3.0, 7.0, 7.0, 12.0, 17.0, 17.0, 21.0, 40.0, 52.0, 55.0, 74.0, 78.0, 157.0, 212.0, 293.0, 379.0, 5074.0, 394.0, 346.0, 234.0, 179.0, 121.0, 94.0, 60.0, 67.0, 45.0, 25.0, 20.0, 23.0, 15.0, 7.0, 6.0, 10.0, 7.0, 1.0, 4.0, 2.0, 3.0, 1.0, 0.0, 1.0, 0.0, 2.0, 1.0, 0.0, 0.0, 0.0, 0.0, 0.0, 0.0, 0.0, 1.0], "bins": [-0.07579776644706726, -0.07313603907823563, -0.07047431170940399, -0.06781258434057236, -0.06515085697174072, -0.06248912960290909, -0.059827402234077454, -0.05716567486524582, -0.054503947496414185, -0.05184222012758255, -0.049180492758750916, -0.04651876538991928, -0.043857038021087646, -0.04119531065225601, -0.03853358328342438, -0.03587185591459274, -0.03321012854576111, -0.030548401176929474, -0.02788667380809784, -0.025224946439266205, -0.02256321907043457, -0.019901491701602936, -0.0172397643327713, -0.014578036963939667, -0.011916309595108032, -0.009254582226276398, -0.006592854857444763, -0.003931127488613129, -0.0012694001197814941, 0.0013923272490501404, 0.004054054617881775, 0.006715781986713409, 0.009377501904964447, 0.012039229273796082, 0.014700956642627716, 0.01736268401145935, 0.020024411380290985, 0.02268613874912262, 0.025347866117954254, 0.02800959348678589, 0.030671320855617523, 0.03333304822444916, 0.03599477559328079, 0.03865650296211243, 0.04131823033094406, 0.043979957699775696, 0.04664168506860733, 0.049303412437438965, 0.0519651398062706, 0.054626867175102234, 0.05728859454393387, 0.0599503219127655, 0.06261204928159714, 0.06527377665042877, 0.0679355040192604, 0.07059723138809204, 0.07325895875692368, 0.07592068612575531, 0.07858241349458694, 0.08124414086341858, 0.08390586823225021, 0.08656759560108185, 0.08922932296991348, 0.09189105033874512, 0.09455277770757675]}, "gradients/graph_5fc1.bias": {"_type": "histogram", "values": [1.0, 0.0, 0.0, 0.0, 0.0, 0.0, 0.0, 0.0, 0.0, 0.0, 0.0, 0.0, 0.0, 0.0, 0.0, 0.0, 0.0, 1.0, 1.0, 0.0, 0.0, 0.0, 1.0, 0.0, 2.0, 1.0, 2.0, 0.0, 0.0, 0.0, 1.0, 0.0, 0.0, 3.0, 4.0, 3.0, 2.0, 2.0, 0.0, 3.0, 65.0, 1.0, 2.0, 6.0, 6.0, 3.0, 4.0, 3.0, 1.0, 4.0, 0.0, 2.0, 1.0, 0.0, 0.0, 0.0, 0.0, 1.0, 0.0, 0.0, 1.0, 0.0, 0.0, 1.0],