{"epoch": 29, "acc_train": 0.395, "train_loss": 1.7060959339141846, "acc_val": 0.3304, "loss_val": 1.8942968845367432, "_timestamp": 1699918335.3809175, "_runtime": 97.24610757827759, "_step": 59, "global_step": 29, "Learning rate": 0.009999999776482582, "Batch size": 64.0, "Train/Accuracy": 0.39500001072883606, "Train/Loss": 1.7060959339141846, "Val/Accuracy": 0.3303999900817871, "Val/Loss": 1.8942968845367432, "Model/Norm": 34.567543029785156, "_wandb": {"runtime": 96}}