{"accuracy": 0.2889636075949367, "epoch": 2, "_timestamp": 1699284806.5185566, "_runtime": 0.6643936634063721, "_step": 0, "_wandb": {"runtime": 0}}