{"batch loss": 2.302236318588257, "_timestamp": 1699298825.3031685, "_runtime": 378.59173345565796, "_step": 472, "loss": 0.008894154367347558, "epoch": 1}