{"accuracy": 0.12302215189873418, "epoch": 0, "_timestamp": 1699282986.710644, "_runtime": 0.7556838989257812, "_step": 0, "_wandb": {"runtime": 0}}