{"acc": 0.22305689102564102, "loss": 2.0712756768251075, "_timestamp": 1699273635.5300515, "_runtime": 50.39243841171265, "_step": 99, "val_acc": 0.1999, "val_loss": 2.2551088333129883, "_wandb": {"runtime": 49}}