{"accuracy": 0.10344145569620253, "epoch": 4, "_timestamp": 1699286013.5812619, "_runtime": 0.7015628814697266, "_step": 0, "_wandb": {"runtime": 0}}