{"Epoch": 49, "_timestamp": 1699914142.4677384, "_runtime": 330.535950422287, "_step": 39099, "Batch": 389, "Batch_loss:": 2.0246407985687256, "Train_accuracy": 0.3171474358974359, "Average_epoch_loss": 1.916956788301468, "Validation_accuracy": 0.2996, "_wandb": {"runtime": 328}}