{"epoch": 49, "acc_train": 0.1002, "train_loss": 2.3221683502197266, "acc_val": 0.1, "loss_val": 2.3107287883758545, "_timestamp": 1699922918.1425767, "_runtime": 63.58536767959595, "_step": 99, "global_step": 49, "Learning rate": 0.05000000074505806, "Batch size": 256.0, "Train/Accuracy": 0.10019999742507935, "Train/Loss": 2.3221683502197266, "Val/Accuracy": 0.10000000149011612, "Val/Loss": 2.3107287883758545, "Model/Norm": 2102.939453125, "_wandb": {"runtime": 62}}