{"accuracy": 0.19264240506329114, "epoch": 1, "_timestamp": 1699283429.7792525, "_runtime": 0.689645528793335, "_step": 0, "_wandb": {"runtime": 0}}