{"epoch": 69, "acc_train": 0.0993, "train_loss": 2.3205690383911133, "acc_val": 0.1, "loss_val": 2.3278746604919434, "_timestamp": 1699922787.8551288, "_runtime": 75.82094383239746, "_step": 139, "global_step": 69, "Learning rate": 0.05000000074505806, "Batch size": 256.0, "Train/Accuracy": 0.09929999709129333, "Train/Loss": 2.3205690383911133, "Val/Accuracy": 0.10000000149011612, "Val/Loss": 2.3278746604919434, "Model/Norm": 2093.037353515625, "_wandb": {"runtime": 74}}