{"acc": 0.9618, "acc_val": 0.5122, "_timestamp": 1699283979.139827, "_runtime": 303.9129431247711, "_step": 109, "_wandb": {"runtime": 303}}