{"accuracy": 0.09889240506329114, "epoch": 4, "_timestamp": 1699284169.7907584, "_runtime": 0.704465389251709, "_step": 0, "_wandb": {"runtime": 0}}