{"accuracy": 0.26364715189873417, "epoch": 3, "_timestamp": 1699284547.6466033, "_runtime": 0.7225203514099121, "_step": 0, "_wandb": {"runtime": 0}}