{"Optimizer Name": "Adam", "Batch size": 128, "_timestamp": 1699914751.3581364, "_runtime": 2.296055316925049, "_step": 0}