{"epoch": 9, "loss": 1.8311062061309815, "_timestamp": 1699229642.9311516, "_runtime": 97.78520274162292, "_step": 9, "_wandb": {"runtime": 102}}