{"accuracy": 0.09879351265822785, "epoch": 4, "_timestamp": 1699282657.874932, "_runtime": 0.6883151531219482, "_step": 0, "_wandb": {"runtime": 0}}