{"accuracy": 0.150810917721519, "epoch": 4, "_timestamp": 1699285094.1695247, "_runtime": 0.6881246566772461, "_step": 0, "_wandb": {"runtime": 0}}