{"accuracy": 0.22488132911392406, "epoch": 0, "_timestamp": 1699284960.8755634, "_runtime": 0.6657984256744385, "_step": 0, "_wandb": {"runtime": 0}}