{"acc": 0.9719, "acc_val": 0.5248, "_timestamp": 1699283356.0369096, "_runtime": 186.68681955337524, "_step": 114, "_wandb": {"runtime": 186}}