{"accuracy": 0.29638053797468356, "epoch": 4, "_timestamp": 1699285181.607855, "_runtime": 1.6711161136627197, "_step": 0, "_wandb": {"runtime": 0}}