{"accuracy": 0.33089398734177217, "epoch": 3, "_timestamp": 1699285463.1068246, "_runtime": 0.6526045799255371, "_step": 0, "_wandb": {"runtime": 0}}