{"epoch": 0, "batch_nr": 78, "avg_batch_loss": 2.0605764389038086, "_timestamp": 1699897533.3567443, "_runtime": 2.316505193710327, "_step": 78, "_wandb": {"runtime": 1}}