{"gradients/fc4.bias": {"_type": "histogram", "values": [1.0, 1.0, 0.0, 0.0, 0.0, 0.0, 0.0, 0.0, 0.0, 0.0, 1.0, 0.0, 0.0, 2.0, 0.0, 0.0, 1.0, 0.0, 0.0, 0.0, 0.0, 0.0, 0.0, 0.0, 0.0, 1.0, 0.0, 0.0, 0.0, 0.0, 0.0, 1.0, 1.0, 0.0, 0.0, 0.0, 0.0, 0.0, 0.0, 0.0, 0.0, 0.0, 0.0, 0.0, 0.0, 0.0, 0.0, 0.0, 0.0, 0.0, 0.0, 0.0, 0.0, 0.0, 0.0, 0.0, 0.0, 0.0, 0.0, 0.0, 0.0, 0.0, 0.0, 1.0], "bins": [-0.06899605691432953, -0.06570173799991608, -0.062407415360212326, -0.059113092720508575, -0.05581877380609512, -0.05252445116639137, -0.04923012852668762, -0.04593580961227417, -0.04264148697257042, -0.03934716433286667, -0.03605284541845322, -0.032758522778749466, -0.029464202001690865, -0.026169881224632263, -0.022875558584928513, -0.01958123780786991, -0.01628691703081131, -0.012992596253752708, -0.009698274545371532, -0.006403953302651644, -0.003109632059931755, 0.00018468918278813362, 0.0034790104255080223, 0.006773331668227911, 0.0100676529109478, 0.013361973688006401, 0.016656294465065002, 0.019950617104768753, 0.023244937881827354, 0.026539258658885956, 0.029833581298589706, 0.03312790021300316, 0.03642222285270691, 0.03971654549241066, 0.04301086440682411, 0.04630518704652786, 0.049599505960941315, 0.052893828600645065, 0.056188151240348816, 0.05948247015476227, 0.06277678906917572, 0.06607111543416977, 0.06936543434858322, 0.07265975326299667, 0.07595407962799072, 0.07924839854240417, 0.08254271745681763, 0.08583704382181168, 0.08913136273622513, 0.09242568165063858, 0.09572000801563263, 0.09901432693004608, 0.10230864584445953, 0.10560297220945358, 0.10889729112386703, 0.11219161003828049, 0.11548593640327454, 0.11878025531768799, 0.12207457423210144, 0.1253688931465149, 0.12866321206092834, 0.131957545876503, 0.13525186479091644, 0.1385461837053299, 0.14184050261974335]}, "_timestamp": 1699910246.97821, "gradients/fc4.weight": {"_type": "histogram", "values": [2.0, 0.0, 0.0, 0.0, 0.0, 0.0, 0.0, 0.0, 0.0, 0.0, 0.0, 0.0, 1.0, 0.0, 0.0, 0.0, 0.0, 0.0, 0.0, 0.0, 3.0, 1.0, 2.0, 6.0, 12.0, 15.0, 63.0, 217.0, 210.0, 68.0, 27.0, 6.0, 3.0, 0.0, 1.0, 0.0, 1.0, 0.0, 0.0, 0.0, 0.0, 0.0, 0.0, 0.0, 0.0, 0.0, 0.0, 0.0, 0.0, 0.0, 1.0, 0.0, 0.0, 0.0, 0.0, 0.0, 0.0, 0.0, 0.0, 0.0, 0.0, 0.0, 0.0, 1.0], "bins": [-3.5078635215759277, -3.3823673725128174, -3.256871223449707, -3.1313750743865967, -3.0058789253234863, -2.880382776260376, -2.7548866271972656, -2.6293904781341553, -2.503894329071045, -2.3783981800079346, -2.252902030944824, -2.127405881881714, -2.0019097328186035, -1.8764135837554932, -1.7509174346923828, -1.6254212856292725, -1.499925136566162, -1.3744289875030518, -1.2489328384399414, -1.123436689376831, -0.9979405403137207, -0.8724443912506104, -0.7469482421875, -0.6214520931243896, -0.4959559440612793, -0.37045979499816895, -0.2449636459350586, -0.11946749687194824, 0.006028652191162109, 0.13152480125427246, 0.2570209503173828, 0.38251709938049316, 0.5080127716064453, 0.6335089206695557, 0.759005069732666, 0.8845012187957764, 1.0099973678588867, 1.135493516921997, 1.2609896659851074, 1.3864858150482178, 1.5119819641113281, 1.6374781131744385, 1.7629742622375488, 1.8884704113006592, 2.0139665603637695, 2.13946270942688, 2.2649588584899902, 2.3904550075531006, 2.515951156616211, 2.6414473056793213, 2.7669434547424316, 2.892439603805542, 3.0179357528686523, 3.1434319019317627, 3.268928050994873, 3.3944242000579834, 3.5199203491210938, 3.645416498184204, 3.7709126472473145, 3.896408796310425, 4.021904945373535, 4.147400856018066, 4.272897243499756, 4.398393630981445, 4.523889541625977]}, "gradients/fc3.bias": {"_type": "histogram", "values": [1.0, 0.0, 0.0, 0.0, 0.0, 0.0, 0.0, 1.0, 0.0, 0.0, 0.0, 0.0, 0.0, 0.0, 1.0, 1.0, 0.0, 0.0, 0.0, 0.0, 0.0, 0.0, 2.0, 0.0, 0.0, 5.0, 1.0, 1.0, 1.0, 3.0, 3.0, 1.0, 6.0, 5.0, 9.0, 4.0, 2.0, 4.0, 2.0, 1.0, 2.0, 1.0, 1.0, 0.0, 1.0, 0.0, 1.0, 0.0, 1.0, 0.0, 0.0, 0.0, 0.0, 0.0, 0.0, 0.0, 1.0, 0.0, 0.0, 0.0, 0.0, 0.0, 1.0, 1.0], "bins": [-0.0003836095565930009, -0.0003723902627825737, -0.0003611709689721465, -0.0003499516751617193, -0.00033873238135129213, -0.00032751308754086494, -0.0003162937646266073, -0.0003050744708161801, -0.0002938551770057529, -0.00028263588319532573, -0.00027141658938489854, -0.00026019729557447135, -0.00024897800176404417, -0.00023775870795361698, -0.00022653939959127456, -0.00021532010578084737, -0.00020410081197042018, -0.000192881518159993, -0.0001816622243495658, -0.0001704429159872234, -0.0001592236221767962, -0.000148004328366369, -0.00013678503455594182, -0.00012556574074551463, -0.00011434643965912983, -0.00010312714584870264, -9.190784476231784e-05, -8.068855095189065e-05, -6.946925714146346e-05, -5.8249956055078655e-05, -4.7030662244651467e-05, -3.581136479624547e-05, -2.4592067347839475e-05, -1.337277080892818e-05, -2.1534742700168863e-06, 9.065822268894408e-06, 2.0285118807805702e-05, 3.15044162562117e-05, 4.272371006663889e-05, 5.394300751504488e-05, 6.516230496345088e-05, 7.638159877387807e-05, 8.760089986026287e-05, 9.882019367069006e-05, 0.00011003948748111725, 0.00012125878856750205, 0.00013247808965388685, 0.00014369738346431404, 0.00015491667727474123, 0.00016613597108516842, 0.0001773552648955956, 0.00018857457325793803, 0.00019979386706836522, 0.0002110131608787924, 0.0002222324546892196, 0.00023345174849964678, 0.00024467104231007397, 0.00025589033612050116, 0.00026710962993092835, 0.000278328952845186, 0.0002895482466556132, 0.00030076754046604037, 0.00031198683427646756, 0.00032320612808689475, 0.00033442542189732194]}, "gradients/fc3.weight": {"_type": "histogram", "values": [1.0, 0.0, 0.0, 1.0, 1.0, 0.0, 0.0, 2.0, 1.0, 0.0, 1.0, 1.0, 3.0, 2.0, 1.0, 4.0, 6.0, 8.0, 7.0, 16.0, 16.0, 25.0, 130.0, 7784.0, 91.0, 36.0, 11.0, 8.0, 5.0, 4.0, 6.0, 5.0, 1.0, 2.0, 0.0, 0.0, 4.0, 1.0, 3.0, 0.0, 0.0, 0.0, 0.0, 0.0, 1.0, 1.0, 0.0, 0.0, 0.0, 1.0, 0.0, 0.0, 0.0, 0.0, 0.0, 0.0, 0.0, 0.0, 0.0, 1.0, 0.0, 0.0, 0.0, 1.0], "bins": [-0.7510070204734802, -0.7190689444541931, -0.6871309280395508, -0.6551928520202637, -0.6232547760009766, -0.5913166999816895, -0.5593786239624023, -0.52744060754776, -0.4955025315284729, -0.4635644555091858, -0.43162640929222107, -0.39968836307525635, -0.36775028705596924, -0.33581221103668213, -0.3038741648197174, -0.2719361186027527, -0.23999804258346558, -0.20805998146533966, -0.17612192034721375, -0.14418385922908783, -0.11224579811096191, -0.080307736992836, -0.04836967587471008, -0.016431614756584167, 0.015506446361541748, 0.047444507479667664, 0.07938256859779358, 0.1113206297159195, 0.1432586908340454, 0.17519675195217133, 0.20713481307029724, 0.23907287418842316, 0.27101099491119385, 0.30294907093048096, 0.3348871171474457, 0.3668251633644104, 0.3987632393836975, 0.4307013154029846, 0.46263936161994934, 0.49457740783691406, 0.5265154838562012, 0.5584535598754883, 0.5903916358947754, 0.6223296523094177, 0.6542677283287048, 0.6862058043479919, 0.7181438207626343, 0.7500818967819214, 0.7820199728012085, 0.8139580488204956, 0.8458961248397827, 0.877834141254425, 0.9097722172737122, 0.9417102932929993, 0.9736483097076416, 1.0055863857269287, 1.0375244617462158, 1.069462537765503, 1.10140061378479, 1.1333386898040771, 1.1652767658233643, 1.1972147226333618, 1.229152798652649, 1.261090874671936, 1.2930289506912231]}, "gradients/fc2.bias": {"_type": "histogram", "values": [1.0, 0.0, 0.0, 0.0, 0.0, 0.0, 0.0, 0.0, 0.0, 0.0, 0.0, 1.0, 1.0, 0.0, 0.0, 0.0, 1.0, 0.0, 0.0, 0.0, 0.0, 1.0, 0.0, 2.0, 0.0, 0.0, 2.0, 2.0, 1.0, 0.0, 2.0, 0.0, 101.0, 1.0, 2.0, 2.0, 1.0, 0.0, 1.0, 0.0, 1.0, 1.0, 0.0, 0.0, 0.0, 0.0, 0.0, 0.0, 0.0, 0.0, 0.0, 0.0, 1.0, 0.0, 1.0, 0.0, 0.0, 0.0, 0.0, 0.0, 0.0, 1.0, 0.0, 1.0],