{"gradients/fc4.bias": {"_type": "histogram", "values": [1.0, 0.0, 0.0, 0.0, 0.0, 0.0, 1.0, 0.0, 0.0, 0.0, 0.0, 0.0, 0.0, 0.0, 0.0, 0.0, 0.0, 0.0, 0.0, 0.0, 0.0, 0.0, 0.0, 1.0, 1.0, 0.0, 0.0, 0.0, 0.0, 0.0, 0.0, 0.0, 1.0, 0.0, 0.0, 0.0, 0.0, 0.0, 1.0, 0.0, 1.0, 1.0, 0.0, 0.0, 0.0, 0.0, 0.0, 0.0, 0.0, 0.0, 0.0, 0.0, 0.0, 0.0, 0.0, 1.0, 0.0, 0.0, 0.0, 0.0, 0.0, 0.0, 0.0, 1.0], "bins": [-0.10014472901821136, -0.09708492457866669, -0.0940251275897026, -0.09096532315015793, -0.08790551871061325, -0.08484572172164917, -0.08178591728210449, -0.07872611284255981, -0.07566630840301514, -0.07260651141405106, -0.06954670697450638, -0.0664869025349617, -0.06342710554599762, -0.06036730110645294, -0.05730750039219856, -0.054247695952653885, -0.051187895238399506, -0.048128094524145126, -0.04506829008460045, -0.04200848937034607, -0.03894868493080139, -0.03588888421654701, -0.03282908350229263, -0.029769280925393105, -0.026709478348493576, -0.023649675771594048, -0.02058987319469452, -0.01753007248044014, -0.014470269903540611, -0.011410467326641083, -0.008350665681064129, -0.005290863569825888, -0.0022310614585876465, 0.0008287406526505947, 0.003888542763888836, 0.006948344875127077, 0.010008146986365318, 0.013067949563264847, 0.016127750277519226, 0.019187552854418755, 0.022247355431318283, 0.02530715800821781, 0.02836696058511734, 0.03142676129937172, 0.0344865620136261, 0.037546366453170776, 0.040606167167425156, 0.04366597160696983, 0.04672577232122421, 0.04978557303547859, 0.05284537747502327, 0.05590517818927765, 0.05896498262882233, 0.062024783343076706, 0.06508458405733109, 0.06814438849687576, 0.07120418548583984, 0.07426398992538452, 0.0773237943649292, 0.08038359880447388, 0.08344339579343796, 0.08650320023298264, 0.08956300467252731, 0.0926228016614914, 0.09568260610103607]}, "_timestamp": 1699910132.708711, "gradients/fc4.weight": {"_type": "histogram", "values": [1.0, 0.0, 0.0, 0.0, 1.0, 1.0, 0.0, 0.0, 1.0, 1.0, 4.0, 1.0, 1.0, 6.0, 6.0, 8.0, 5.0, 7.0, 7.0, 16.0, 21.0, 9.0, 22.0, 18.0, 16.0, 29.0, 35.0, 30.0, 32.0, 27.0, 33.0, 33.0, 36.0, 30.0, 26.0, 20.0, 21.0, 14.0, 17.0, 15.0, 21.0, 14.0, 9.0, 7.0, 7.0, 4.0, 3.0, 6.0, 4.0, 1.0, 4.0, 5.0, 0.0, 1.0, 1.0, 1.0, 1.0, 0.0, 0.0, 0.0, 0.0, 0.0, 0.0, 1.0], "bins": [-0.2360406219959259, -0.22831952571868896, -0.22059841454029083, -0.2128773182630539, -0.20515620708465576, -0.19743511080741882, -0.1897139996290207, -0.18199290335178375, -0.17427179217338562, -0.16655069589614868, -0.15882958471775055, -0.1511084884405136, -0.14338737726211548, -0.13566628098487854, -0.1279451698064804, -0.12022407352924347, -0.11250296980142593, -0.1047818660736084, -0.09706076234579086, -0.08933965861797333, -0.08161855489015579, -0.07389745116233826, -0.06617634743452072, -0.058455247431993484, -0.05073414370417595, -0.043013039976358414, -0.03529193624854088, -0.027570834383368492, -0.019849730655550957, -0.012128626927733421, -0.0044075241312384605, 0.0033135791309177876, 0.011034682393074036, 0.01875578612089157, 0.026476889848709106, 0.03419799357652664, 0.04191909730434418, 0.049640197306871414, 0.05736130103468895, 0.06508240848779678, 0.07280351221561432, 0.08052460849285126, 0.08824571222066879, 0.09596681594848633, 0.10368791967630386, 0.1114090234041214, 0.11913012713193893, 0.12685123085975647, 0.1345723271369934, 0.14229343831539154, 0.15001453459262848, 0.1577356457710266, 0.16545674204826355, 0.17317785322666168, 0.18089894950389862, 0.18862006068229675, 0.1963411569595337, 0.20406226813793182, 0.21178336441516876, 0.2195044755935669, 0.22722557187080383, 0.23494668304920197, 0.2426677793264389, 0.25038889050483704, 0.258109986782074]}, "gradients/fc3.bias": {"_type": "histogram", "values": [1.0, 0.0, 0.0, 1.0, 0.0, 0.0, 2.0, 1.0, 0.0, 0.0, 0.0, 2.0, 1.0, 2.0, 2.0, 1.0, 1.0, 1.0, 4.0, 4.0, 2.0, 0.0, 1.0, 3.0, 4.0, 3.0, 5.0, 0.0, 1.0, 1.0, 2.0, 2.0, 1.0, 3.0, 1.0, 0.0, 1.0, 0.0, 1.0, 1.0, 1.0, 3.0, 1.0, 0.0, 2.0, 0.0, 0.0, 0.0, 0.0, 0.0, 0.0, 1.0, 0.0, 0.0, 0.0, 0.0, 0.0, 0.0, 0.0, 0.0, 0.0, 0.0, 0.0, 1.0], "bins": [-0.0002985723549500108, -0.0002869591407943517, -0.0002753459266386926, -0.00026373271248303354, -0.00025211949832737446, -0.00024050628417171538, -0.0002288930700160563, -0.00021727985586039722, -0.00020566664170473814, -0.00019405341299716383, -0.00018244019884150475, -0.00017082698468584567, -0.0001592137705301866, -0.00014760055637452751, -0.00013598734221886843, -0.00012437412806320935, -0.00011276091390755028, -0.0001011476997518912, -8.953448559623212e-05, -7.792127144057304e-05, -6.630805728491396e-05, -5.469483949127607e-05, -4.3081621697638184e-05, -3.1468407541979104e-05, -1.9855193386320025e-05, -8.241978321166243e-06, 3.371236743987538e-06, 1.498445180914132e-05, 2.65976668742951e-05, 3.821088102995418e-05, 4.982409882359207e-05, 6.143731297925115e-05, 7.305052713491023e-05, 8.46637412905693e-05, 9.627695544622838e-05, 0.00010789016960188746, 0.00011950338375754654, 0.00013111659791320562, 0.0001427298120688647, 0.00015434302622452378, 0.00016595624038018286, 0.00017756946908775717, 0.00018918268324341625, 0.00020079589739907533, 0.0002124091115547344, 0.0002240223257103935, 0.00023563553986605257, 0.0002472487394697964, 0.00025886198272928596, 0.00027047519688494503, 0.0002820884110406041, 0.0002937016251962632, 0.0003053148393519223, 0.00031692805350758135, 0.00032854126766324043, 0.0003401544818188995, 0.0003517676959745586, 0.00036338091013021767, 0.00037499412428587675, 0.00038660733844153583, 0.0003982205525971949, 0.000409833766752854, 0.00042144698090851307, 0.00043306019506417215, 0.00044467340921983123]}, "gradients/fc3.weight": {"_type": "histogram", "values": [2.0, 0.0, 0.0, 1.0, 0.0, 2.0, 2.0, 2.0, 2.0, 5.0, 5.0, 2.0, 5.0, 8.0, 14.0, 15.0, 11.0, 22.0, 21.0, 49.0, 61.0, 131.0, 336.0, 6764.0, 330.0, 150.0, 71.0, 45.0, 34.0, 22.0, 12.0, 10.0, 14.0, 7.0, 5.0, 4.0, 8.0, 1.0, 4.0, 3.0, 3.0, 0.0, 0.0, 2.0, 0.0, 0.0, 1.0, 1.0, 1.0, 0.0, 0.0, 1.0, 0.0, 1.0, 0.0, 0.0, 1.0, 0.0, 0.0, 0.0, 0.0, 0.0, 0.0, 1.0], "bins": [-0.13518249988555908, -0.12945803999900818, -0.12373358011245728, -0.11800912767648697, -0.11228466778993607, -0.10656020790338516, -0.10083574801683426, -0.09511128813028336, -0.08938683569431305, -0.08366237580776215, -0.07793791592121124, -0.07221345603466034, -0.06648899614810944, -0.06076453998684883, -0.05504008010029793, -0.04931562393903732, -0.04359116405248642, -0.037866704165935516, -0.03214224800467491, -0.026417788118124008, -0.020693330094218254, -0.0149688720703125, -0.009244413115084171, -0.00351995462551713, 0.0022045038640499115, 0.007928961887955666, 0.013653420843183994, 0.019377879798412323, 0.025102337822318077, 0.03082679584622383, 0.036551255732774734, 0.04227571189403534, 0.04800017178058624, 0.053724631667137146, 0.05944908782839775, 0.06517354398965836, 0.07089800387620926, 0.07662246376276016, 0.08234692364931107, 0.08807138353586197, 0.09379583597183228, 0.09952029585838318, 0.10524475574493408, 0.11096921563148499, 0.11669367551803589, 0.12241813540458679, 0.1281425952911377, 0.1338670551776886, 0.1395915150642395, 0.1453159600496292, 0.15104041993618011, 0.15676487982273102, 0.16248933970928192, 0.16821379959583282, 0.17393825948238373, 0.17966271936893463, 0.18538717925548553, 0.19111163914203644, 0.19683609902858734, 0.20256054401397705, 0.20828500390052795, 0.21400946378707886, 0.21973392367362976, 0.22545838356018066, 0.23118284344673157]}, "gradients/fc2.bias": {"_type": "histogram", "values": [1.0, 0.0, 2.0, 0.0, 0.0, 0.0, 0.0, 0.0, 0.0, 0.0, 0.0, 0.0, 0.0, 1.0, 0.0, 0.0, 0.0, 0.0, 0.0, 1.0, 0.0, 0.0, 1.0, 0.0, 1.0, 0.0, 0.0, 0.0, 1.0, 1.0, 1.0, 3.0, 1.0, 4.0, 2.0, 2.0, 82.0, 4.0, 2.0, 2.0, 3.0, 2.0, 0.0, 2.0, 1.0, 0.0, 0.0, 4.0, 0.0, 1.0, 0.0, 0.0, 0.0, 0.0, 1.0, 0.0, 0.0, 0.0, 0.0, 1.0, 0.0, 0.0, 0.0, 1.0],