{"accuracy": 0.10077136075949367, "epoch": 7, "_timestamp": 1699282675.1706243, "_runtime": 0.6726431846618652, "_step": 0, "_wandb": {"runtime": 0}}