{"accuracy": 0.3056764240506329, "epoch": 4, "_timestamp": 1699283854.707898, "_runtime": 0.7300629615783691, "_step": 0, "_wandb": {"runtime": 0}}