{"accuracy": 0.21677215189873417, "epoch": 1, "_timestamp": 1699285798.941968, "_runtime": 0.6728360652923584, "_step": 0, "_wandb": {"runtime": 0}}