{"epoch": 59, "accuracy": 0.1, "_timestamp": 1699919379.0935423, "_runtime": 134.24718642234802, "_step": 59, "_wandb": {"runtime": 133}}