{"acc": 0.1223, "acc_val": 0.1099, "_timestamp": 1699295269.7764235, "_runtime": 176.27916145324707, "_step": 76, "_wandb": {"runtime": 175}}