{"accuracy": 0.09889240506329114, "epoch": 0, "_timestamp": 1699283996.8070858, "_runtime": 0.7709617614746094, "_step": 0, "_wandb": {"runtime": 0}}