{"acc": 0.9755, "acc_val": 0.5238, "_timestamp": 1699288450.0878599, "_runtime": 288.95825481414795, "_step": 113, "_wandb": {"runtime": 288}}