{"epoch": 49, "acc_train": 0.3712, "train_loss": 1.7695426940917969, "acc_val": 0.3372, "loss_val": 1.8768543004989624, "_timestamp": 1699921939.8067722, "_runtime": 219.4636652469635, "_step": 99, "global_step": 49, "Learning rate": 0.004999999888241291, "Batch size": 64.0, "Train/Accuracy": 0.37119999527931213, "Train/Loss": 1.7695426940917969, "Val/Accuracy": 0.33719998598098755, "Val/Loss": 1.8768543004989624, "Model/Norm": 28.006540298461914, "_wandb": {"runtime": 218}}