{"Val Accuracy/Epoch": 0.4044, "Val Loss/Epoch": 33.70022964477539, "_timestamp": 1699944632.038836, "_runtime": 15.245172023773193, "_step": 49, "gradients/graph_7fc3.bias": {"_type": "histogram", "values": [1.0, 0.0, 0.0, 0.0, 0.0, 0.0, 0.0, 0.0, 0.0, 0.0, 2.0, 0.0, 0.0, 0.0, 0.0, 0.0, 0.0, 0.0, 0.0, 0.0, 0.0, 0.0, 0.0, 0.0, 0.0, 0.0, 0.0, 0.0, 0.0, 0.0, 0.0, 0.0, 0.0, 0.0, 0.0, 0.0, 0.0, 0.0, 0.0, 0.0, 0.0, 0.0, 0.0, 0.0, 1.0, 0.0, 0.0, 0.0, 0.0, 1.0, 1.0, 0.0, 0.0, 1.0, 0.0, 0.0, 0.0, 0.0, 1.0, 0.0, 0.0, 1.0, 0.0, 1.0], "bins": [-0.03943437337875366, -0.038457032293081284, -0.037479691207408905, -0.036502350121736526, -0.03552500903606415, -0.03454766795039177, -0.03357032686471939, -0.03259298577904701, -0.031615644693374634, -0.030638303607702255, -0.029660962522029877, -0.028683621436357498, -0.02770628035068512, -0.02672893926501274, -0.025751598179340363, -0.024774257093667984, -0.023796916007995605, -0.022819574922323227, -0.02184223383665085, -0.02086489275097847, -0.01988755166530609, -0.018910210579633713, -0.017932869493961334, -0.016955528408288956, -0.015978187322616577, -0.015000846236944199, -0.01402350515127182, -0.013046164065599442, -0.012068822979927063, -0.011091481894254684, -0.010114140808582306, -0.009136799722909927, -0.00815945491194725, -0.007182113826274872, -0.006204772740602493, -0.005227431654930115, -0.004250090569257736, -0.0032727494835853577, -0.002295408397912979, -0.0013180673122406006, -0.00034072622656822205, 0.0006366148591041565, 0.001613955944776535, 0.0025912970304489136, 0.003568638116121292, 0.004545979201793671, 0.005523320287466049, 0.006500661373138428, 0.007478002458810806, 0.008455343544483185, 0.009432684630155563, 0.010410025715827942, 0.01138736680150032, 0.012364707887172699, 0.013342048972845078, 0.014319390058517456, 0.015296731144189835, 0.016274072229862213, 0.01725141331553459, 0.01822875440120697, 0.01920609548687935, 0.020183436572551727, 0.021160777658224106, 0.022138118743896484, 0.023115459829568863]}, "gradients/graph_7fc3.weight": {"_type": "histogram", "values": [2.0, 0.0, 0.0, 0.0, 2.0, 0.0, 0.0, 0.0, 1.0, 2.0, 0.0, 0.0, 0.0, 0.0, 1.0, 3.0, 2.0, 5.0, 1.0, 0.0, 6.0, 7.0, 1.0, 4.0, 4.0, 3.0, 12.0, 6.0, 8.0, 9.0, 11.0, 21.0, 31.0, 36.0, 23.0, 26.0, 96.0, 59.0, 44.0, 38.0, 28.0, 26.0, 21.0, 18.0, 9.0, 11.0, 11.0, 11.0, 9.0, 3.0, 7.0, 2.0, 5.0, 2.0, 2.0, 3.0, 2.0, 1.0, 1.0, 0.0, 1.0, 1.0, 0.0, 2.0], "bins": [-0.08814150840044022, -0.08575375378131866, -0.08336599171161652, -0.08097823709249496, -0.07859048247337341, -0.07620272785425186, -0.07381497323513031, -0.07142721116542816, -0.06903945654630661, -0.06665170192718506, -0.06426393985748291, -0.06187618523836136, -0.05948843061923981, -0.057100676000118256, -0.054712917655706406, -0.052325159311294556, -0.049937404692173004, -0.04754965007305145, -0.0451618917286396, -0.04277413338422775, -0.0403863787651062, -0.03799862414598465, -0.0356108658015728, -0.03322310745716095, -0.030835352838039398, -0.028447598218917847, -0.026059839874505997, -0.023672081530094147, -0.021284326910972595, -0.018896572291851044, -0.016508810222148895, -0.014121055603027344, -0.011733300983905792, -0.00934554636478424, -0.006957791745662689, -0.004570029675960541, -0.0021822750568389893, 0.00020547956228256226, 0.0025932379066944122, 0.004980996251106262, 0.007368750870227814, 0.009756505489349365, 0.012144263833761215, 0.014532022178173065, 0.016919776797294617, 0.019307531416416168, 0.021695289760828018, 0.024083048105239868, 0.02647080272436142, 0.02885855734348297, 0.03124631568789482, 0.03363407403230667, 0.03602182865142822, 0.038409583270549774, 0.040797341614961624, 0.043185099959373474, 0.045572854578495026, 0.04796060919761658, 0.05034836754202843, 0.05273612588644028, 0.05512388050556183, 0.05751163512468338, 0.05989939346909523, 0.06228715181350708, 0.06467490643262863]}, "gradients/graph_7fc2.bias": {"_type": "histogram", "values": [1.0, 0.0, 0.0, 0.0, 0.0, 0.0, 1.0, 0.0, 0.0, 1.0, 0.0, 1.0, 0.0, 3.0, 3.0, 0.0, 0.0, 2.0, 2.0, 0.0, 1.0, 3.0, 0.0, 4.0, 0.0, 4.0, 2.0, 1.0, 1.0, 8.0, 3.0, 0.0, 0.0, 3.0, 3.0, 3.0, 2.0, 0.0, 0.0, 0.0, 0.0, 0.0, 2.0, 2.0, 1.0, 1.0, 0.0, 0.0, 1.0, 0.0, 1.0, 0.0, 0.0, 0.0, 0.0, 1.0, 1.0, 1.0, 0.0, 0.0, 0.0, 0.0, 0.0, 1.0], "bins": [-0.014644714072346687, -0.014144925400614738, -0.01364513672888279, -0.013145347125828266, -0.012645558454096317, -0.012145769782364368, -0.011645980179309845, -0.011146191507577896, -0.010646402835845947, -0.010146614164113998, -0.00964682549238205, -0.009147035889327526, -0.008647247217595577, -0.008147458545863628, -0.007647669408470392, -0.007147880271077156, -0.006648091599345207, -0.006148302927613258, -0.0056485142558813095, -0.005148724652826786, -0.004648935981094837, -0.004149147309362888, -0.003649357706308365, -0.003149569034576416, -0.002649780362844467, -0.0021499916911125183, -0.0016502030193805695, -0.001150413416326046, -0.0006506247445940971, -0.00015083607286214828, 0.0003489535301923752, 0.000848742201924324, 0.0013485308736562729, 0.0018483195453882217, 0.0023481082171201706, 0.002847897820174694, 0.003347686491906643, 0.0038474751636385918, 0.004347264766693115, 0.004847053438425064, 0.005346842110157013, 0.005846630781888962, 0.006346419453620911, 0.006846209056675434, 0.007345997728407383, 0.007845786400139332, 0.008345576003193855, 0.008845364674925804, 0.009345153346657753, 0.009844942018389702, 0.01034473069012165, 0.010844520293176174, 0.011344308964908123, 0.011844097636640072, 0.012343887239694595, 0.012843675911426544, 0.013343464583158493, 0.013843253254890442, 0.01434304192662239, 0.014842831529676914, 0.015342620201408863, 0.015842409804463387, 0.016342198476195335, 0.016841987147927284, 0.017341775819659233]}, "gradients/graph_7fc2.weight": {"_type": "histogram", "values": [1.0, 1.0, 0.0, 0.0, 0.0, 0.0, 0.0, 1.0, 0.0, 0.0, 1.0, 0.0, 0.0, 2.0, 2.0, 1.0, 1.0, 0.0, 5.0, 5.0, 8.0, 9.0, 6.0, 16.0, 23.0, 34.0, 46.0, 55.0, 71.0, 110.0, 123.0, 199.0, 250.0, 6297.0, 238.0, 159.0, 115.0, 88.0, 70.0, 47.0, 53.0, 40.0, 27.0, 25.0, 15.0, 15.0, 5.0, 8.0, 6.0, 3.0, 2.0, 0.0, 3.0, 1.0, 1.0, 0.0, 2.0, 0.0, 0.0, 0.0, 0.0, 1.0, 0.0, 1.0], "bins": [-0.10355229675769806, -0.1004684641957283, -0.09738463163375854, -0.09430079907178879, -0.09121696650981903, -0.08813313394784927, -0.08504930138587952, -0.08196546882390976, -0.07888163626194, -0.07579780369997025, -0.07271397113800049, -0.06963014602661133, -0.06654630601406097, -0.06346248090267181, -0.06037864461541176, -0.057294812053442, -0.054210979491472244, -0.05112714692950249, -0.04804331436753273, -0.04495948180556297, -0.041875649243593216, -0.03879182040691376, -0.035707987844944, -0.03262415528297424, -0.029540322721004486, -0.02645649015903473, -0.023372657597064972, -0.020288825035095215, -0.017204992473125458, -0.0141211599111557, -0.011037327349185944, -0.007953494787216187, -0.0048696622252464294, -0.0017858296632766724, 0.0012980028986930847, 0.004381835460662842, 0.007465668022632599, 0.010549500584602356, 0.013633333146572113, 0.01671716570854187, 0.019800998270511627, 0.022884830832481384, 0.02596866339445114, 0.0290524959564209, 0.03213632479310036, 0.035220157355070114, 0.03830398991703987, 0.04138782247900963, 0.044471655040979385, 0.04755548760294914, 0.0506393201649189, 0.05372315272688866, 0.056806985288858414, 0.05989081785082817, 0.06297464668750763, 0.06605847924947739, 0.06914231181144714, 0.0722261443734169, 0.07530997693538666, 0.07839380949735641, 0.08147764205932617, 0.08456147462129593, 0.08764530718326569, 0.09072913974523544, 0.0938129723072052]}, "gradients/graph_7fc1.bias": {"_type": "histogram", "values": [1.0, 0.0, 0.0, 0.0, 0.0, 0.0, 0.0, 2.0, 1.0, 0.0, 0.0, 0.0, 0.0, 0.0, 0.0, 0.0, 0.0, 0.0, 0.0, 1.0, 2.0, 2.0, 0.0, 1.0, 0.0, 0.0, 0.0, 2.0, 1.0, 1.0, 0.0, 1.0, 1.0, 1.0, 91.0, 0.0, 1.0, 1.0, 1.0, 4.0, 0.0, 2.0, 0.0, 1.0, 0.0, 0.0, 1.0, 0.0, 0.0, 1.0, 0.0, 0.0, 1.0, 0.0, 0.0, 0.0, 1.0, 1.0, 2.0, 1.0, 0.0, 1.0, 0.0, 1.0],