{"accuracy": 0.10116693037974683, "epoch": 1, "_timestamp": 1699283714.2853832, "_runtime": 0.7060103416442871, "_step": 0, "_wandb": {"runtime": 0}}