{"global_step": 49, "_timestamp": 1699797711.2586017, "Learning rate": 0.0625648945569992, "Batch size": 128.0, "Train/Accuracy": 0.37310001254081726, "Val/Accuracy": 0.2687999904155731, "Train/Loss": 1.7328382730484009, "Val/Loss": 2.1649322509765625, "Model/Norm": 67.88992309570312, "_runtime": 80.58633255958557, "_step": 49, "_wandb": {"runtime": 78}}