{"accuracy": 0.09750791139240507, "epoch": 3, "_timestamp": 1699284156.6563964, "_runtime": 0.6988334655761719, "_step": 0, "_wandb": {"runtime": 0}}