{"epoch": 49, "acc_train": 0.3668, "train_loss": 1.779787302017212, "acc_val": 0.3141, "loss_val": 1.9320051670074463, "_timestamp": 1699929496.4476652, "_runtime": 91.44481611251831, "_step": 99, "global_step": 49, "Learning rate": 0.0010000000474974513, "Batch size": 128.0, "Train/Accuracy": 0.3668000102043152, "Train/Loss": 1.779787302017212, "Val/Accuracy": 0.3140999972820282, "Val/Loss": 1.9320051670074463, "Model/Norm": 41.15708541870117, "_wandb": {"runtime": 89}}