{"acc": 0.9872, "acc_val": 0.5212, "_timestamp": 1699278738.9489877, "_runtime": 209.0245988368988, "_step": 96, "_wandb": {"runtime": 208}}