{"epoch": 49, "acc_train": 0.3154, "train_loss": 1.8968600034713745, "acc_val": 0.2707, "loss_val": 2.065938711166382, "_timestamp": 1699932687.648764, "_runtime": 87.44092679023743, "_step": 99, "global_step": 49, "Learning rate": 0.10000000149011612, "Batch size": 128.0, "Train/Accuracy": 0.31540000438690186, "Train/Loss": 1.8968600034713745, "Val/Accuracy": 0.27070000767707825, "Val/Loss": 2.065938711166382, "Model/Norm": 59.12371063232422, "_wandb": {"runtime": 86}}