{"training_loss": 1112.0854330062866, "training_accuracy": 0.49906, "validation_loss": 67.03464365005493, "validation_accuracy": 0.4111, "_timestamp": 1699903256.1087284, "_runtime": 159.80226850509644, "_step": 24, "gradients/graph_4fc4.bias": {"_type": "histogram", "values": [1.0, 0.0, 0.0, 0.0, 0.0, 0.0, 0.0, 0.0, 0.0, 0.0, 0.0, 0.0, 0.0, 0.0, 1.0, 0.0, 0.0, 0.0, 0.0, 1.0, 0.0, 0.0, 0.0, 1.0, 0.0, 0.0, 0.0, 0.0, 0.0, 0.0, 0.0, 0.0, 1.0, 0.0, 0.0, 0.0, 0.0, 0.0, 0.0, 0.0, 0.0, 0.0, 1.0, 0.0, 1.0, 0.0, 0.0, 0.0, 0.0, 0.0, 1.0, 0.0, 0.0, 0.0, 0.0, 0.0, 0.0, 0.0, 0.0, 1.0, 0.0, 0.0, 0.0, 1.0], "bins": [-0.028085580095648766, -0.027287203818559647, -0.026488829404115677, -0.025690453127026558, -0.02489207684993744, -0.02409370057284832, -0.0232953242957592, -0.02249694988131523, -0.021698573604226112, -0.020900197327136993, -0.020101822912693024, -0.019303446635603905, -0.018505070358514786, -0.017706694081425667, -0.016908317804336548, -0.016109943389892578, -0.01531156711280346, -0.01451319083571434, -0.013714815489947796, -0.012916440144181252, -0.012118063867092133, -0.011319687590003014, -0.01052131224423647, -0.009722936898469925, -0.008924560621380806, -0.008126184344291687, -0.007327808998525143, -0.006529433187097311, -0.005731057375669479, -0.004932681564241648, -0.004134305752813816, -0.0033359299413859844, -0.002537555992603302, -0.0017391801811754704, -0.0009408043697476387, -0.00014242855831980705, 0.0006559472531080246, 0.0014543230645358562, 0.002252698875963688, 0.0030510746873915195, 0.003849450498819351, 0.004647826310247183, 0.0054462021216750145, 0.006244577933102846, 0.007042953744530678, 0.007841330021619797, 0.008639705367386341, 0.009438080713152885, 0.010236456990242004, 0.011034833267331123, 0.011833208613097668, 0.012631583958864212, 0.013429960235953331, 0.01422833651304245, 0.015026711858808994, 0.01582508720457554, 0.016623463481664658, 0.017421839758753777, 0.018220216035842896, 0.019018590450286865, 0.019816966727375984, 0.020615343004465103, 0.021413717418909073, 0.022212093695998192, 0.02301046997308731]}, "gradients/graph_4fc4.weight": {"_type": "histogram", "values": [1.0, 0.0, 0.0, 0.0, 1.0, 0.0, 0.0, 0.0, 0.0, 0.0, 0.0, 0.0, 0.0, 0.0, 0.0, 0.0, 1.0, 0.0, 2.0, 2.0, 2.0, 1.0, 2.0, 1.0, 3.0, 1.0, 4.0, 0.0, 1.0, 0.0, 3.0, 4.0, 2.0, 2.0, 6.0, 5.0, 3.0, 8.0, 6.0, 7.0, 13.0, 15.0, 10.0, 19.0, 39.0, 266.0, 54.0, 27.0, 18.0, 10.0, 14.0, 11.0, 10.0, 10.0, 15.0, 6.0, 3.0, 5.0, 5.0, 7.0, 5.0, 5.0, 2.0, 3.0], "bins": [-0.7668524980545044, -0.749983549118042, -0.7331146001815796, -0.7162456512451172, -0.6993767619132996, -0.6825078129768372, -0.6656388640403748, -0.6487699151039124, -0.63190096616745, -0.6150320172309875, -0.5981631278991699, -0.5812941789627075, -0.5644252300262451, -0.5475562810897827, -0.5306873321533203, -0.5138183832168579, -0.4969494640827179, -0.4800805151462555, -0.4632115960121155, -0.4463426470756531, -0.4294736981391907, -0.41260477900505066, -0.39573583006858826, -0.37886688113212585, -0.36199796199798584, -0.34512901306152344, -0.32826006412506104, -0.31139111518859863, -0.2945221960544586, -0.2776532471179962, -0.2607842981815338, -0.2439153641462326, -0.2270464301109314, -0.2101774960756302, -0.19330854713916779, -0.17643961310386658, -0.15957066416740417, -0.14270173013210297, -0.12583279609680176, -0.10896385461091995, -0.09209491312503815, -0.07522597163915634, -0.058357033878564835, -0.04148809611797333, -0.024619154632091522, -0.007750215008854866, 0.00911872461438179, 0.025987664237618446, 0.0428566038608551, 0.05972554534673691, 0.07659448683261871, 0.09346342086791992, 0.11033236235380173, 0.12720130383968353, 0.14407023787498474, 0.16093918681144714, 0.17780812084674835, 0.19467705488204956, 0.21154600381851196, 0.22841493785381317, 0.24528387188911438, 0.2621528208255768, 0.2790217697620392, 0.2958906888961792, 0.3127596378326416]}, "gradients/graph_4fc3.bias": {"_type": "histogram", "values": [1.0, 0.0, 0.0, 0.0, 1.0, 1.0, 0.0, 2.0, 0.0, 1.0, 0.0, 0.0, 0.0, 0.0, 1.0, 0.0, 1.0, 0.0, 1.0, 0.0, 0.0, 1.0, 1.0, 2.0, 1.0, 2.0, 2.0, 1.0, 0.0, 8.0, 6.0, 3.0, 7.0, 4.0, 1.0, 3.0, 0.0, 2.0, 0.0, 1.0, 3.0, 0.0, 1.0, 0.0, 1.0, 0.0, 0.0, 0.0, 0.0, 1.0, 0.0, 1.0, 0.0, 0.0, 0.0, 1.0, 0.0, 0.0, 0.0, 0.0, 0.0, 1.0, 0.0, 1.0], "bins": [-0.006635840982198715, -0.006414083763957024, -0.006192326080054045, -0.005970568396151066, -0.005748811177909374, -0.005527053959667683, -0.005305296275764704, -0.005083538591861725, -0.004861781373620033, -0.004640024155378342, -0.004418266471475363, -0.004196508787572384, -0.003974751569330692, -0.003752994118258357, -0.003531236667186022, -0.0033094792161136866, -0.0030877217650413513, -0.002865964313969016, -0.002644206862896681, -0.0024224494118243456, -0.0022006919607520103, -0.001978934509679675, -0.0017571770586073399, -0.0015354196075350046, -0.0013136621564626694, -0.0010919047053903341, -0.0008701472543179989, -0.0006483898032456636, -0.0004266323521733284, -0.00020487490110099316, 1.6882549971342087e-05, 0.00023864000104367733, 0.00046039698645472527, 0.0006821544375270605, 0.0009039118885993958, 0.001125669339671731, 0.0013474267907440662, 0.0015691842418164015, 0.0017909416928887367, 0.002012699143961072, 0.002234456595033407, 0.0024562140461057425, 0.0026779714971780777, 0.002899728948250413, 0.003121486399322748, 0.0033432438503950834, 0.0035650013014674187, 0.003786758752539754, 0.004008516203612089, 0.004230273887515068, 0.00445203110575676, 0.004673788323998451, 0.00489554600790143, 0.005117303691804409, 0.005339060910046101, 0.005560818128287792, 0.005782575812190771, 0.00600433349609375, 0.006226090714335442, 0.006447847932577133, 0.006669605616480112, 0.006891363300383091, 0.0071131205186247826, 0.007334877736866474, 0.007556635420769453]}, "gradients/graph_4fc3.weight": {"_type": "histogram", "values": [1.0, 0.0, 1.0, 0.0, 0.0, 1.0, 0.0, 1.0, 0.0, 2.0, 0.0, 4.0, 1.0, 4.0, 4.0, 4.0, 5.0, 5.0, 9.0, 9.0, 16.0, 6.0, 10.0, 14.0, 18.0, 30.0, 33.0, 44.0, 45.0, 59.0, 74.0, 107.0, 147.0, 259.0, 470.0, 4783.0, 803.0, 364.0, 234.0, 159.0, 98.0, 79.0, 55.0, 43.0, 41.0, 18.0, 23.0, 16.0, 17.0, 11.0, 16.0, 14.0, 9.0, 3.0, 2.0, 2.0, 5.0, 4.0, 1.0, 3.0, 2.0, 1.0, 1.0, 2.0], "bins": [-0.38955435156822205, -0.37865975499153137, -0.3677651882171631, -0.3568705916404724, -0.34597599506378174, -0.33508142828941345, -0.3241868317127228, -0.3132922649383545, -0.3023976683616638, -0.29150307178497314, -0.28060850501060486, -0.2697139084339142, -0.2588193416595459, -0.24792474508285522, -0.23703014850616455, -0.22613556683063507, -0.2152409851551056, -0.2043464034795761, -0.19345182180404663, -0.18255722522735596, -0.17166264355182648, -0.160768061876297, -0.14987346529960632, -0.13897888362407684, -0.12808430194854736, -0.11718972027301788, -0.1062951311469078, -0.09540054202079773, -0.08450596034526825, -0.07361137866973877, -0.06271678954362869, -0.051822204142808914, -0.04092764854431152, -0.030033063143491745, -0.019138477742671967, -0.008243892341852188, 0.0026506930589675903, 0.013545278459787369, 0.024439863860607147, 0.035334449261426926, 0.046229034662246704, 0.05712362006306648, 0.06801820546388626, 0.07891279458999634, 0.08980737626552582, 0.1007019579410553, 0.11159654706716537, 0.12249113619327545, 0.13338571786880493, 0.1442802995443344, 0.1551748812198639, 0.16606947779655457, 0.17696405947208405, 0.18785864114761353, 0.1987532377243042, 0.20964781939983368, 0.22054240107536316, 0.23143698275089264, 0.24233156442642212, 0.2532261610031128, 0.26412075757980347, 0.27501532435417175, 0.2859099209308624, 0.2968044877052307, 0.3076990842819214]}, "gradients/graph_4fc2.bias": {"_type": "histogram", "values": [1.0, 0.0, 0.0, 0.0, 0.0, 1.0, 0.0, 0.0, 1.0, 0.0, 0.0, 0.0, 0.0, 0.0, 1.0, 1.0, 1.0, 1.0, 2.0, 0.0, 1.0, 0.0, 2.0, 0.0, 1.0, 1.0, 0.0, 2.0, 1.0, 2.0, 2.0, 2.0, 3.0, 1.0, 4.0, 5.0, 4.0, 11.0, 9.0, 21.0, 6.0, 7.0, 3.0, 3.0, 2.0, 2.0, 0.0, 4.0, 6.0, 2.0, 0.0, 2.0, 1.0, 1.0, 0.0, 3.0, 0.0, 1.0, 1.0, 0.0, 0.0, 2.0, 0.0, 1.0],