{"acc": 0.9125, "acc_val": 0.4977, "_timestamp": 1699291837.838826, "_runtime": 178.1403088569641, "_step": 90, "_wandb": {"runtime": 177}}