{"accuracy": 0.140625, "epoch": 1, "_timestamp": 1699285061.393097, "_runtime": 0.6302499771118164, "_step": 0, "_wandb": {"runtime": 0}}