{"acc": 0.09995198463508323, "loss": 2.304150768797773, "_timestamp": 1699274838.0238338, "_runtime": 112.07271265983582, "_step": 99, "val_acc": 0.0999, "val_loss": 2.3026161909103395, "_wandb": {"runtime": 111}}