{"acc": 0.9852, "acc_val": 0.519, "_timestamp": 1699291089.599744, "_runtime": 246.89751601219177, "_step": 90, "_wandb": {"runtime": 246}}