{"accuracy": 0.14942642405063292, "epoch": 1, "_timestamp": 1699283527.5479007, "_runtime": 0.7299387454986572, "_step": 0, "_wandb": {"runtime": 0}}