{"accuracy": 0.16653481012658228, "epoch": 4, "_timestamp": 1699283017.954949, "_runtime": 0.6802608966827393, "_step": 0, "_wandb": {"runtime": 0}}