{"accuracy": 0.09889240506329114, "epoch": 0, "_timestamp": 1699283697.8607135, "_runtime": 0.6875135898590088, "_step": 0, "_wandb": {"runtime": 0}}