{"accuracy": 0.2989517405063291, "epoch": 2, "_timestamp": 1699285898.5566657, "_runtime": 0.7227416038513184, "_step": 0, "_wandb": {"runtime": 0}}