{"accuracy": 0.09889240506329114, "epoch": 3, "_timestamp": 1699285352.0071068, "_runtime": 0.6856017112731934, "_step": 0, "_wandb": {"runtime": 0}}