{"epoch": 49, "acc_train": 0.099, "train_loss": 2.312326431274414, "acc_val": 0.1, "loss_val": 2.3118655681610107, "_timestamp": 1699926804.8708284, "_runtime": 148.08727741241455, "_step": 99, "global_step": 49, "Learning rate": 0.10000000149011612, "Batch size": 64.0, "Train/Accuracy": 0.0989999994635582, "Train/Loss": 2.312326431274414, "Val/Accuracy": 0.10000000149011612, "Val/Loss": 2.3118655681610107, "Model/Norm": 185.8949432373047, "_wandb": {"runtime": 146}}