{"epoch": 100, "accuracy": 0.4045, "_timestamp": 1699913490.9834275, "_runtime": 395.01419258117676, "_step": 100, "_wandb": {"runtime": 394}}