{"epoch": 49, "accuracy": 0.1, "_timestamp": 1699907333.7238176, "_runtime": 289.47936964035034, "_step": 49, "_wandb": {"runtime": 288}}