{"Val Accuracy/Epoch": 0.3773, "Val Loss/Epoch": 35.267425537109375, "_timestamp": 1699910980.477984, "_runtime": 14.945934057235718, "_step": 49, "gradients/graph_11fc3.bias": {"_type": "histogram", "values": [1.0, 1.0, 0.0, 1.0, 1.0, 0.0, 0.0, 0.0, 0.0, 0.0, 0.0, 0.0, 0.0, 0.0, 0.0, 0.0, 0.0, 0.0, 1.0, 0.0, 0.0, 0.0, 0.0, 0.0, 0.0, 0.0, 0.0, 0.0, 0.0, 0.0, 0.0, 0.0, 0.0, 0.0, 0.0, 0.0, 0.0, 0.0, 0.0, 0.0, 0.0, 0.0, 0.0, 0.0, 0.0, 0.0, 0.0, 0.0, 0.0, 0.0, 0.0, 0.0, 0.0, 0.0, 2.0, 1.0, 0.0, 0.0, 0.0, 1.0, 0.0, 0.0, 0.0, 1.0], "bins": [-0.01976618357002735, -0.019138984382152557, -0.018511785194277763, -0.01788458600640297, -0.017257388681173325, -0.01663018949329853, -0.016002990305423737, -0.015375791117548943, -0.014748591929674149, -0.014121392741799355, -0.01349419355392456, -0.012866995297372341, -0.012239796109497547, -0.011612596921622753, -0.010985398665070534, -0.01035819947719574, -0.009731000289320946, -0.009103801101446152, -0.008476601913571358, -0.007849403657019138, -0.007222204469144344, -0.00659500528126955, -0.005967807024717331, -0.005340607836842537, -0.004713408648967743, -0.004086209461092949, -0.003459010273218155, -0.002831811085343361, -0.002204613760113716, -0.0015774145722389221, -0.0009502153843641281, -0.0003230161964893341, 0.0003041829913854599, 0.0009313821792602539, 0.001558581367135048, 0.002185780555009842, 0.002812979742884636, 0.0034401770681142807, 0.004067376255989075, 0.004694575443863869, 0.005321774631738663, 0.005948973819613457, 0.006576173007488251, 0.00720337126404047, 0.007830570451915264, 0.008457769639790058, 0.009084967896342278, 0.009712167084217072, 0.010339366272091866, 0.01096656545996666, 0.011593764647841454, 0.012220962904393673, 0.012848162092268467, 0.013475361280143261, 0.01410255953669548, 0.014729758724570274, 0.015356957912445068, 0.015984157100319862, 0.016611356288194656, 0.01723855547606945, 0.017865754663944244, 0.01849295198917389, 0.019120151177048683, 0.019747350364923477, 0.02037454955279827]}, "gradients/graph_11fc3.weight": {"_type": "histogram", "values": [1.0, 0.0, 0.0, 1.0, 0.0, 0.0, 0.0, 0.0, 0.0, 0.0, 1.0, 1.0, 0.0, 0.0, 0.0, 0.0, 2.0, 1.0, 1.0, 2.0, 2.0, 4.0, 2.0, 3.0, 3.0, 1.0, 6.0, 3.0, 4.0, 4.0, 6.0, 5.0, 10.0, 10.0, 4.0, 12.0, 13.0, 20.0, 15.0, 29.0, 42.0, 221.0, 35.0, 22.0, 26.0, 22.0, 20.0, 11.0, 11.0, 12.0, 15.0, 5.0, 7.0, 4.0, 4.0, 3.0, 3.0, 0.0, 4.0, 1.0, 2.0, 2.0, 1.0, 1.0], "bins": [-0.12525635957717896, -0.1222015917301178, -0.11914683133363724, -0.11609207093715668, -0.11303730309009552, -0.10998253524303436, -0.1069277748465538, -0.10387301445007324, -0.10081824660301208, -0.09776347875595093, -0.09470871835947037, -0.09165395796298981, -0.08859919011592865, -0.08554442226886749, -0.08248966187238693, -0.07943490147590637, -0.07638013362884521, -0.07332536578178406, -0.0702706053853035, -0.06721584498882294, -0.06416107714176178, -0.06110630929470062, -0.05805154889822006, -0.0549967885017395, -0.051942020654678345, -0.04888725280761719, -0.04583249241113663, -0.04277773201465607, -0.03972296416759491, -0.03666819632053375, -0.03361343592405319, -0.030558675527572632, -0.027503900229930878, -0.02444913238286972, -0.02139437198638916, -0.0183396115899086, -0.015284843742847443, -0.012230075895786285, -0.009175315499305725, -0.006120555102825165, -0.0030657872557640076, -1.1019408702850342e-05, 0.00304374098777771, 0.00609850138425827, 0.009153269231319427, 0.012208033353090286, 0.015262797474861145, 0.018317561596632004, 0.021372325718402863, 0.02442708984017372, 0.02748185396194458, 0.03053661808371544, 0.0335913822054863, 0.036646146327257156, 0.039700910449028015, 0.042755674570798874, 0.04581043869256973, 0.04886520281434059, 0.05191996693611145, 0.05497473105788231, 0.05802949517965317, 0.061084259301424026, 0.06413902342319489, 0.06719379127025604, 0.0702485516667366]}, "gradients/graph_11fc2.bias": {"_type": "histogram", "values": [1.0, 0.0, 0.0, 0.0, 0.0, 1.0, 1.0, 0.0, 3.0, 1.0, 0.0, 0.0, 0.0, 0.0, 1.0, 2.0, 0.0, 2.0, 1.0, 2.0, 1.0, 4.0, 1.0, 2.0, 1.0, 3.0, 16.0, 1.0, 3.0, 2.0, 1.0, 2.0, 1.0, 2.0, 2.0, 0.0, 0.0, 1.0, 1.0, 1.0, 1.0, 0.0, 0.0, 0.0, 0.0, 0.0, 0.0, 0.0, 0.0, 0.0, 0.0, 0.0, 0.0, 0.0, 1.0, 1.0, 0.0, 0.0, 0.0, 0.0, 0.0, 0.0, 0.0, 1.0], "bins": [-0.013375009410083294, -0.012861373834311962, -0.012347739189863205, -0.011834103614091873, -0.011320468038320541, -0.01080683246254921, -0.010293196886777878, -0.00977956224232912, -0.009265926666557789, -0.008752291090786457, -0.0082386564463377, -0.007725020870566368, -0.007211385294795036, -0.0066977497190237045, -0.00618411460891366, -0.005670479498803616, -0.005156843923032284, -0.004643208347260952, -0.00412957277148962, -0.003615938127040863, -0.0031023025512695312, -0.0025886669754981995, -0.0020750323310494423, -0.0015613967552781105, -0.0010477611795067787, -0.0005341256037354469, -2.0490027964115143e-05, 0.000493144616484642, 0.0010067801922559738, 0.0015204157680273056, 0.0020340504124760628, 0.0025476859882473946, 0.0030613206326961517, 0.0035749562084674835, 0.004088591784238815, 0.0046022264286875725, 0.005115862004458904, 0.005629497580230236, 0.006143132224678993, 0.006656767800450325, 0.007170403376221657, 0.007684038951992989, 0.00819767452776432, 0.008711309172213078, 0.00922494474798441, 0.009738580323755741, 0.010252214968204498, 0.01076585054397583, 0.011279486119747162, 0.011793121695518494, 0.012306757271289825, 0.012820391915738583, 0.013334027491509914, 0.013847663067281246, 0.014361297711730003, 0.014874933287501335, 0.015388568863272667, 0.015902204439044, 0.01641584001481533, 0.016929475590586662, 0.017443109303712845, 0.017956744879484177, 0.01847038045525551, 0.01898401603102684, 0.019497651606798172]}, "gradients/graph_11fc2.weight": {"_type": "histogram", "values": [2.0, 0.0, 0.0, 1.0, 1.0, 0.0, 0.0, 1.0, 3.0, 3.0, 3.0, 2.0, 1.0, 1.0, 2.0, 2.0, 3.0, 9.0, 5.0, 6.0, 3.0, 9.0, 9.0, 12.0, 15.0, 24.0, 18.0, 35.0, 67.0, 7754.0, 48.0, 27.0, 15.0, 25.0, 16.0, 7.0, 14.0, 7.0, 7.0, 5.0, 2.0, 5.0, 2.0, 2.0, 0.0, 1.0, 1.0, 2.0, 0.0, 2.0, 3.0, 1.0, 1.0, 0.0, 1.0, 0.0, 0.0, 1.0, 0.0, 0.0, 1.0, 0.0, 2.0, 3.0], "bins": [-0.13565337657928467, -0.1310417503118515, -0.12643013894557953, -0.12181851267814636, -0.11720689386129379, -0.11259527504444122, -0.10798364877700806, -0.10337202996015549, -0.09876041114330292, -0.09414879232645035, -0.08953717350959778, -0.08492554724216461, -0.08031392842531204, -0.07570230960845947, -0.0710906833410263, -0.06647906452417374, -0.06186744570732117, -0.0572558268904686, -0.05264420807361603, -0.04803258180618286, -0.04342096298933029, -0.03880934417247772, -0.034197717905044556, -0.029586099088191986, -0.024974480271339417, -0.020362861454486847, -0.015751242637634277, -0.01113961637020111, -0.006527990102767944, -0.0019163787364959717, 0.002695247530937195, 0.0073068588972091675, 0.011918500065803528, 0.016530126333236694, 0.021141737699508667, 0.025753363966941833, 0.030364975333213806, 0.03497660160064697, 0.03958822786808014, 0.04419984668493271, 0.04881146550178528, 0.05342308431863785, 0.05803470313549042, 0.06264632940292358, 0.06725794821977615, 0.07186956703662872, 0.07648119330406189, 0.08109281212091446, 0.08570443093776703, 0.0903160497546196, 0.09492766857147217, 0.09953929483890533, 0.1041509136557579, 0.10876253247261047, 0.11337415874004364, 0.11798577755689621, 0.12259739637374878, 0.12720900774002075, 0.13182063400745392, 0.13643226027488708, 0.14104387164115906, 0.14565549790859222, 0.1502671241760254, 0.15487873554229736, 0.15949036180973053]}, "gradients/graph_11fc1.bias": {"_type": "histogram", "values": [1.0, 0.0, 0.0, 0.0, 0.0, 0.0, 0.0, 0.0, 0.0, 0.0, 2.0, 0.0, 0.0, 0.0, 0.0, 0.0, 0.0, 0.0, 0.0, 0.0, 0.0, 1.0, 0.0, 0.0, 0.0, 0.0, 1.0, 0.0, 0.0, 0.0, 1.0, 0.0, 0.0, 116.0, 0.0, 0.0, 0.0, 2.0, 0.0, 0.0, 0.0, 0.0, 0.0, 0.0, 1.0, 0.0, 0.0, 0.0, 0.0, 0.0, 0.0, 0.0, 0.0, 0.0, 0.0, 0.0, 0.0, 0.0, 0.0, 0.0, 0.0, 1.0, 1.0, 1.0],