{"accuracy": 0.09661787974683544, "epoch": 1, "_timestamp": 1699283911.1242828, "_runtime": 0.6996219158172607, "_step": 0, "_wandb": {"runtime": 0}}