{"epoch": 49, "acc_train": 0.3707, "train_loss": 1.763382077217102, "acc_val": 0.3088, "loss_val": 1.9830814599990845, "_timestamp": 1699934382.4344804, "_runtime": 62.67543840408325, "_step": 99, "global_step": 49, "Learning rate": 0.10000000149011612, "Batch size": 256.0, "Train/Accuracy": 0.37070000171661377, "Train/Loss": 1.763382077217102, "Val/Accuracy": 0.30880001187324524, "Val/Loss": 1.9830814599990845, "Model/Norm": 52.76911163330078, "_wandb": {"runtime": 61}}