{"accuracy": 0.09958465189873418, "epoch": 2, "_timestamp": 1699284143.6757185, "_runtime": 0.6186776161193848, "_step": 0, "_wandb": {"runtime": 0}}