{"accuracy": 0.24930775316455697, "epoch": 4, "_timestamp": 1699285006.838078, "_runtime": 0.6363461017608643, "_step": 0, "_wandb": {"runtime": 0}}