{"acc": 0.913, "acc_val": 0.4998, "_timestamp": 1699287519.152963, "_runtime": 205.21586084365845, "_step": 117, "_wandb": {"runtime": 204}}