{"epoch": 29, "acc_train": 0.3261, "train_loss": 1.8785730600357056, "acc_val": 0.2994, "loss_val": 1.9767509698867798, "_timestamp": 1699926448.0421247, "_runtime": 62.24390769004822, "_step": 59, "global_step": 29, "Learning rate": 0.10000000149011612, "Batch size": 256.0, "Train/Accuracy": 0.3260999917984009, "Train/Loss": 1.8785730600357056, "Val/Accuracy": 0.2994000017642975, "Val/Loss": 1.9767509698867798, "Model/Norm": 37.577877044677734, "_wandb": {"runtime": 60}}