{"accuracy": 0.1137262658227848, "epoch": 4, "_timestamp": 1699284916.3620653, "_runtime": 0.7010023593902588, "_step": 0, "_wandb": {"runtime": 0}}