{"accuracy": 0.0992879746835443, "epoch": 6, "_timestamp": 1699282669.4139383, "_runtime": 0.6865763664245605, "_step": 0, "_wandb": {"runtime": 0}}