{"epoch": 59, "accuracy": 0.4195, "_timestamp": 1699921344.90035, "_runtime": 137.36466717720032, "_step": 59, "_wandb": {"runtime": 136}}