{"epoch": 2, "loss": 2.2662606391906737, "_timestamp": 1699227942.1611373, "_runtime": 27.172373294830322, "_step": 2, "_wandb": {"runtime": 29}}