{"acc": 0.7358, "acc_val": 0.5046, "_timestamp": 1699288814.6911006, "_runtime": 254.4318015575409, "_step": 116, "_wandb": {"runtime": 253}}