{"_wandb": {"runtime": 37}, "global_step": 0, "_timestamp": 1699899472.1077137, "Learning rate": 0.019878877326846123, "Batch size": 256.0, "_runtime": 4.326253652572632, "_step": 0}