{"Val Accuracy/Epoch": 0.4306, "Val Loss/Epoch": 32.16151809692383, "_timestamp": 1699944557.861865, "_runtime": 17.40072512626648, "_step": 49, "gradients/graph_4fc3.bias": {"_type": "histogram", "values": [1.0, 0.0, 0.0, 0.0, 0.0, 0.0, 0.0, 0.0, 0.0, 0.0, 0.0, 0.0, 0.0, 0.0, 1.0, 0.0, 0.0, 0.0, 1.0, 0.0, 0.0, 0.0, 0.0, 1.0, 0.0, 0.0, 0.0, 0.0, 0.0, 1.0, 0.0, 0.0, 1.0, 0.0, 0.0, 0.0, 0.0, 0.0, 2.0, 0.0, 0.0, 0.0, 0.0, 0.0, 0.0, 0.0, 0.0, 0.0, 0.0, 0.0, 0.0, 1.0, 0.0, 0.0, 0.0, 0.0, 0.0, 0.0, 0.0, 0.0, 0.0, 0.0, 0.0, 1.0], "bins": [-0.03264464810490608, -0.03159574791789055, -0.030546845868229866, -0.029497943818569183, -0.02844904363155365, -0.027400141581892967, -0.026351239532232285, -0.02530233934521675, -0.02425343729555607, -0.023204535245895386, -0.022155635058879852, -0.02110673300921917, -0.020057830959558487, -0.019008930772542953, -0.01796002872288227, -0.016911128535866737, -0.015862226486206055, -0.014813324436545372, -0.013764424249529839, -0.012715522199869156, -0.011666622012853622, -0.01061771996319294, -0.009568817913532257, -0.008519917726516724, -0.007471015676856041, -0.006422113627195358, -0.005373213440179825, -0.004324311390519142, -0.0032754093408584595, -0.002226509153842926, -0.0011776089668273926, -0.00012870505452156067, 0.0009201951324939728, 0.0019690953195095062, 0.003017999231815338, 0.004066899418830872, 0.005115799605846405, 0.006164701655507088, 0.00721360370516777, 0.008262503892183304, 0.009311405941843987, 0.01036030799150467, 0.011409208178520203, 0.012458110228180885, 0.013507012277841568, 0.014555912464857101, 0.015604814514517784, 0.016653714701533318, 0.017702616751194, 0.018751518800854683, 0.019800418987870216, 0.0208493210375309, 0.021898221224546432, 0.022947123274207115, 0.023996025323867798, 0.02504492551088333, 0.026093827560544014, 0.027142729610204697, 0.02819162979722023, 0.029240531846880913, 0.030289433896541595, 0.03133833408355713, 0.03238723427057266, 0.033436138182878494, 0.03448503836989403]}, "gradients/graph_4fc3.weight": {"_type": "histogram", "values": [1.0, 0.0, 1.0, 0.0, 1.0, 1.0, 0.0, 0.0, 1.0, 2.0, 3.0, 3.0, 2.0, 3.0, 2.0, 6.0, 5.0, 7.0, 11.0, 8.0, 8.0, 11.0, 7.0, 15.0, 22.0, 16.0, 26.0, 30.0, 35.0, 32.0, 89.0, 42.0, 36.0, 27.0, 25.0, 21.0, 22.0, 17.0, 16.0, 16.0, 14.0, 12.0, 7.0, 5.0, 6.0, 4.0, 3.0, 4.0, 1.0, 0.0, 1.0, 1.0, 0.0, 1.0, 2.0, 3.0, 1.0, 2.0, 0.0, 0.0, 0.0, 0.0, 0.0, 3.0], "bins": [-0.06589874625205994, -0.06376947462558746, -0.06164021044969559, -0.05951094254851341, -0.05738167464733124, -0.05525240674614906, -0.05312313884496689, -0.050993870943784714, -0.04886460304260254, -0.046735335141420364, -0.04460606724023819, -0.042476799339056015, -0.04034753143787384, -0.038218263536691666, -0.03608899563550949, -0.033959727734327316, -0.03183045983314514, -0.029701191931962967, -0.027571924030780792, -0.025442656129598618, -0.023313388228416443, -0.021184120327234268, -0.019054852426052094, -0.01692558452486992, -0.014796316623687744, -0.01266704872250557, -0.010537780821323395, -0.00840851292014122, -0.006279245018959045, -0.004149977117776871, -0.002020709216594696, 0.00010855495929718018, 0.0022378265857696533, 0.0043670982122421265, 0.006496362388134003, 0.008625630289316177, 0.010754898190498352, 0.012884166091680527, 0.015013433992862701, 0.017142701894044876, 0.01927196979522705, 0.021401237696409225, 0.0235305055975914, 0.025659773498773575, 0.02778904139995575, 0.029918309301137924, 0.0320475772023201, 0.034176845103502274, 0.03630611300468445, 0.03843538090586662, 0.0405646488070488, 0.04269391670823097, 0.04482318460941315, 0.04695245251059532, 0.049081720411777496, 0.05121098831295967, 0.053340256214141846, 0.05546952411532402, 0.057598792016506195, 0.05972805991768837, 0.061857327818870544, 0.06398659944534302, 0.0661158636212349, 0.06824512779712677, 0.07037439942359924]}, "gradients/graph_4fc2.bias": {"_type": "histogram", "values": [1.0, 0.0, 1.0, 0.0, 0.0, 0.0, 0.0, 1.0, 0.0, 1.0, 0.0, 2.0, 0.0, 0.0, 2.0, 0.0, 0.0, 2.0, 1.0, 1.0, 1.0, 2.0, 2.0, 0.0, 2.0, 2.0, 2.0, 1.0, 0.0, 2.0, 6.0, 5.0, 5.0, 0.0, 0.0, 2.0, 2.0, 0.0, 3.0, 1.0, 0.0, 1.0, 0.0, 0.0, 1.0, 3.0, 0.0, 2.0, 0.0, 0.0, 2.0, 1.0, 1.0, 0.0, 0.0, 0.0, 0.0, 1.0, 0.0, 1.0, 0.0, 0.0, 0.0, 1.0], "bins": [-0.024829840287566185, -0.024034971371293068, -0.0232401043176651, -0.022445235401391983, -0.021650366485118866, -0.02085549756884575, -0.020060628652572632, -0.019265761598944664, -0.018470892682671547, -0.01767602376639843, -0.016881156712770462, -0.016086287796497345, -0.015291418880224228, -0.01449654996395111, -0.013701681979000568, -0.012906813994050026, -0.012111945077776909, -0.011317076161503792, -0.01052220817655325, -0.009727340191602707, -0.00893247127532959, -0.008137602359056473, -0.007342735305428505, -0.006547866389155388, -0.005752997472882271, -0.004958128556609154, -0.004163259640336037, -0.003368392586708069, -0.0025735236704349518, -0.0017786547541618347, -0.0009837877005338669, -0.00018891878426074982, 0.000605948269367218, 0.001400817185640335, 0.002195686101913452, 0.00299055315554142, 0.003785422071814537, 0.004580290988087654, 0.005375158041715622, 0.006170026957988739, 0.006964895874261856, 0.007759764790534973, 0.00855463370680809, 0.009349500760436058, 0.010144369676709175, 0.010939238592982292, 0.011734106577932835, 0.012528974562883377, 0.013323843479156494, 0.014118712395429611, 0.014913580380380154, 0.015708448365330696, 0.016503317281603813, 0.01729818619787693, 0.018093053251504898, 0.018887922167778015, 0.019682791084051132, 0.02047766000032425, 0.021272528916597366, 0.022067395970225334, 0.02286226488649845, 0.02365713380277157, 0.024452000856399536, 0.025246869772672653, 0.02604173868894577]}, "gradients/graph_4fc2.weight": {"_type": "histogram", "values": [1.0, 0.0, 0.0, 0.0, 0.0, 0.0, 0.0, 0.0, 0.0, 1.0, 5.0, 3.0, 0.0, 3.0, 1.0, 6.0, 14.0, 6.0, 14.0, 16.0, 18.0, 43.0, 44.0, 47.0, 72.0, 122.0, 201.0, 298.0, 524.0, 761.0, 4462.0, 531.0, 342.0, 189.0, 128.0, 79.0, 59.0, 49.0, 36.0, 38.0, 15.0, 12.0, 12.0, 9.0, 4.0, 7.0, 6.0, 3.0, 3.0, 2.0, 0.0, 1.0, 0.0, 1.0, 1.0, 0.0, 1.0, 0.0, 0.0, 0.0, 1.0, 0.0, 0.0, 1.0], "bins": [-0.09981577843427658, -0.09650562703609467, -0.09319546818733215, -0.08988531678915024, -0.08657516539096832, -0.08326500654220581, -0.0799548551440239, -0.07664470374584198, -0.07333454489707947, -0.07002439349889755, -0.06671424210071564, -0.06340408325195312, -0.06009393185377121, -0.056783780455589294, -0.05347362533211708, -0.050163473933935165, -0.04685331881046295, -0.04354316368699074, -0.04023301228880882, -0.03692285716533661, -0.033612705767154694, -0.03030254691839218, -0.026992395520210266, -0.02368224412202835, -0.02037208527326584, -0.017061933875083923, -0.013751782476902008, -0.010441631078720093, -0.007131472229957581, -0.0038213208317756653, -0.00051116943359375, 0.002798989415168762, 0.006109148263931274, 0.00941929966211319, 0.012729458510875702, 0.016039609909057617, 0.019349761307239532, 0.022659920156002045, 0.02597007155418396, 0.029280222952365875, 0.03259037435054779, 0.0359005331993103, 0.03921068459749222, 0.04252083599567413, 0.045830994844436646, 0.04914114624261856, 0.052451301366090775, 0.05576145276427269, 0.059071607887744904, 0.06238176301121712, 0.06569191813468933, 0.06900206953287125, 0.07231222093105316, 0.07562237977981567, 0.07893253117799759, 0.0822426825761795, 0.08555284142494202, 0.08886299282312393, 0.09217314422130585, 0.09548330307006836, 0.09879345446825027, 0.10210360586643219, 0.1054137572646141, 0.10872391611337662, 0.11203406751155853]}, "gradients/graph_4fc1.bias": {"_type": "histogram", "values": [1.0, 0.0, 1.0, 0.0, 0.0, 0.0, 0.0, 1.0, 0.0, 1.0, 1.0, 0.0, 0.0, 0.0, 1.0, 1.0, 0.0, 1.0, 0.0, 0.0, 1.0, 0.0, 1.0, 1.0, 2.0, 1.0, 0.0, 2.0, 2.0, 0.0, 3.0, 4.0, 4.0, 3.0, 4.0, 52.0, 6.0, 5.0, 3.0, 1.0, 1.0, 5.0, 1.0, 4.0, 1.0, 0.0, 3.0, 0.0, 0.0, 0.0, 1.0, 1.0, 2.0, 0.0, 0.0, 1.0, 2.0, 2.0, 0.0, 0.0, 0.0, 0.0, 0.0, 1.0],