{"accuracy": 0.10393591772151899, "epoch": 11, "_timestamp": 1699282699.1367884, "_runtime": 0.7193074226379395, "_step": 0, "_wandb": {"runtime": 0}}