{"Val Accuracy/Epoch": 0.3667, "Val Loss/Epoch": 35.737483978271484, "_timestamp": 1699944658.523517, "_runtime": 17.61272883415222, "_step": 49, "gradients/graph_8fc3.bias": {"_type": "histogram", "values": [1.0, 0.0, 1.0, 0.0, 0.0, 0.0, 1.0, 0.0, 0.0, 0.0, 1.0, 1.0, 1.0, 0.0, 0.0, 0.0, 0.0, 0.0, 0.0, 0.0, 0.0, 0.0, 0.0, 0.0, 0.0, 0.0, 0.0, 0.0, 0.0, 0.0, 0.0, 0.0, 0.0, 0.0, 0.0, 0.0, 0.0, 0.0, 0.0, 0.0, 0.0, 0.0, 0.0, 0.0, 0.0, 0.0, 1.0, 1.0, 0.0, 0.0, 0.0, 0.0, 0.0, 1.0, 0.0, 0.0, 0.0, 0.0, 0.0, 0.0, 0.0, 0.0, 0.0, 1.0], "bins": [-0.026403404772281647, -0.025373375043272972, -0.024343343451619148, -0.023313313722610474, -0.02228328213095665, -0.021253252401947975, -0.0202232226729393, -0.019193191081285477, -0.018163161352276802, -0.017133131623268127, -0.016103100031614304, -0.015073070302605629, -0.01404303964227438, -0.01301300898194313, -0.011982979252934456, -0.010952948592603207, -0.009922917932271957, -0.008892888203263283, -0.007862856611609459, -0.006832826882600784, -0.0058027952909469604, -0.004772765561938286, -0.003742735832929611, -0.0027127042412757874, -0.0016826745122671127, -0.0006526447832584381, 0.00037738680839538574, 0.0014074165374040604, 0.002437446266412735, 0.003467477858066559, 0.0044975075870752335, 0.005527537316083908, 0.006557568907737732, 0.007587600499391556, 0.00861763022840023, 0.009647659957408905, 0.010677691549062729, 0.011707721278071404, 0.012737751007080078, 0.013767782598733902, 0.014797812327742577, 0.01582784205675125, 0.016857873648405075, 0.01788790337741375, 0.018917933106422424, 0.019947964698076248, 0.020977994427084923, 0.022008026018738747, 0.02303805574774742, 0.024068087339401245, 0.02509811706840992, 0.026128146797418594, 0.027158178389072418, 0.028188208118081093, 0.029218237847089767, 0.03024826943874359, 0.03127829730510712, 0.03230832889676094, 0.033338360488414764, 0.03436838835477829, 0.035398419946432114, 0.03642845153808594, 0.03745848312973976, 0.03848851099610329, 0.03951854258775711]}, "gradients/graph_8fc3.weight": {"_type": "histogram", "values": [1.0, 2.0, 1.0, 0.0, 0.0, 1.0, 1.0, 1.0, 1.0, 3.0, 1.0, 2.0, 6.0, 2.0, 6.0, 2.0, 3.0, 4.0, 5.0, 7.0, 4.0, 7.0, 7.0, 7.0, 12.0, 12.0, 13.0, 22.0, 20.0, 315.0, 30.0, 34.0, 18.0, 12.0, 10.0, 12.0, 7.0, 4.0, 7.0, 6.0, 5.0, 4.0, 2.0, 3.0, 2.0, 3.0, 1.0, 1.0, 0.0, 1.0, 0.0, 3.0, 1.0, 0.0, 2.0, 1.0, 0.0, 0.0, 1.0, 0.0, 0.0, 0.0, 0.0, 2.0], "bins": [-0.1221480742096901, -0.1179761216044426, -0.1138041689991951, -0.1096322163939476, -0.1054602712392807, -0.1012883186340332, -0.0971163660287857, -0.09294441342353821, -0.08877246081829071, -0.08460050821304321, -0.08042855560779572, -0.07625660300254822, -0.07208465039730072, -0.06791269779205322, -0.06374075263738632, -0.059568800032138824, -0.05539684742689133, -0.05122489482164383, -0.04705294221639633, -0.042880989611148834, -0.03870903700590134, -0.034537091851234436, -0.03036513924598694, -0.02619318664073944, -0.022021234035491943, -0.017849281430244446, -0.013677328824996948, -0.00950537621974945, -0.00533343106508255, -0.0011614784598350525, 0.003010474145412445, 0.007182426750659943, 0.011354371905326843, 0.01552632451057434, 0.01969827711582184, 0.023870229721069336, 0.028042182326316833, 0.032214127480983734, 0.03638608008623123, 0.04055803269147873, 0.04472998529672623, 0.048901937901973724, 0.05307389050722122, 0.05724584311246872, 0.06141778826713562, 0.06558974087238312, 0.06976169347763062, 0.07393364608287811, 0.07810559868812561, 0.08227755129337311, 0.0864495038986206, 0.0906214565038681, 0.0947934091091156, 0.0989653617143631, 0.10313730686903, 0.1073092594742775, 0.111481212079525, 0.11565316468477249, 0.11982511729001999, 0.12399706244468689, 0.1281690150499344, 0.13234096765518188, 0.13651292026042938, 0.14068487286567688, 0.14485682547092438]}, "gradients/graph_8fc2.bias": {"_type": "histogram", "values": [1.0, 0.0, 0.0, 0.0, 1.0, 0.0, 0.0, 0.0, 0.0, 0.0, 0.0, 0.0, 1.0, 0.0, 0.0, 1.0, 0.0, 0.0, 0.0, 0.0, 0.0, 0.0, 2.0, 0.0, 1.0, 0.0, 1.0, 1.0, 1.0, 1.0, 0.0, 1.0, 2.0, 2.0, 1.0, 2.0, 26.0, 0.0, 1.0, 3.0, 1.0, 4.0, 2.0, 1.0, 2.0, 0.0, 2.0, 0.0, 0.0, 0.0, 0.0, 0.0, 0.0, 1.0, 0.0, 0.0, 1.0, 0.0, 0.0, 0.0, 0.0, 0.0, 0.0, 1.0], "bins": [-0.01476228516548872, -0.014357210136950016, -0.013952134177088737, -0.013547059148550034, -0.01314198412001133, -0.012736909091472626, -0.012331834062933922, -0.011926758103072643, -0.01152168307453394, -0.011116608045995235, -0.010711532086133957, -0.010306457057595253, -0.009901382029056549, -0.009496307000517845, -0.009091231971979141, -0.008686156012117863, -0.008281080983579159, -0.007876005955040455, -0.007470930460840464, -0.007065854966640472, -0.0066607799381017685, -0.006255704909563065, -0.005850628949701786, -0.005445553921163082, -0.005040478892624378, -0.004635403864085674, -0.00423032883554697, -0.003825252875685692, -0.003420177847146988, -0.003015102818608284, -0.0026100268587470055, -0.0022049518302083015, -0.0017998777329921722, -0.0013948027044534683, -0.0009897276759147644, -0.0005846517160534859, -0.00017957668751478195, 0.00022549834102392197, 0.0006305743008852005, 0.0010356493294239044, 0.0014407243579626083, 0.0018457993865013123, 0.002250874415040016, 0.0026559503749012947, 0.0030610254034399986, 0.0034661004319787025, 0.0038711759261786938, 0.004276251420378685, 0.004681326448917389, 0.005086401477456093, 0.005491476971656084, 0.005896552465856075, 0.006301627494394779, 0.006706702522933483, 0.007111778017133474, 0.007516853511333466, 0.00792192853987217, 0.008327003568410873, 0.008732078596949577, 0.009137154556810856, 0.00954222958534956, 0.009947304613888264, 0.010352380573749542, 0.010757455602288246, 0.01116253063082695]}, "gradients/graph_8fc2.weight": {"_type": "histogram", "values": [1.0, 0.0, 0.0, 1.0, 0.0, 0.0, 0.0, 0.0, 0.0, 0.0, 2.0, 2.0, 1.0, 0.0, 2.0, 3.0, 0.0, 1.0, 2.0, 3.0, 1.0, 6.0, 2.0, 1.0, 5.0, 7.0, 9.0, 7.0, 6.0, 13.0, 18.0, 24.0, 41.0, 49.0, 7793.0, 61.0, 26.0, 29.0, 20.0, 13.0, 10.0, 7.0, 6.0, 3.0, 3.0, 1.0, 1.0, 4.0, 1.0, 1.0, 0.0, 0.0, 2.0, 1.0, 1.0, 1.0, 0.0, 0.0, 0.0, 0.0, 0.0, 0.0, 0.0, 1.0], "bins": [-0.21309156715869904, -0.2069120705127716, -0.20073255896568298, -0.19455306231975555, -0.18837356567382812, -0.1821940690279007, -0.17601455748081207, -0.16983506083488464, -0.16365556418895721, -0.15747606754302979, -0.15129655599594116, -0.14511705935001373, -0.1389375627040863, -0.13275805115699768, -0.12657855451107025, -0.12039905786514282, -0.1142195537686348, -0.10804004967212677, -0.10186055302619934, -0.09568104892969131, -0.08950155228376389, -0.08332204818725586, -0.07714255154132843, -0.070963054895401, -0.06478354334831238, -0.05860404670238495, -0.05242455005645752, -0.046245038509368896, -0.04006554186344147, -0.03388604521751404, -0.02770654857158661, -0.021527037024497986, -0.015347540378570557, -0.009168043732643127, -0.0029885321855545044, 0.003190964460372925, 0.009370461106300354, 0.015549957752227783, 0.021729469299316406, 0.027908965945243835, 0.034088462591171265, 0.04026797413825989, 0.04644747078418732, 0.052626967430114746, 0.05880647152662277, 0.0649859681725502, 0.07116547226905823, 0.07734496891498566, 0.08352447301149368, 0.08970397710800171, 0.09588347375392914, 0.10206297785043716, 0.1082424744963646, 0.11442197859287262, 0.12060147523880005, 0.12678098678588867, 0.1329604834318161, 0.13913998007774353, 0.14531947672367096, 0.15149898827075958, 0.157678484916687, 0.16385798156261444, 0.17003747820854187, 0.1762169897556305, 0.18239648640155792]}, "gradients/graph_8fc1.bias": {"_type": "histogram", "values": [1.0, 0.0, 0.0, 0.0, 0.0, 0.0, 0.0, 0.0, 0.0, 0.0, 0.0, 0.0, 0.0, 0.0, 1.0, 0.0, 0.0, 0.0, 0.0, 0.0, 0.0, 0.0, 0.0, 0.0, 0.0, 0.0, 0.0, 0.0, 2.0, 1.0, 0.0, 0.0, 0.0, 0.0, 1.0, 0.0, 1.0, 1.0, 0.0, 2.0, 113.0, 0.0, 0.0, 2.0, 1.0, 0.0, 0.0, 0.0, 0.0, 0.0, 1.0, 0.0, 0.0, 0.0, 0.0, 0.0, 0.0, 0.0, 0.0, 0.0, 0.0, 0.0, 0.0, 1.0],