{"acc": 0.6917, "acc_val": 0.5051, "_timestamp": 1699292343.5115213, "_runtime": 182.0539002418518, "_step": 87, "_wandb": {"runtime": 181}}