{"accuracy": 0.10462816455696203, "epoch": 0, "_timestamp": 1699285610.551443, "_runtime": 0.741340160369873, "_step": 0, "_wandb": {"runtime": 0}}