{"accuracy": 0.09889240506329114, "epoch": 0, "_timestamp": 1699283083.0277562, "_runtime": 0.7339053153991699, "_step": 0, "_wandb": {"runtime": 0}}