{"Val Accuracy/Epoch": 0.412, "Val Loss/Epoch": 32.85492706298828, "_timestamp": 1699910649.375854, "_runtime": 19.911582946777344, "_step": 49, "gradients/fc3.bias": {"_type": "histogram", "values": [1.0, 0.0, 1.0, 0.0, 0.0, 0.0, 0.0, 0.0, 0.0, 0.0, 0.0, 0.0, 0.0, 1.0, 0.0, 0.0, 0.0, 0.0, 1.0, 2.0, 0.0, 1.0, 0.0, 0.0, 0.0, 0.0, 0.0, 0.0, 0.0, 1.0, 0.0, 0.0, 0.0, 0.0, 0.0, 0.0, 0.0, 0.0, 0.0, 0.0, 1.0, 0.0, 0.0, 0.0, 0.0, 0.0, 0.0, 0.0, 0.0, 0.0, 0.0, 0.0, 0.0, 0.0, 0.0, 0.0, 0.0, 0.0, 0.0, 0.0, 0.0, 0.0, 0.0, 1.0], "bins": [-0.01879134029150009, -0.017970601096749306, -0.01714986003935337, -0.016329120844602585, -0.015508380718529224, -0.014687640592455864, -0.013866901397705078, -0.013046161271631718, -0.012225421145558357, -0.011404681019484997, -0.010583940893411636, -0.00976320169866085, -0.00894246157258749, -0.00812172144651413, -0.007300982251763344, -0.006480242125689983, -0.005659501999616623, -0.0048387618735432625, -0.004018021747469902, -0.003197282552719116, -0.002376541495323181, -0.0015558023005723953, -0.0007350631058216095, 8.567795157432556e-05, 0.0009064171463251114, 0.0017271563410758972, 0.0025478973984718323, 0.003368636593222618, 0.004189375787973404, 0.005010116845369339, 0.005830856040120125, 0.00665159709751606, 0.007472336292266846, 0.008293075487017632, 0.009113816544413567, 0.009934555739164352, 0.010755296796560287, 0.011576035991311073, 0.012396775186061859, 0.013217516243457794, 0.01403825543820858, 0.014858994632959366, 0.0156797356903553, 0.016500474885106087, 0.017321214079856873, 0.018141955137252808, 0.018962694332003593, 0.01978343352675438, 0.020604174584150314, 0.02142491564154625, 0.022245654836297035, 0.02306639403104782, 0.023887135088443756, 0.024707874283194542, 0.025528613477945328, 0.026349354535341263, 0.02717009373009205, 0.027990832924842834, 0.02881157398223877, 0.029632313176989555, 0.03045305237174034, 0.031273793429136276, 0.03209453448653221, 0.03291527181863785, 0.03373601287603378]}, "gradients/fc3.weight": {"_type": "histogram", "values": [1.0, 0.0, 0.0, 1.0, 0.0, 0.0, 2.0, 0.0, 1.0, 4.0, 0.0, 1.0, 1.0, 2.0, 6.0, 7.0, 9.0, 7.0, 13.0, 12.0, 17.0, 20.0, 13.0, 24.0, 29.0, 35.0, 37.0, 37.0, 78.0, 53.0, 45.0, 32.0, 23.0, 15.0, 23.0, 9.0, 9.0, 5.0, 6.0, 10.0, 12.0, 4.0, 4.0, 2.0, 3.0, 3.0, 4.0, 1.0, 5.0, 1.0, 1.0, 3.0, 2.0, 1.0, 2.0, 0.0, 1.0, 1.0, 2.0, 0.0, 0.0, 0.0, 0.0, 1.0], "bins": [-0.03294297680258751, -0.03179940953850746, -0.030655844137072563, -0.029512276872992516, -0.028368711471557617, -0.02722514420747757, -0.026081576943397522, -0.024938009679317474, -0.023794444277882576, -0.022650878876447678, -0.02150731161236763, -0.020363744348287582, -0.019220177084207535, -0.018076611682772636, -0.01693304441869259, -0.01578947901725769, -0.014645911753177643, -0.013502344489097595, -0.012358779087662697, -0.01121521182358265, -0.01007164642214775, -0.008928079158067703, -0.007784511893987656, -0.006640946492552757, -0.00549737922847271, -0.004353811964392662, -0.0032102465629577637, -0.002066679298877716, -0.0009231120347976685, 0.00022045522928237915, 0.0013640187680721283, 0.002507586032152176, 0.0036511532962322235, 0.004794720560312271, 0.005938287824392319, 0.007081851363182068, 0.008225418627262115, 0.009368985891342163, 0.01051255315542221, 0.011656118556857109, 0.012799685820937157, 0.013943253085017204, 0.015086818486452103, 0.01623038575053215, 0.017373953014612198, 0.018517518416047096, 0.019661085680127144, 0.020804651081562042, 0.02194821834564209, 0.023091785609722137, 0.024235351011157036, 0.025378918275237083, 0.026522483676671982, 0.02766605094075203, 0.028809618204832077, 0.029953185468912125, 0.031096750870347023, 0.03224031627178192, 0.03338388353586197, 0.03452745079994202, 0.035671018064022064, 0.03681458532810211, 0.03795814886689186, 0.03910171613097191, 0.040245283395051956]}, "gradients/fc2.bias": {"_type": "histogram", "values": [1.0, 0.0, 0.0, 0.0, 1.0, 0.0, 0.0, 0.0, 0.0, 0.0, 0.0, 0.0, 0.0, 0.0, 1.0, 0.0, 0.0, 0.0, 2.0, 1.0, 3.0, 0.0, 0.0, 0.0, 2.0, 1.0, 1.0, 1.0, 1.0, 4.0, 2.0, 1.0, 5.0, 3.0, 4.0, 2.0, 4.0, 1.0, 5.0, 2.0, 2.0, 1.0, 3.0, 1.0, 1.0, 0.0, 3.0, 0.0, 0.0, 2.0, 1.0, 0.0, 0.0, 0.0, 0.0, 0.0, 0.0, 0.0, 0.0, 0.0, 0.0, 0.0, 1.0, 1.0], "bins": [-0.032549675554037094, -0.03164274990558624, -0.03073582611978054, -0.02982890047132969, -0.028921974822878838, -0.028015051037073135, -0.027108125388622284, -0.026201199740171432, -0.02529427409172058, -0.02438735030591488, -0.023480424657464027, -0.022573500871658325, -0.021666575223207474, -0.020759649574756622, -0.01985272392630577, -0.01894579827785492, -0.018038874492049217, -0.017131950706243515, -0.016225025057792664, -0.015318099409341812, -0.01441117376089096, -0.013504249975085258, -0.012597324326634407, -0.011690398678183556, -0.010783474892377853, -0.009876549243927002, -0.00896962359547615, -0.008062697947025299, -0.007155774161219597, -0.006248848512768745, -0.005341922864317894, -0.004434999078512192, -0.003528071567416191, -0.0026211459189653397, -0.0017142221331596375, -0.000807296484708786, 9.962916374206543e-05, 0.0010065529495477676, 0.001913478597998619, 0.0028204042464494705, 0.003727329894900322, 0.004634253680706024, 0.005541179329156876, 0.006448104977607727, 0.007355028763413429, 0.00826195441186428, 0.009168880060315132, 0.010075804777443409, 0.010982729494571686, 0.011889654211699963, 0.012796579860150814, 0.013703504577279091, 0.014610430225729942, 0.01551735494285822, 0.016424279659986496, 0.017331205308437347, 0.0182381309568882, 0.0191450547426939, 0.020051980391144753, 0.020958904176950455, 0.021865829825401306, 0.022772755473852158, 0.02367968112230301, 0.02458660490810871, 0.025493530556559563]}, "gradients/fc2.weight": {"_type": "histogram", "values": [1.0, 0.0, 0.0, 0.0, 0.0, 0.0, 0.0, 1.0, 1.0, 3.0, 1.0, 0.0, 2.0, 1.0, 6.0, 3.0, 6.0, 5.0, 7.0, 10.0, 18.0, 24.0, 30.0, 41.0, 51.0, 63.0, 93.0, 99.0, 154.0, 212.0, 288.0, 402.0, 613.0, 932.0, 2422.0, 876.0, 594.0, 386.0, 258.0, 182.0, 117.0, 75.0, 59.0, 36.0, 29.0, 22.0, 11.0, 9.0, 8.0, 6.0, 7.0, 4.0, 4.0, 3.0, 4.0, 5.0, 2.0, 1.0, 1.0, 1.0, 1.0, 0.0, 0.0, 2.0], "bins": [-0.04175513982772827, -0.040544383227825165, -0.03933362290263176, -0.03812286630272865, -0.036912109702825546, -0.03570134937763214, -0.034490592777729034, -0.03327983617782593, -0.03206907957792282, -0.030858319252729416, -0.02964756265282631, -0.028436804190278053, -0.027226045727729797, -0.02601528912782669, -0.024804530665278435, -0.023593774065375328, -0.022383015602827072, -0.021172257140278816, -0.01996150054037571, -0.018750742077827454, -0.017539985477924347, -0.01632922701537609, -0.015118468552827835, -0.013907711952924728, -0.012696953490376472, -0.011486195027828217, -0.01027543842792511, -0.009064681828022003, -0.007853921502828598, -0.006643164902925491, -0.005432408303022385, -0.0042216479778289795, -0.0030108951032161713, -0.0018001385033130646, -0.0005893781781196594, 0.0006213784217834473, 0.001832135021686554, 0.003042895346879959, 0.004253651946783066, 0.0054644085466861725, 0.006675167009234428, 0.007885925471782684, 0.009096682071685791, 0.010307440534234047, 0.011518198996782303, 0.01272895559668541, 0.013939714059233665, 0.015150470659136772, 0.016361229121685028, 0.017571987584233284, 0.01878274418413639, 0.019993502646684647, 0.021204259246587753, 0.02241501770913601, 0.023625776171684265, 0.024836532771587372, 0.026047291234135628, 0.027258049696683884, 0.02846880629658699, 0.029679564759135246, 0.030890323221683502, 0.03210107982158661, 0.033311836421489716, 0.03452259674668312, 0.03573335334658623]}, "gradients/fc1.bias": {"_type": "histogram", "values": [1.0, 0.0, 1.0, 0.0, 0.0, 0.0, 0.0, 0.0, 1.0, 0.0, 1.0, 0.0, 2.0, 2.0, 2.0, 1.0, 3.0, 3.0, 4.0, 2.0, 3.0, 5.0, 5.0, 3.0, 5.0, 5.0, 2.0, 4.0, 7.0, 4.0, 17.0, 2.0, 4.0, 3.0, 0.0, 4.0, 2.0, 3.0, 3.0, 4.0, 2.0, 0.0, 1.0, 3.0, 1.0, 0.0, 3.0, 2.0, 3.0, 1.0, 0.0, 0.0, 0.0, 1.0, 1.0, 0.0, 0.0, 0.0, 0.0, 1.0, 0.0, 0.0, 0.0, 1.0],