{"epoch": 49, "acc_train": 0.3709, "train_loss": 1.7683335542678833, "acc_val": 0.3194, "loss_val": 1.9194080829620361, "_timestamp": 1699933947.419237, "_runtime": 215.86055779457092, "_step": 99, "global_step": 49, "Learning rate": 0.009999999776482582, "Batch size": 64.0, "Train/Accuracy": 0.3709000051021576, "Train/Loss": 1.7683335542678833, "Val/Accuracy": 0.31940001249313354, "Val/Loss": 1.9194080829620361, "Model/Norm": 35.646385192871094, "_wandb": {"runtime": 214}}