{"epoch": 69, "acc_train": 0.3868, "train_loss": 1.7301149368286133, "acc_val": 0.3266, "loss_val": 1.93413507938385, "_timestamp": 1699923392.5589736, "_runtime": 114.48589849472046, "_step": 139, "global_step": 69, "Batch size": 128.0, "Learning rate": 0.0010000000474974513, "Train/Accuracy": 0.38679999113082886, "Val/Accuracy": 0.32659998536109924, "Train/Loss": 1.7301149368286133, "Val/Loss": 1.93413507938385, "Model/Norm": 49.49192810058594, "_wandb": {"runtime": 113}}