{"acc": 0.38299278846153845, "loss": 2.081018843406286, "_timestamp": 1699275535.9492943, "_runtime": 143.43180441856384, "_step": 99, "val_acc": 0.3271, "val_loss": 2.272555410861969, "_wandb": {"runtime": 142}}