{"epoch": 4, "batch_nr": 181, "avg_batch_loss": 2.068774700164795, "_timestamp": 1699899614.569509, "_runtime": 54.45769906044006, "_step": 5189, "loss": 1.9171031547546387, "avg_epoch_loss": 1.969193846964836}