{"accuracy": 0.11570411392405064, "epoch": 2, "_timestamp": 1699285541.2870162, "_runtime": 0.688237190246582, "_step": 0, "_wandb": {"runtime": 0}}