{"accuracy": 0.09948575949367089, "epoch": 1, "_timestamp": 1699285621.5584884, "_runtime": 0.7927653789520264, "_step": 0, "_wandb": {"runtime": 0}}