{"training_loss": 1380.5062096118927, "training_accuracy": 0.37096, "validation_loss": 71.75565552711487, "validation_accuracy": 0.3609, "_timestamp": 1699902225.9518332, "_runtime": 52.97563123703003, "_step": 8, "gradients/fc4.bias": {"_type": "histogram", "values": [1.0, 0.0, 0.0, 0.0, 0.0, 0.0, 1.0, 0.0, 1.0, 0.0, 0.0, 0.0, 0.0, 0.0, 0.0, 0.0, 0.0, 0.0, 0.0, 0.0, 0.0, 0.0, 0.0, 0.0, 1.0, 0.0, 0.0, 0.0, 0.0, 0.0, 0.0, 0.0, 1.0, 0.0, 0.0, 0.0, 0.0, 0.0, 0.0, 1.0, 1.0, 0.0, 0.0, 0.0, 0.0, 0.0, 0.0, 2.0, 0.0, 0.0, 0.0, 0.0, 0.0, 0.0, 0.0, 0.0, 0.0, 0.0, 0.0, 0.0, 0.0, 0.0, 0.0, 1.0], "bins": [-0.08240588754415512, -0.07975693792104721, -0.0771079808473587, -0.0744590312242508, -0.07181008160114288, -0.06916112452745438, -0.06651217490434647, -0.06386322528123856, -0.06121426820755005, -0.05856531858444214, -0.05591636523604393, -0.05326741188764572, -0.05061846226453781, -0.0479695089161396, -0.045320555567741394, -0.042671605944633484, -0.040022652596235275, -0.03737369924783707, -0.034724749624729156, -0.03207579627633095, -0.02942684292793274, -0.02677789144217968, -0.02412893995642662, -0.021479986608028412, -0.018831035122275352, -0.016182083636522293, -0.013533130288124084, -0.010884178802371025, -0.008235226385295391, -0.005586273968219757, -0.0029373220168054104, -0.00028836983256042004, 0.0023605823516845703, 0.005009534768760204, 0.007658486720174551, 0.010307438671588898, 0.012956391088664532, 0.015605343505740166, 0.018254294991493225, 0.020903248339891434, 0.023552199825644493, 0.026201151311397552, 0.02885010465979576, 0.03149905800819397, 0.03414800763130188, 0.03679696097970009, 0.0394459143280983, 0.04209486395120621, 0.044743817299604416, 0.047392770648002625, 0.050041720271110535, 0.05269067361950874, 0.05533962696790695, 0.05798857659101486, 0.06063752993941307, 0.06328648328781128, 0.06593543291091919, 0.0685843899846077, 0.0712333396077156, 0.07388228923082352, 0.07653124630451202, 0.07918019592761993, 0.08182914555072784, 0.08447810262441635, 0.08712705224752426]}, "gradients/fc4.weight": {"_type": "histogram", "values": [2.0, 0.0, 2.0, 0.0, 2.0, 0.0, 1.0, 3.0, 2.0, 1.0, 5.0, 6.0, 1.0, 2.0, 9.0, 3.0, 3.0, 2.0, 4.0, 3.0, 8.0, 3.0, 5.0, 2.0, 5.0, 5.0, 6.0, 13.0, 17.0, 15.0, 41.0, 237.0, 73.0, 27.0, 13.0, 14.0, 15.0, 11.0, 9.0, 13.0, 8.0, 4.0, 5.0, 3.0, 7.0, 5.0, 3.0, 3.0, 1.0, 1.0, 2.0, 2.0, 3.0, 3.0, 1.0, 0.0, 0.0, 2.0, 0.0, 0.0, 3.0, 0.0, 0.0, 1.0], "bins": [-0.860131561756134, -0.8328273296356201, -0.805523157119751, -0.7782189249992371, -0.7509146928787231, -0.7236104607582092, -0.6963062286376953, -0.6690020561218262, -0.6416978240013123, -0.6143935918807983, -0.5870894193649292, -0.5597851872444153, -0.5324809551239014, -0.5051767230033875, -0.4778725206851959, -0.4505683183670044, -0.4232640862464905, -0.39595985412597656, -0.36865565180778503, -0.3413514494895935, -0.3140472173690796, -0.2867429852485657, -0.25943878293037415, -0.23213456571102142, -0.2048303484916687, -0.17752613127231598, -0.15022191405296326, -0.12291769683361053, -0.09561347961425781, -0.06830926239490509, -0.04100504517555237, -0.013700827956199646, 0.013603389263153076, 0.0409076064825058, 0.06821182370185852, 0.09551604092121124, 0.12282025814056396, 0.1501244753599167, 0.1774286925792694, 0.20473290979862213, 0.23203712701797485, 0.25934135913848877, 0.2866455614566803, 0.3139497637748718, 0.34125399589538574, 0.36855822801589966, 0.3958624303340912, 0.4231666326522827, 0.45047086477279663, 0.47777509689331055, 0.5050792694091797, 0.5323835015296936, 0.5596877336502075, 0.5869919657707214, 0.6142961978912354, 0.6416003704071045, 0.6689046025276184, 0.6962088346481323, 0.7235130071640015, 0.7508172392845154, 0.7781214714050293, 0.8054257035255432, 0.8327299356460571, 0.8600341081619263, 0.8873383402824402]}, "gradients/fc3.bias": {"_type": "histogram", "values": [1.0, 1.0, 1.0, 0.0, 1.0, 1.0, 1.0, 0.0, 0.0, 3.0, 0.0, 0.0, 1.0, 2.0, 3.0, 0.0, 0.0, 3.0, 7.0, 6.0, 7.0, 5.0, 3.0, 1.0, 2.0, 3.0, 2.0, 3.0, 0.0, 2.0, 0.0, 0.0, 0.0, 1.0, 0.0, 0.0, 0.0, 0.0, 1.0, 1.0, 0.0, 1.0, 0.0, 0.0, 0.0, 0.0, 0.0, 0.0, 0.0, 0.0, 0.0, 0.0, 0.0, 0.0, 0.0, 0.0, 0.0, 0.0, 0.0, 0.0, 0.0, 0.0, 0.0, 1.0], "bins": [-0.014834699220955372, -0.014101293869316578, -0.013367888517677784, -0.012634482234716415, -0.011901076883077621, -0.011167671531438828, -0.010434266179800034, -0.00970086082816124, -0.008967455476522446, -0.008234049193561077, -0.007500643841922283, -0.006767238490283489, -0.006033833138644695, -0.005300427321344614, -0.00456702196970582, -0.0038336163852363825, -0.003100210800766945, -0.0023668052162975073, -0.0016333997482433915, -0.0008999942219816148, -0.00016658869571983814, 0.0005668168305419385, 0.0013002223568037152, 0.002033627824857831, 0.0027670334093272686, 0.003500438993796706, 0.004233844578266144, 0.004967249929904938, 0.005700655281543732, 0.006434061098843813, 0.007167466450482607, 0.007900872267782688, 0.008634278550744057, 0.00936768390238285, 0.010101089254021645, 0.010834495536983013, 0.011567900888621807, 0.012301306240260601, 0.013034711591899395, 0.013768116943538189, 0.014501523226499557, 0.015234928578138351, 0.015968333929777145, 0.01670173928141594, 0.017435144633054733, 0.018168549984693527, 0.01890195533633232, 0.019635360687971115, 0.02036876603960991, 0.021102173253893852, 0.021835578605532646, 0.02256898395717144, 0.023302389308810234, 0.024035794660449028, 0.024769200012087822, 0.025502605363726616, 0.02623601071536541, 0.026969416067004204, 0.027702821418642998, 0.02843622863292694, 0.029169633984565735, 0.02990303933620453, 0.030636444687843323, 0.03136985003948212, 0.03210325539112091]}, "gradients/fc3.weight": {"_type": "histogram", "values": [1.0, 0.0, 3.0, 2.0, 0.0, 5.0, 2.0, 4.0, 3.0, 14.0, 9.0, 15.0, 20.0, 24.0, 39.0, 40.0, 67.0, 104.0, 164.0, 277.0, 679.0, 5587.0, 528.0, 200.0, 110.0, 71.0, 46.0, 39.0, 33.0, 15.0, 17.0, 11.0, 9.0, 7.0, 6.0, 5.0, 7.0, 2.0, 5.0, 0.0, 4.0, 0.0, 3.0, 3.0, 2.0, 1.0, 0.0, 0.0, 0.0, 0.0, 1.0, 0.0, 1.0, 0.0, 3.0, 0.0, 1.0, 0.0, 0.0, 2.0, 0.0, 0.0, 0.0, 1.0], "bins": [-0.5945408940315247, -0.5667670965194702, -0.538993239402771, -0.5112193822860718, -0.48344558477401733, -0.4556717574596405, -0.42789793014526367, -0.40012410283088684, -0.37235027551651, -0.3445764482021332, -0.31680262088775635, -0.2890287935733795, -0.2612549662590027, -0.23348113894462585, -0.20570731163024902, -0.1779334843158722, -0.15015965700149536, -0.12238582968711853, -0.0946120023727417, -0.06683817505836487, -0.03906434774398804, -0.011290520429611206, 0.016483306884765625, 0.044257134199142456, 0.07203096151351929, 0.09980478882789612, 0.12757861614227295, 0.15535244345664978, 0.1831262707710266, 0.21090009808540344, 0.23867392539978027, 0.2664477527141571, 0.2942216396331787, 0.32199546694755554, 0.3497692942619324, 0.3775431215763092, 0.40531694889068604, 0.43309077620506287, 0.4608646035194397, 0.48863843083381653, 0.5164122581481934, 0.5441861152648926, 0.571959912776947, 0.5997337102890015, 0.6275075674057007, 0.6552814245223999, 0.6830552220344543, 0.7108290195465088, 0.738602876663208, 0.7663767337799072, 0.7941505312919617, 0.8219243288040161, 0.8496981859207153, 0.8774720430374146, 0.905245840549469, 0.9330196380615234, 0.9607934951782227, 0.9885673522949219, 1.016341209411621, 1.0441149473190308, 1.07188880443573, 1.0996626615524292, 1.1274363994598389, 1.155210256576538, 1.1829841136932373]}, "gradients/fc2.bias": {"_type": "histogram", "values": [1.0, 0.0, 0.0, 0.0, 0.0, 0.0, 0.0, 0.0, 0.0, 0.0, 0.0, 0.0, 0.0, 0.0, 0.0, 0.0, 0.0, 1.0, 0.0, 1.0, 0.0, 0.0, 1.0, 2.0, 3.0, 2.0, 1.0, 1.0, 0.0, 4.0, 4.0, 2.0, 5.0, 4.0, 2.0, 4.0, 4.0, 7.0, 11.0, 37.0, 6.0, 6.0, 3.0, 1.0, 0.0, 0.0, 1.0, 1.0, 3.0, 3.0, 0.0, 0.0, 0.0, 1.0, 0.0, 0.0, 0.0, 0.0, 0.0, 1.0, 1.0, 0.0, 1.0, 3.0],