{"Val Accuracy/Epoch": 0.3402, "Val Loss/Epoch": 37.923946380615234, "_timestamp": 1699910918.822295, "_runtime": 14.56986689567566, "_step": 49, "gradients/graph_8fc3.bias": {"_type": "histogram", "values": [1.0, 0.0, 0.0, 1.0, 0.0, 0.0, 0.0, 0.0, 0.0, 0.0, 0.0, 0.0, 0.0, 0.0, 0.0, 0.0, 0.0, 0.0, 1.0, 0.0, 0.0, 1.0, 0.0, 0.0, 0.0, 0.0, 0.0, 0.0, 0.0, 0.0, 0.0, 0.0, 0.0, 0.0, 0.0, 0.0, 0.0, 0.0, 0.0, 0.0, 0.0, 1.0, 1.0, 0.0, 0.0, 0.0, 0.0, 0.0, 0.0, 1.0, 0.0, 0.0, 0.0, 0.0, 0.0, 0.0, 1.0, 0.0, 0.0, 1.0, 0.0, 0.0, 0.0, 1.0], "bins": [-0.0212812889367342, -0.020685264840722084, -0.020089242607355118, -0.019493218511343002, -0.018897194415330887, -0.01830117218196392, -0.017705148085951805, -0.01710912585258484, -0.016513101756572723, -0.015917077660560608, -0.015321055427193642, -0.014725031331181526, -0.014129008166491985, -0.013532985001802444, -0.012936960905790329, -0.012340937741100788, -0.011744914576411247, -0.011148891411721706, -0.010552868247032166, -0.00995684415102005, -0.00936082098633051, -0.008764797821640968, -0.008168773725628853, -0.007572750560939312, -0.006976727396249771, -0.00638070423156023, -0.005784681066870689, -0.005188656970858574, -0.0045926328748464584, -0.003996610641479492, -0.0034005865454673767, -0.0028045643121004105, -0.002208540216088295, -0.0016125161200761795, -0.0010164938867092133, -0.0004204697906970978, 0.00017555244266986847, 0.000771576538681984, 0.0013676006346940994, 0.0019636237993836403, 0.002559646964073181, 0.003155670128762722, 0.003751693293452263, 0.004347717389464378, 0.004943740554153919, 0.00553976371884346, 0.0061357878148555756, 0.006731810979545116, 0.007327834144234657, 0.007923857308924198, 0.008519880473613739, 0.009115904569625854, 0.009711927734315395, 0.010307950899004936, 0.010903974995017052, 0.011499998159706593, 0.012096021324396133, 0.012692044489085674, 0.013288067653775215, 0.01388409174978733, 0.014480114914476871, 0.015076138079166412, 0.015672162175178528, 0.016268184408545494, 0.01686420850455761]}, "gradients/graph_8fc3.weight": {"_type": "histogram", "values": [1.0, 0.0, 0.0, 0.0, 0.0, 0.0, 0.0, 0.0, 0.0, 0.0, 0.0, 1.0, 0.0, 0.0, 1.0, 1.0, 0.0, 2.0, 1.0, 0.0, 1.0, 0.0, 3.0, 2.0, 5.0, 0.0, 4.0, 1.0, 2.0, 5.0, 4.0, 5.0, 8.0, 6.0, 14.0, 21.0, 15.0, 18.0, 29.0, 35.0, 220.0, 65.0, 40.0, 19.0, 19.0, 21.0, 8.0, 11.0, 9.0, 11.0, 5.0, 9.0, 5.0, 1.0, 2.0, 1.0, 0.0, 1.0, 3.0, 0.0, 0.0, 3.0, 1.0, 1.0], "bins": [-0.14563152194023132, -0.14203868806362152, -0.1384458690881729, -0.1348530352115631, -0.1312602013349533, -0.1276673674583435, -0.1240745484828949, -0.1204817146062851, -0.11688888818025589, -0.11329606175422668, -0.10970322787761688, -0.10611040145158768, -0.10251757502555847, -0.09892474114894867, -0.09533191472291946, -0.09173908829689026, -0.08814625442028046, -0.08455342054367065, -0.08096059411764145, -0.07736776769161224, -0.07377493381500244, -0.07018210738897324, -0.06658928096294403, -0.06299644708633423, -0.05940362066030502, -0.05581079423427582, -0.052217960357666016, -0.04862513393163681, -0.045032307505607605, -0.0414394736289978, -0.0378466472029686, -0.034253813326358795, -0.030660979449748993, -0.027068153023719788, -0.023475319147109985, -0.01988249272108078, -0.016289658844470978, -0.012696832418441772, -0.009104005992412567, -0.005511172115802765, -0.0019183456897735596, 0.0016744807362556458, 0.005267314612865448, 0.008860141038894653, 0.012452967464923859, 0.01604580134153366, 0.019638627767562866, 0.02323145791888237, 0.026824288070201874, 0.030417118221521378, 0.03400994837284088, 0.03760277479887009, 0.04119560495018959, 0.044788435101509094, 0.0483812615275383, 0.0519740916788578, 0.05556692183017731, 0.05915975198149681, 0.06275258213281631, 0.06634540855884552, 0.06993824243545532, 0.07353106886148453, 0.07712389528751373, 0.08071672916412354, 0.08430955559015274]}, "gradients/graph_8fc2.bias": {"_type": "histogram", "values": [1.0, 0.0, 0.0, 0.0, 0.0, 0.0, 0.0, 0.0, 0.0, 0.0, 0.0, 0.0, 0.0, 0.0, 0.0, 0.0, 0.0, 0.0, 0.0, 0.0, 0.0, 0.0, 0.0, 0.0, 0.0, 1.0, 0.0, 0.0, 0.0, 1.0, 3.0, 0.0, 0.0, 3.0, 2.0, 5.0, 2.0, 2.0, 5.0, 15.0, 4.0, 2.0, 3.0, 4.0, 0.0, 3.0, 2.0, 0.0, 2.0, 0.0, 0.0, 2.0, 0.0, 0.0, 0.0, 0.0, 0.0, 0.0, 0.0, 1.0, 0.0, 0.0, 0.0, 1.0], "bins": [-0.014558599330484867, -0.014188072644174099, -0.013817545026540756, -0.013447018340229988, -0.013076490722596645, -0.012705964036285877, -0.012335436418652534, -0.011964909732341766, -0.011594382114708424, -0.011223855428397655, -0.010853327810764313, -0.010482801124453545, -0.010112274438142776, -0.009741746820509434, -0.009371219202876091, -0.009000692516565323, -0.008630165830254555, -0.008259638212621212, -0.00788911059498787, -0.007518583908677101, -0.007148056756705046, -0.00677752960473299, -0.006407002918422222, -0.006036475300788879, -0.005665948614478111, -0.0052954209968447685, -0.004924894310534, -0.004554366692900658, -0.0041838400065898895, -0.003813312388956547, -0.0034427857026457787, -0.003072258085012436, -0.002701731398701668, -0.0023312047123908997, -0.001960677094757557, -0.0015901504084467888, -0.001219622790813446, -0.0008490961045026779, -0.0004785684868693352, -0.00010804180055856705, 0.0002624858170747757, 0.0006330125033855438, 0.0010035401210188866, 0.0013740668073296547, 0.0017445939593017101, 0.0021151211112737656, 0.002485648263245821, 0.0028561754152178764, 0.003226702567189932, 0.0035972297191619873, 0.003967756871134043, 0.004338284023106098, 0.004708811175078154, 0.005079338327050209, 0.005449865013360977, 0.00582039263099432, 0.006190919317305088, 0.006561446934938431, 0.006931973621249199, 0.007302500773221254, 0.00767302792519331, 0.008043555542826653, 0.00841408222913742, 0.008784609846770763, 0.009155136533081532]}, "gradients/graph_8fc2.weight": {"_type": "histogram", "values": [1.0, 0.0, 0.0, 0.0, 0.0, 0.0, 0.0, 0.0, 0.0, 1.0, 0.0, 0.0, 0.0, 0.0, 0.0, 0.0, 1.0, 0.0, 0.0, 0.0, 0.0, 0.0, 0.0, 0.0, 1.0, 3.0, 0.0, 2.0, 0.0, 4.0, 5.0, 4.0, 3.0, 12.0, 11.0, 14.0, 30.0, 50.0, 93.0, 7683.0, 109.0, 61.0, 37.0, 21.0, 14.0, 6.0, 7.0, 2.0, 4.0, 2.0, 2.0, 3.0, 2.0, 1.0, 1.0, 0.0, 0.0, 0.0, 0.0, 0.0, 0.0, 0.0, 1.0, 1.0], "bins": [-0.23495233058929443, -0.2290090024471283, -0.22306565940380096, -0.21712233126163483, -0.2111790031194687, -0.20523566007614136, -0.19929233193397522, -0.19334900379180908, -0.18740567564964294, -0.1814623326063156, -0.17551900446414948, -0.16957566142082214, -0.163632333278656, -0.15768900513648987, -0.15174567699432373, -0.1458023488521576, -0.13985900580883026, -0.13391566276550293, -0.1279723346233368, -0.12202900648117065, -0.11608567833900452, -0.11014234274625778, -0.10419900715351105, -0.09825567901134491, -0.09231233596801758, -0.08636900782585144, -0.0804256796836853, -0.07448235154151917, -0.06853900849819183, -0.0625956803560257, -0.05665235221385956, -0.05070900917053223, -0.04476568102836609, -0.03882235288619995, -0.03287900984287262, -0.026935681700706482, -0.020992353558540344, -0.015049010515213013, -0.009105682373046875, -0.0031623542308807373, 0.0027809739112854004, 0.008724316954612732, 0.01466764509677887, 0.020610980689525604, 0.02655431628227234, 0.03249764442443848, 0.03844098001718521, 0.04438430815935135, 0.050327643752098083, 0.05627097934484482, 0.062214307487010956, 0.06815764307975769, 0.07410097122192383, 0.08004430681467056, 0.0859876424074173, 0.09193097054958344, 0.09787430614233017, 0.1038176417350769, 0.10976096987724304, 0.11570430546998978, 0.12164764106273651, 0.12759096920490265, 0.1335342973470688, 0.13947764039039612, 0.14542096853256226]}, "gradients/graph_8fc1.bias": {"_type": "histogram", "values": [1.0, 1.0, 0.0, 0.0, 0.0, 1.0, 0.0, 0.0, 0.0, 0.0, 0.0, 0.0, 1.0, 1.0, 0.0, 0.0, 0.0, 0.0, 0.0, 0.0, 2.0, 0.0, 0.0, 1.0, 0.0, 0.0, 0.0, 111.0, 1.0, 0.0, 0.0, 1.0, 0.0, 0.0, 0.0, 0.0, 1.0, 1.0, 1.0, 0.0, 0.0, 0.0, 0.0, 0.0, 0.0, 1.0, 0.0, 0.0, 1.0, 0.0, 0.0, 0.0, 0.0, 0.0, 0.0, 1.0, 0.0, 0.0, 0.0, 0.0, 0.0, 0.0, 0.0, 1.0],