{"Val Accuracy/Epoch": 0.4278, "Val Loss/Epoch": 32.56407165527344, "_timestamp": 1699944807.210905, "_runtime": 25.235887050628662, "_step": 49, "gradients/graph_13fc3.bias": {"_type": "histogram", "values": [1.0, 0.0, 0.0, 0.0, 1.0, 0.0, 0.0, 0.0, 0.0, 0.0, 0.0, 0.0, 0.0, 0.0, 0.0, 0.0, 0.0, 0.0, 0.0, 0.0, 0.0, 0.0, 0.0, 0.0, 0.0, 0.0, 0.0, 1.0, 1.0, 0.0, 0.0, 0.0, 0.0, 0.0, 0.0, 0.0, 1.0, 0.0, 0.0, 0.0, 0.0, 0.0, 0.0, 0.0, 0.0, 0.0, 1.0, 0.0, 0.0, 0.0, 0.0, 1.0, 0.0, 0.0, 0.0, 0.0, 0.0, 0.0, 0.0, 0.0, 0.0, 2.0, 0.0, 1.0], "bins": [-0.043453775346279144, -0.04231196269392967, -0.0411701500415802, -0.04002833738923073, -0.038886524736881256, -0.03774471580982208, -0.03660290315747261, -0.03546109050512314, -0.034319277852773666, -0.033177465200424194, -0.03203565254807472, -0.0308938417583704, -0.029752029106020927, -0.028610216453671455, -0.027468405663967133, -0.02632659301161766, -0.02518478035926819, -0.024042967706918716, -0.022901155054569244, -0.02175934426486492, -0.02061753161251545, -0.019475718960165977, -0.018333908170461655, -0.017192095518112183, -0.01605028286576271, -0.014908470213413239, -0.013766657561063766, -0.012624846771359444, -0.01148303598165512, -0.010341223329305649, -0.009199410676956177, -0.008057598024606705, -0.0069157835096120834, -0.005773970857262611, -0.004632158204913139, -0.0034903455525636673, -0.0023485329002141953, -0.0012067221105098724, -6.491132080554962e-05, 0.0010769013315439224, 0.0022187139838933945, 0.0033605266362428665, 0.0045023392885923386, 0.005644150078296661, 0.006785962730646133, 0.007927775382995605, 0.009069586172699928, 0.0102113988250494, 0.011353211477398872, 0.012495024129748344, 0.013636836782097816, 0.01477864757180214, 0.01592046022415161, 0.017062272876501083, 0.018204085528850555, 0.019345896318554878, 0.02048770897090435, 0.021629521623253822, 0.022771332412958145, 0.023913145065307617, 0.02505495771765709, 0.02619677037000656, 0.027338583022356033, 0.028480393812060356, 0.029622206464409828]}, "gradients/graph_13fc3.weight": {"_type": "histogram", "values": [2.0, 1.0, 3.0, 2.0, 0.0, 3.0, 4.0, 1.0, 1.0, 6.0, 5.0, 7.0, 2.0, 2.0, 7.0, 8.0, 11.0, 14.0, 19.0, 20.0, 21.0, 14.0, 24.0, 34.0, 37.0, 59.0, 62.0, 52.0, 38.0, 32.0, 27.0, 18.0, 22.0, 9.0, 17.0, 7.0, 14.0, 7.0, 4.0, 2.0, 2.0, 3.0, 4.0, 3.0, 1.0, 1.0, 1.0, 1.0, 0.0, 0.0, 1.0, 2.0, 1.0, 0.0, 0.0, 0.0, 0.0, 1.0, 0.0, 0.0, 0.0, 0.0, 0.0, 1.0], "bins": [-0.04239930585026741, -0.04076121374964714, -0.03912312164902687, -0.0374850332736969, -0.03584694117307663, -0.03420884907245636, -0.03257075697183609, -0.03093266487121582, -0.0292945746332407, -0.02765648439526558, -0.02601839229464531, -0.02438030019402504, -0.02274220809340477, -0.02110411785542965, -0.01946602575480938, -0.01782793551683426, -0.01618984341621399, -0.01455175131559372, -0.012913661077618599, -0.01127556897699833, -0.009637478739023209, -0.007999386638402939, -0.006361294537782669, -0.004723202437162399, -0.0030851103365421295, -0.0014470219612121582, 0.00019107013940811157, 0.0018291622400283813, 0.003467254340648651, 0.005105346441268921, 0.006743434816598892, 0.008381526917219162, 0.01001962274312973, 0.01165771484375, 0.01329580694437027, 0.014933895319700241, 0.01657198742032051, 0.01821007952094078, 0.01984817162156105, 0.02148626372218132, 0.02312435209751129, 0.02476244419813156, 0.02640053629875183, 0.0280386283993721, 0.02967672049999237, 0.03131481260061264, 0.03295290470123291, 0.03459099307656288, 0.03622908517718315, 0.03786717727780342, 0.03950526565313339, 0.04114335775375366, 0.04278144985437393, 0.0444195419549942, 0.04605763405561447, 0.04769572615623474, 0.04933381825685501, 0.05097190663218498, 0.05260999873280525, 0.05424809083342552, 0.05588618293404579, 0.05752427130937576, 0.05916236340999603, 0.0608004555106163, 0.06243854761123657]}, "gradients/graph_13fc2.bias": {"_type": "histogram", "values": [1.0, 0.0, 0.0, 0.0, 0.0, 0.0, 0.0, 0.0, 1.0, 1.0, 1.0, 0.0, 3.0, 0.0, 1.0, 3.0, 2.0, 0.0, 0.0, 2.0, 2.0, 0.0, 0.0, 3.0, 2.0, 2.0, 4.0, 2.0, 5.0, 4.0, 4.0, 0.0, 5.0, 2.0, 0.0, 0.0, 2.0, 2.0, 0.0, 0.0, 0.0, 1.0, 1.0, 0.0, 0.0, 0.0, 0.0, 0.0, 1.0, 2.0, 1.0, 1.0, 0.0, 0.0, 1.0, 0.0, 0.0, 0.0, 0.0, 0.0, 1.0, 0.0, 0.0, 1.0], "bins": [-0.033303968608379364, -0.03220342844724655, -0.03110288642346859, -0.030002346262335777, -0.028901804238557816, -0.027801264077425003, -0.02670072391629219, -0.025600183755159378, -0.024499641731381416, -0.023399099707603455, -0.022298559546470642, -0.02119801938533783, -0.020097479224205017, -0.018996937200427055, -0.017896397039294243, -0.01679585501551628, -0.01569531485438347, -0.014594774693250656, -0.013494232669472694, -0.012393692508339882, -0.01129315048456192, -0.010192610323429108, -0.009092070162296295, -0.007991528138518333, -0.006890987977385521, -0.0057904478162527084, -0.004689905792474747, -0.003589365631341934, -0.0024888254702091217, -0.0013882853090763092, -0.00028774142265319824, 0.0008127987384796143, 0.0019133426249027252, 0.0030138827860355377, 0.00411442294716835, 0.005214966833591461, 0.006315506994724274, 0.007416047155857086, 0.008516587316989899, 0.00961712934076786, 0.010717669501900673, 0.011818209663033485, 0.012918751686811447, 0.01401929184794426, 0.015119832009077072, 0.016220374032855034, 0.017320914193987846, 0.018421456217765808, 0.01952199637889862, 0.020622536540031433, 0.021723078563809395, 0.022823618724942207, 0.02392416074872017, 0.02502470090985298, 0.026125241070985794, 0.027225781232118607, 0.02832632325589657, 0.02942686527967453, 0.030527405440807343, 0.031627945601940155, 0.03272848576307297, 0.03382902592420578, 0.03492956981062889, 0.036030109971761703, 0.037130650132894516]}, "gradients/graph_13fc2.weight": {"_type": "histogram", "values": [1.0, 0.0, 1.0, 3.0, 2.0, 2.0, 1.0, 1.0, 2.0, 3.0, 6.0, 13.0, 12.0, 13.0, 18.0, 34.0, 38.0, 47.0, 72.0, 88.0, 101.0, 161.0, 214.0, 279.0, 427.0, 639.0, 1249.0, 2972.0, 557.0, 331.0, 221.0, 147.0, 123.0, 87.0, 63.0, 46.0, 42.0, 28.0, 25.0, 17.0, 23.0, 15.0, 21.0, 13.0, 6.0, 9.0, 3.0, 7.0, 3.0, 0.0, 3.0, 0.0, 0.0, 1.0, 0.0, 0.0, 0.0, 1.0, 0.0, 0.0, 0.0, 0.0, 0.0, 1.0], "bins": [-0.05041145160794258, -0.0485546737909317, -0.04669789597392082, -0.04484111815690994, -0.042984336614608765, -0.041127562522888184, -0.039270780980587006, -0.037414003163576126, -0.03555722534656525, -0.03370044752955437, -0.03184366971254349, -0.02998689003288746, -0.02813011221587658, -0.0262733343988657, -0.02441655471920967, -0.02255977690219879, -0.020702999085187912, -0.018846221268177032, -0.016989443451166153, -0.015132665634155273, -0.013275887817144394, -0.011419106274843216, -0.009562328457832336, -0.007705550640821457, -0.005848772823810577, -0.003991995006799698, -0.0021352171897888184, -0.00027843937277793884, 0.0015783421695232391, 0.0034351199865341187, 0.005291897803544998, 0.007148675620555878, 0.009005449712276459, 0.010862227529287338, 0.012719005346298218, 0.014575783163309097, 0.016432560980319977, 0.018289342522621155, 0.020146120339632034, 0.022002898156642914, 0.023859675973653793, 0.025716453790664673, 0.027573231607675552, 0.029430009424686432, 0.03128679096698761, 0.03314356878399849, 0.03500034660100937, 0.03685712441802025, 0.03871390223503113, 0.04057068005204201, 0.04242745786905289, 0.044284239411354065, 0.046141013503074646, 0.047997795045375824, 0.049854572862386703, 0.05171135067939758, 0.05356812849640846, 0.05542490631341934, 0.05728168413043022, 0.0591384619474411, 0.06099524348974228, 0.06285201758146286, 0.06470879912376404, 0.06656557321548462, 0.0684223547577858]}, "gradients/graph_13fc1.bias": {"_type": "histogram", "values": [1.0, 0.0, 0.0, 0.0, 0.0, 0.0, 0.0, 3.0, 1.0, 1.0, 0.0, 1.0, 1.0, 3.0, 5.0, 2.0, 1.0, 5.0, 3.0, 3.0, 2.0, 3.0, 5.0, 3.0, 5.0, 10.0, 20.0, 2.0, 5.0, 3.0, 7.0, 1.0, 0.0, 3.0, 3.0, 2.0, 4.0, 2.0, 1.0, 1.0, 2.0, 3.0, 1.0, 0.0, 0.0, 1.0, 2.0, 2.0, 1.0, 0.0, 0.0, 2.0, 1.0, 0.0, 0.0, 0.0, 0.0, 0.0, 0.0, 0.0, 0.0, 0.0, 0.0, 1.0],