{"epoch": 49, "accuracy": 0.3903, "_timestamp": 1699911965.3720896, "_runtime": 233.02498269081116, "_step": 49, "_wandb": {"runtime": 231}}