{"accuracy": 0.10284810126582279, "epoch": 9, "_timestamp": 1699282686.6580067, "_runtime": 0.6470255851745605, "_step": 0, "_wandb": {"runtime": 0}}