{"accuracy": 0.11431962025316456, "epoch": 17, "_timestamp": 1699282737.4610689, "_runtime": 0.7261168956756592, "_step": 0, "_wandb": {"runtime": 0}}