{"accuracy": 0.15565664556962025, "epoch": 3, "_timestamp": 1699284451.9529219, "_runtime": 0.6929788589477539, "_step": 0, "_wandb": {"runtime": 0}}