{"accuracy": 0.09553006329113924, "epoch": 0, "_timestamp": 1699283900.1411324, "_runtime": 0.7115163803100586, "_step": 0, "_wandb": {"runtime": 0}}