{"acc": 0.6819, "acc_val": 0.5055, "_timestamp": 1699292612.9000802, "_runtime": 202.2048943042755, "_step": 80, "_wandb": {"runtime": 201}}