{"accuracy": 0.23684731012658228, "epoch": 1, "_timestamp": 1699285709.8454072, "_runtime": 0.65167236328125, "_step": 0, "_wandb": {"runtime": 0}}