{"acc": 0.9567, "acc_val": 0.5076, "_timestamp": 1699289885.994782, "_runtime": 220.09511303901672, "_step": 99, "_wandb": {"runtime": 219}}