{"Val Accuracy/Epoch": 0.4009, "Val Loss/Epoch": 33.799522399902344, "_timestamp": 1699944708.933722, "_runtime": 15.648494958877563, "_step": 49, "gradients/graph_10fc3.bias": {"_type": "histogram", "values": [1.0, 0.0, 0.0, 0.0, 0.0, 0.0, 0.0, 0.0, 0.0, 0.0, 0.0, 0.0, 0.0, 0.0, 0.0, 0.0, 0.0, 0.0, 0.0, 0.0, 0.0, 0.0, 0.0, 0.0, 1.0, 0.0, 0.0, 0.0, 0.0, 1.0, 0.0, 0.0, 0.0, 0.0, 0.0, 0.0, 0.0, 0.0, 0.0, 0.0, 0.0, 0.0, 0.0, 1.0, 0.0, 0.0, 0.0, 1.0, 1.0, 0.0, 0.0, 0.0, 0.0, 0.0, 0.0, 1.0, 1.0, 0.0, 1.0, 0.0, 0.0, 0.0, 0.0, 1.0], "bins": [-0.05380268767476082, -0.05254010483622551, -0.0512775219976902, -0.05001493915915489, -0.04875235632061958, -0.047489773482084274, -0.046227190643548965, -0.04496460407972336, -0.04370202124118805, -0.04243943840265274, -0.04117685556411743, -0.03991427272558212, -0.038651689887046814, -0.037389107048511505, -0.036126524209976196, -0.03486394137144089, -0.03360135853290558, -0.03233877569437027, -0.03107619285583496, -0.029813610017299652, -0.028551027178764343, -0.027288442477583885, -0.026025859639048576, -0.024763276800513268, -0.02350069396197796, -0.0222381092607975, -0.020975526422262192, -0.019712943583726883, -0.018450360745191574, -0.017187777906656265, -0.015925195068120956, -0.014662612229585648, -0.013400031253695488, -0.01213744841516018, -0.01087486557662487, -0.009612282738089561, -0.008349699899554253, -0.007087117061018944, -0.005824534222483635, -0.004561951383948326, -0.003299366682767868, -0.002036783844232559, -0.0007742010056972504, 0.0004883818328380585, 0.0017509665340185165, 0.0030135493725538254, 0.004276132211089134, 0.005538715049624443, 0.006801297888159752, 0.00806388072669506, 0.00932646356523037, 0.010589046403765678, 0.011851630173623562, 0.01311421301215887, 0.014376796782016754, 0.015639379620552063, 0.016901962459087372, 0.01816454529762268, 0.01942712813615799, 0.0206897109746933, 0.021952293813228607, 0.023214878514409065, 0.024477461352944374, 0.025740044191479683, 0.027002627030014992]}, "gradients/graph_10fc3.weight": {"_type": "histogram", "values": [1.0, 0.0, 0.0, 0.0, 0.0, 0.0, 0.0, 0.0, 0.0, 0.0, 0.0, 0.0, 0.0, 0.0, 0.0, 0.0, 1.0, 0.0, 0.0, 1.0, 1.0, 0.0, 1.0, 0.0, 3.0, 0.0, 1.0, 4.0, 1.0, 2.0, 3.0, 5.0, 11.0, 7.0, 6.0, 9.0, 7.0, 18.0, 14.0, 19.0, 17.0, 44.0, 42.0, 40.0, 113.0, 47.0, 35.0, 36.0, 35.0, 23.0, 20.0, 12.0, 17.0, 13.0, 6.0, 6.0, 6.0, 1.0, 2.0, 0.0, 3.0, 2.0, 1.0, 4.0], "bins": [-0.1635885387659073, -0.15989342331886292, -0.15619830787181854, -0.15250319242477417, -0.1488080769777298, -0.14511296153068542, -0.14141786098480225, -0.13772274553775787, -0.1340276300907135, -0.13033251464366913, -0.12663739919662476, -0.12294228374958038, -0.11924716830253601, -0.11555206030607224, -0.11185694485902786, -0.10816183686256409, -0.10446672141551971, -0.10077160596847534, -0.09707649052143097, -0.0933813750743866, -0.08968625962734222, -0.08599115163087845, -0.08229603618383408, -0.0786009207367897, -0.07490580528974533, -0.07121068984270096, -0.06751558184623718, -0.06382046639919281, -0.06012535095214844, -0.056430235505104065, -0.05273512750864029, -0.04904001206159592, -0.045344896614551544, -0.04164978116750717, -0.0379546657204628, -0.03425955772399902, -0.03056444227695465, -0.02686932682991028, -0.023174211382865906, -0.01947910338640213, -0.015783987939357758, -0.012088872492313385, -0.008393757045269012, -0.00469864159822464, -0.0010035336017608643, 0.0026915818452835083, 0.006386697292327881, 0.010081812739372253, 0.013776924461126328, 0.0174720399081707, 0.021167151629924774, 0.024862267076969147, 0.02855737879872322, 0.03225249424576759, 0.03594760596752167, 0.03964272141456604, 0.04333783686161041, 0.04703294858336449, 0.05072806030511856, 0.05442317575216293, 0.058118291199207306, 0.06181340292096138, 0.06550851464271545, 0.06920363008975983, 0.0728987455368042]}, "gradients/graph_10fc2.bias": {"_type": "histogram", "values": [2.0, 1.0, 0.0, 0.0, 0.0, 0.0, 0.0, 0.0, 0.0, 1.0, 0.0, 0.0, 0.0, 0.0, 0.0, 0.0, 2.0, 2.0, 2.0, 1.0, 3.0, 1.0, 1.0, 1.0, 4.0, 1.0, 1.0, 3.0, 2.0, 0.0, 0.0, 7.0, 1.0, 4.0, 2.0, 2.0, 0.0, 2.0, 1.0, 1.0, 1.0, 0.0, 2.0, 0.0, 1.0, 1.0, 1.0, 0.0, 1.0, 3.0, 0.0, 0.0, 0.0, 0.0, 1.0, 0.0, 2.0, 0.0, 0.0, 0.0, 1.0, 1.0, 0.0, 1.0], "bins": [-0.018680237233638763, -0.018085116520524025, -0.017489993944764137, -0.0168948732316494, -0.01629975065588951, -0.015704629942774773, -0.015109509229660034, -0.014514387585222721, -0.013919265940785408, -0.013324144296348095, -0.012729022651910782, -0.012133901938796043, -0.01153878029435873, -0.010943658649921417, -0.010348537936806679, -0.009753416292369366, -0.009158294647932053, -0.00856317300349474, -0.007968051359057426, -0.007372930645942688, -0.006777809001505375, -0.006182687357068062, -0.005587566643953323, -0.00499244499951601, -0.004397323355078697, -0.003802201710641384, -0.003207080066204071, -0.0026119593530893326, -0.002016838639974594, -0.0014217160642147064, -0.000826595351099968, -0.00023147277534008026, 0.00036364607512950897, 0.0009587667882442474, 0.0015538893640041351, 0.0021490100771188736, 0.0027441326528787613, 0.0033392533659934998, 0.003934374079108238, 0.004529495723545551, 0.005124617367982864, 0.0057197390124201775, 0.0063148606568574905, 0.006909981369972229, 0.007505103014409542, 0.008100224658846855, 0.008695345371961594, 0.009290467016398907, 0.00988558866083622, 0.010480710305273533, 0.011075831949710846, 0.011670952662825584, 0.012266074307262897, 0.01286119595170021, 0.013456316664814949, 0.014051438309252262, 0.014646559953689575, 0.015241681598126888, 0.0158368032425642, 0.01643192395567894, 0.017027046531438828, 0.017622167244553566, 0.018217287957668304, 0.018812410533428192, 0.01940753124654293]}, "gradients/graph_10fc2.weight": {"_type": "histogram", "values": [1.0, 0.0, 0.0, 0.0, 0.0, 0.0, 1.0, 0.0, 0.0, 3.0, 2.0, 3.0, 5.0, 7.0, 4.0, 5.0, 8.0, 8.0, 7.0, 10.0, 21.0, 26.0, 34.0, 27.0, 56.0, 66.0, 96.0, 109.0, 151.0, 195.0, 298.0, 5471.0, 447.0, 288.0, 221.0, 150.0, 99.0, 68.0, 57.0, 37.0, 40.0, 30.0, 21.0, 21.0, 17.0, 9.0, 13.0, 17.0, 10.0, 5.0, 6.0, 3.0, 2.0, 3.0, 6.0, 1.0, 2.0, 1.0, 2.0, 1.0, 0.0, 0.0, 0.0, 1.0], "bins": [-0.0920703187584877, -0.0891885980963707, -0.08630688488483429, -0.08342516422271729, -0.08054345101118088, -0.07766173034906387, -0.07478001713752747, -0.07189829647541046, -0.06901658326387405, -0.06613486260175705, -0.06325314939022064, -0.06037142872810364, -0.05748971179127693, -0.054607994854450226, -0.05172627791762352, -0.048844560980796814, -0.04596284404397011, -0.0430811271071434, -0.040199410170316696, -0.03731769323348999, -0.034435976296663284, -0.03155425935983658, -0.028672538697719574, -0.025790825486183167, -0.022909104824066162, -0.020027391612529755, -0.01714567095041275, -0.014263957738876343, -0.011382237076759338, -0.008500523865222931, -0.0056188032031059265, -0.002737089991569519, 0.00014463067054748535, 0.0030263513326644897, 0.005908064544200897, 0.008789785206317902, 0.011671498417854309, 0.014553219079971313, 0.01743493229150772, 0.020316652953624725, 0.023198366165161133, 0.026080086827278137, 0.028961800038814545, 0.03184352070093155, 0.034725237637758255, 0.03760695457458496, 0.04048867151141167, 0.04337038844823837, 0.04625210538506508, 0.049133822321891785, 0.05201553925871849, 0.0548972561955452, 0.0577789731323719, 0.06066069006919861, 0.06354241073131561, 0.06642412394285202, 0.06930584460496902, 0.07218755781650543, 0.07506927847862244, 0.07795099169015884, 0.08083271235227585, 0.08371442556381226, 0.08659614622592926, 0.08947785943746567, 0.09235958009958267]}, "gradients/graph_10fc1.bias": {"_type": "histogram", "values": [1.0, 0.0, 0.0, 0.0, 0.0, 1.0, 0.0, 0.0, 1.0, 3.0, 0.0, 0.0, 1.0, 1.0, 4.0, 2.0, 4.0, 3.0, 0.0, 2.0, 0.0, 5.0, 4.0, 73.0, 1.0, 0.0, 3.0, 2.0, 1.0, 0.0, 1.0, 0.0, 2.0, 1.0, 2.0, 0.0, 1.0, 1.0, 1.0, 2.0, 0.0, 0.0, 1.0, 0.0, 1.0, 0.0, 0.0, 0.0, 0.0, 0.0, 1.0, 0.0, 0.0, 0.0, 0.0, 0.0, 0.0, 0.0, 0.0, 1.0, 0.0, 0.0, 0.0, 1.0],