{"Optimizer Name": "SGD_SAM", "Batch size": 128, "_timestamp": 1699917309.354178, "_runtime": 2.5294430255889893, "_step": 0, "_wandb": {"runtime": 71}}