{"acc": 0.9944, "acc_val": 0.5336, "_timestamp": 1699279593.8665273, "_runtime": 206.02255535125732, "_step": 121, "_wandb": {"runtime": 205}}