{"epoch": 49, "acc_train": 0.3879, "train_loss": 1.727979063987732, "acc_val": 0.3385, "loss_val": 1.8740332126617432, "_timestamp": 1699929693.0690556, "_runtime": 126.19593644142151, "_step": 99, "global_step": 49, "Learning rate": 0.009999999776482582, "Batch size": 128.0, "Train/Accuracy": 0.3878999948501587, "Train/Loss": 1.727979063987732, "Val/Accuracy": 0.3384999930858612, "Val/Loss": 1.8740332126617432, "Model/Norm": 29.771024703979492, "_wandb": {"runtime": 125}}