{"Train Loss": 0.0018261204465092398, "Validation Loss": 6.949591843294912e-05, "_timestamp": 1702838491.6170475, "_runtime": 1659.0175206661224, "_step": 99, "_wandb": {"runtime": 1658}}