{"acc": 0.8147473088660189, "loss": 0.16808407480775373, "_timestamp": 1699901841.7370937, "_runtime": 1.326655626296997, "_step": 7, "_wandb": {"runtime": 0}}