{"epoch": 49, "acc_train": 0.1017, "train_loss": 2.338805675506592, "acc_val": 0.1, "loss_val": 2.3339850902557373, "_timestamp": 1699921274.7068837, "_runtime": 142.6019856929779, "_step": 99, "global_step": 49, "Learning rate": 0.05000000074505806, "Batch size": 64.0, "Train/Accuracy": 0.10170000046491623, "Train/Loss": 2.338805675506592, "Val/Accuracy": 0.10000000149011612, "Val/Loss": 2.3339850902557373, "Model/Norm": 2018.8704833984375, "_wandb": {"runtime": 141}}