{"epoch": 59, "accuracy": 0.1, "_timestamp": 1699916086.7016919, "_runtime": 216.45263481140137, "_step": 59, "_wandb": {"runtime": 214}}