{"batch loss": 1.964717149734497, "_timestamp": 1699297045.3619397, "_runtime": 270.88552069664, "_step": 587, "loss": 0.007580041116437851, "epoch": 2, "_wandb": {"runtime": 270}}