{"epoch": 69, "acc_train": 0.1, "train_loss": 2.3069519996643066, "acc_val": 0.1, "loss_val": 2.308326005935669, "_timestamp": 1699931618.4064207, "_runtime": 76.71254467964172, "_step": 139, "global_step": 69, "Learning rate": 0.009999999776482582, "Batch size": 256.0, "Train/Accuracy": 0.10000000149011612, "Train/Loss": 2.3069519996643066, "Val/Accuracy": 0.10000000149011612, "Val/Loss": 2.308326005935669, "Model/Norm": 394.4896545410156, "_wandb": {"runtime": 75}}