{"global_step": 49, "_timestamp": 1699799828.9689403, "Batch size": 128.0, "Learning rate": 0.040871135890483856, "Train/Accuracy": 0.3871999979019165, "Train/Loss": 1.7058184146881104, "Val/Accuracy": 0.2784999907016754, "Val/Loss": 2.119840621948242, "Model/Norm": 56.279911041259766, "_runtime": 84.96291732788086, "_step": 49, "_wandb": {"runtime": 83}}