{"acc": 0.6339, "acc_val": 0.4957, "_timestamp": 1699284460.7993963, "_runtime": 190.8604393005371, "_step": 86, "_wandb": {"runtime": 190}}