{"accuracy": 0.1763251582278481, "epoch": 0, "_timestamp": 1699285787.8928885, "_runtime": 0.7751705646514893, "_step": 0, "_wandb": {"runtime": 0}}