{"acc": 0.09034455128205128, "loss": 17.353386389903534, "_timestamp": 1699274440.5936522, "_runtime": 71.0717933177948, "_step": 99, "val_acc": 0.0955, "val_loss": 2.352516210079193, "_wandb": {"runtime": 70}}