{"acc": 0.9552, "acc_val": 0.5314, "_timestamp": 1699280594.898878, "_runtime": 149.81651306152344, "_step": 79, "_wandb": {"runtime": 149}}