{"acc": 0.8935, "acc_val": 0.4988, "_timestamp": 1699287802.6660497, "_runtime": 272.0393958091736, "_step": 115, "_wandb": {"runtime": 271}}