{"accuracy": 0.24752768987341772, "epoch": 3, "_timestamp": 1699285821.2460153, "_runtime": 0.6862142086029053, "_step": 0, "_wandb": {"runtime": 0}}