{"accuracy": 0.09889240506329114, "epoch": 2, "_timestamp": 1699285250.1776338, "_runtime": 0.8510408401489258, "_step": 0, "_wandb": {"runtime": 0}}