{"acc": 0.4485576923076923, "loss": 1.5697798264332308, "_timestamp": 1699276662.0989714, "_runtime": 136.8244342803955, "_step": 99, "val_acc": 0.3898, "val_loss": 2.1345376491546633, "_wandb": {"runtime": 135}}