{"training_loss": 1513.1093326807022, "training_accuracy": 0.3164, "validation_loss": 78.16174304485321, "validation_accuracy": 0.3096, "_timestamp": 1699904286.2001512, "_runtime": 158.18659925460815, "_step": 24, "gradients/graph_10fc4.bias": {"_type": "histogram", "values": [1.0, 0.0, 0.0, 0.0, 0.0, 0.0, 0.0, 0.0, 0.0, 0.0, 0.0, 0.0, 0.0, 0.0, 0.0, 0.0, 0.0, 0.0, 0.0, 0.0, 0.0, 0.0, 0.0, 0.0, 0.0, 0.0, 0.0, 0.0, 0.0, 0.0, 1.0, 0.0, 0.0, 1.0, 0.0, 0.0, 1.0, 0.0, 0.0, 1.0, 0.0, 0.0, 1.0, 0.0, 0.0, 0.0, 0.0, 0.0, 0.0, 0.0, 0.0, 0.0, 0.0, 0.0, 1.0, 0.0, 0.0, 0.0, 0.0, 1.0, 0.0, 0.0, 0.0, 2.0], "bins": [-0.10019481182098389, -0.09783582389354706, -0.09547684341669083, -0.093117855489254, -0.09075886756181717, -0.08839988708496094, -0.08604089915752411, -0.08368191123008728, -0.08132293075323105, -0.07896394282579422, -0.07660495489835739, -0.07424597442150116, -0.07188698649406433, -0.0695279985666275, -0.06716901808977127, -0.06481003016233444, -0.06245104596018791, -0.06009206175804138, -0.05773307383060455, -0.05537408962845802, -0.05301510542631149, -0.050656117498874664, -0.048297133296728134, -0.045938149094581604, -0.043579161167144775, -0.041220176964998245, -0.038861192762851715, -0.036502208560705185, -0.034143220633268356, -0.031784236431121826, -0.029425250366330147, -0.027066266164183617, -0.02470727637410164, -0.02234829030930996, -0.01998930610716343, -0.01763032004237175, -0.015271334908902645, -0.01291234977543354, -0.010553363710641861, -0.008194378577172756, -0.005835393443703651, -0.003476408077403903, -0.0011174227111041546, 0.0012415626551955938, 0.0036005480214953423, 0.005959533154964447, 0.008318519219756126, 0.010677504353225231, 0.013036489486694336, 0.01539547462016344, 0.017754459753632545, 0.020113445818424225, 0.022472430020570755, 0.024831416085362434, 0.027190402150154114, 0.029549386352300644, 0.031908370554447174, 0.034267358481884, 0.03662634268403053, 0.03898532688617706, 0.04134431481361389, 0.04370329901576042, 0.04606228321790695, 0.04842127114534378, 0.05078025534749031]}, "gradients/graph_10fc4.weight": {"_type": "histogram", "values": [1.0, 0.0, 0.0, 1.0, 0.0, 0.0, 0.0, 0.0, 1.0, 0.0, 0.0, 1.0, 0.0, 0.0, 0.0, 0.0, 1.0, 0.0, 0.0, 1.0, 2.0, 1.0, 1.0, 2.0, 1.0, 0.0, 3.0, 1.0, 0.0, 1.0, 0.0, 2.0, 4.0, 4.0, 10.0, 8.0, 17.0, 20.0, 43.0, 307.0, 102.0, 27.0, 14.0, 6.0, 6.0, 8.0, 10.0, 6.0, 4.0, 5.0, 3.0, 6.0, 1.0, 2.0, 3.0, 1.0, 1.0, 0.0, 0.0, 0.0, 0.0, 0.0, 1.0, 1.0], "bins": [-2.5901732444763184, -2.5251035690307617, -2.460033893585205, -2.3949639797210693, -2.3298943042755127, -2.264824628829956, -2.1997549533843994, -2.1346852779388428, -2.069615364074707, -2.0045456886291504, -1.9394760131835938, -1.874406337738037, -1.8093366622924805, -1.7442668676376343, -1.6791971921920776, -1.6141273975372314, -1.5490577220916748, -1.4839880466461182, -1.418918251991272, -1.3538485765457153, -1.2887787818908691, -1.2237091064453125, -1.1586394309997559, -1.0935696363449097, -1.028499960899353, -0.9634302258491516, -0.8983604907989502, -0.8332908153533936, -0.7682210803031921, -0.7031513452529907, -0.6380816698074341, -0.5730119347572327, -0.5079424381256104, -0.44287270307540894, -0.3778029978275299, -0.3127332925796509, -0.24766355752944946, -0.18259383738040924, -0.11752411723136902, -0.052454397082328796, 0.012615323066711426, 0.07768504321575165, 0.14275476336479187, 0.2078244835138321, 0.2728942036628723, 0.33796393871307373, 0.40303364396095276, 0.4681033492088318, 0.5331730842590332, 0.5982428193092346, 0.663312554359436, 0.7283822298049927, 0.7934519648551941, 0.8585216999053955, 0.9235913753509521, 0.9886611104011536, 1.053730845451355, 1.1188005208969116, 1.1838703155517578, 1.2489399909973145, 1.314009666442871, 1.3790794610977173, 1.444149136543274, 1.5092189311981201, 1.5742886066436768]}, "gradients/graph_10fc3.bias": {"_type": "histogram", "values": [1.0, 0.0, 0.0, 1.0, 0.0, 0.0, 0.0, 0.0, 1.0, 0.0, 0.0, 1.0, 2.0, 1.0, 0.0, 2.0, 0.0, 0.0, 0.0, 0.0, 0.0, 2.0, 1.0, 3.0, 2.0, 0.0, 4.0, 1.0, 1.0, 8.0, 13.0, 4.0, 1.0, 1.0, 1.0, 0.0, 1.0, 4.0, 0.0, 0.0, 0.0, 0.0, 0.0, 0.0, 0.0, 0.0, 0.0, 2.0, 0.0, 0.0, 2.0, 2.0, 0.0, 0.0, 0.0, 0.0, 0.0, 0.0, 0.0, 1.0, 0.0, 0.0, 0.0, 1.0], "bins": [-0.016644245013594627, -0.01609325408935547, -0.01554226316511631, -0.014991272240877151, -0.014440281316637993, -0.01388928946107626, -0.013338298536837101, -0.012787307612597942, -0.012236316688358784, -0.011685325764119625, -0.011134334839880466, -0.010583343915641308, -0.010032352060079575, -0.009481361135840416, -0.008930370211601257, -0.008379379287362099, -0.00782838836312294, -0.007277397438883781, -0.006726406514644623, -0.006175415124744177, -0.005624424200505018, -0.00507343327626586, -0.004522441886365414, -0.003971450962126255, -0.0034204600378870964, -0.0028694691136479378, -0.0023184779565781355, -0.001767486915923655, -0.0012164958752691746, -0.0006655048346146941, -0.00011451379396021366, 0.0004364772466942668, 0.0009874682873487473, 0.0015384593280032277, 0.002089450368657708, 0.0026404415257275105, 0.003191432449966669, 0.0037424233742058277, 0.004293414764106274, 0.004844405688345432, 0.005395396612584591, 0.0059463875368237495, 0.006497378461062908, 0.007048369850963354, 0.007599360775202513, 0.008150352165102959, 0.008701343089342117, 0.009252334013581276, 0.009803324937820435, 0.010354315862059593, 0.010905306786298752, 0.01145629771053791, 0.012007288634777069, 0.012558280490338802, 0.013109271414577961, 0.01366026233881712, 0.014211253263056278, 0.014762244187295437, 0.015313235111534595, 0.01586422696709633, 0.016415217891335487, 0.016966208815574646, 0.017517199739813805, 0.018068190664052963, 0.018619181588292122]}, "gradients/graph_10fc3.weight": {"_type": "histogram", "values": [1.0, 0.0, 0.0, 2.0, 1.0, 2.0, 0.0, 3.0, 2.0, 5.0, 1.0, 7.0, 3.0, 6.0, 7.0, 5.0, 10.0, 7.0, 10.0, 11.0, 14.0, 22.0, 16.0, 17.0, 26.0, 35.0, 43.0, 74.0, 100.0, 125.0, 159.0, 426.0, 6215.0, 292.0, 105.0, 70.0, 55.0, 43.0, 36.0, 38.0, 27.0, 16.0, 11.0, 12.0, 18.0, 16.0, 9.0, 10.0, 11.0, 11.0, 7.0, 11.0, 13.0, 3.0, 4.0, 4.0, 2.0, 5.0, 0.0, 1.0, 3.0, 2.0, 1.0, 1.0], "bins": [-1.2458487749099731, -1.2074377536773682, -1.1690267324447632, -1.1306157112121582, -1.0922046899795532, -1.0537936687469482, -1.0153826475143433, -0.9769716262817383, -0.9385606050491333, -0.9001495838165283, -0.8617385625839233, -0.8233275413513184, -0.7849165201187134, -0.7465054988861084, -0.7080944776535034, -0.6696834564208984, -0.6312724351882935, -0.5928614139556885, -0.5544503927230835, -0.5160393714904785, -0.47762835025787354, -0.43921732902526855, -0.4008063077926636, -0.3623952865600586, -0.3239842653274536, -0.28557324409484863, -0.24716222286224365, -0.20875120162963867, -0.1703401803970337, -0.1319291591644287, -0.09351813793182373, -0.05510711669921875, -0.01669621467590332, 0.02171480655670166, 0.06012582778930664, 0.09853684902191162, 0.1369478702545166, 0.17535889148712158, 0.21376991271972656, 0.25218093395233154, 0.2905919551849365, 0.3290029764175415, 0.3674139976501465, 0.40582501888275146, 0.44423604011535645, 0.4826470613479614, 0.5210580825805664, 0.5594691038131714, 0.5978801250457764, 0.6362911462783813, 0.6747021675109863, 0.7131131887435913, 0.7515242099761963, 0.7899352312088013, 0.8283462524414062, 0.8667572736740112, 0.9051682949066162, 0.9435793161392212, 0.9819903373718262, 1.0204013586044312, 1.0588123798370361, 1.0972234010696411, 1.135634422302246, 1.174045443534851, 1.212456464767456]}, "gradients/graph_10fc2.bias": {"_type": "histogram", "values": [1.0, 0.0, 0.0, 0.0, 0.0, 2.0, 1.0, 0.0, 1.0, 0.0, 1.0, 0.0, 2.0, 0.0, 1.0, 1.0, 0.0, 2.0, 0.0, 0.0, 0.0, 0.0, 0.0, 1.0, 1.0, 1.0, 0.0, 4.0, 2.0, 5.0, 3.0, 6.0, 46.0, 8.0, 2.0, 7.0, 2.0, 2.0, 0.0, 1.0, 1.0, 2.0, 0.0, 2.0, 1.0, 1.0, 3.0, 2.0, 0.0, 2.0, 0.0, 0.0, 1.0, 2.0, 1.0, 0.0, 1.0, 0.0, 2.0, 1.0, 0.0, 2.0, 0.0, 1.0],