{"epoch": 100, "accuracy": 0.4438, "_timestamp": 1699913869.5621884, "_runtime": 334.09024143218994, "_step": 100, "_wandb": {"runtime": 332}}