{"acc": 0.3296054737516005, "loss": 1.837767752428824, "_timestamp": 1699275105.1945276, "_runtime": 106.2057466506958, "_step": 99, "val_acc": 0.3132, "val_loss": 2.1982879281044005, "_wandb": {"runtime": 105}}