{"gradients/graph_15fc4.bias": {"_type": "histogram", "values": [1.0, 0.0, 0.0, 0.0, 1.0, 0.0, 0.0, 0.0, 0.0, 0.0, 0.0, 0.0, 0.0, 0.0, 0.0, 1.0, 0.0, 0.0, 0.0, 0.0, 0.0, 1.0, 0.0, 0.0, 1.0, 0.0, 0.0, 0.0, 0.0, 0.0, 0.0, 0.0, 0.0, 0.0, 1.0, 0.0, 0.0, 1.0, 0.0, 0.0, 0.0, 0.0, 0.0, 0.0, 0.0, 0.0, 0.0, 0.0, 1.0, 0.0, 0.0, 0.0, 0.0, 0.0, 0.0, 0.0, 0.0, 1.0, 0.0, 0.0, 0.0, 0.0, 0.0, 1.0], "bins": [-0.07787861675024033, -0.07535035908222198, -0.07282209396362305, -0.0702938362956047, -0.06776557862758636, -0.06523731350898743, -0.06270905584096909, -0.060180794447660446, -0.05765253305435181, -0.05512427166104317, -0.05259601026773453, -0.050067752599716187, -0.04753949120640755, -0.04501122981309891, -0.042482972145080566, -0.03995471075177193, -0.03742644935846329, -0.03489818796515465, -0.03236992657184601, -0.029841668903827667, -0.027313407510519028, -0.024785146117210388, -0.022256886586546898, -0.019728627055883408, -0.017200365662574768, -0.014672105200588703, -0.012143844738602638, -0.009615584276616573, -0.007087323814630508, -0.0045590633526444435, -0.0020308028906583786, 0.0004974575713276863, 0.0030257105827331543, 0.005553971044719219, 0.008082231506705284, 0.010610491968691349, 0.013138752430677414, 0.015667013823986053, 0.018195273354649544, 0.020723532885313034, 0.023251794278621674, 0.025780055671930313, 0.028308315202593803, 0.030836574733257294, 0.03336483612656593, 0.03589309751987457, 0.038421355187892914, 0.04094961658120155, 0.04347787797451019, 0.04600613936781883, 0.04853440076112747, 0.05106265842914581, 0.05359091982245445, 0.05611918121576309, 0.05864743888378143, 0.06117570027709007, 0.06370396167039871, 0.06623221933841705, 0.06876048445701599, 0.07128874212503433, 0.07381699979305267, 0.07634526491165161, 0.07887352257966995, 0.08140178769826889, 0.08393004536628723]}, "_timestamp": 1699905253.0817518, "gradients/graph_15fc4.weight": {"_type": "histogram", "values": [1.0, 0.0, 0.0, 0.0, 0.0, 0.0, 0.0, 1.0, 0.0, 0.0, 0.0, 0.0, 1.0, 1.0, 0.0, 1.0, 0.0, 1.0, 2.0, 1.0, 1.0, 2.0, 2.0, 2.0, 2.0, 1.0, 1.0, 4.0, 4.0, 8.0, 2.0, 9.0, 10.0, 13.0, 13.0, 21.0, 44.0, 275.0, 98.0, 38.0, 16.0, 17.0, 9.0, 7.0, 4.0, 6.0, 5.0, 2.0, 2.0, 1.0, 3.0, 1.0, 1.0, 0.0, 3.0, 1.0, 1.0, 0.0, 0.0, 0.0, 0.0, 0.0, 0.0, 2.0], "bins": [-0.3282204568386078, -0.31944793462753296, -0.31067541241645813, -0.3019028902053833, -0.29313036799430847, -0.28435784578323364, -0.2755852937698364, -0.2668127715587616, -0.25804024934768677, -0.24926772713661194, -0.2404952049255371, -0.23172268271446228, -0.22295016050338745, -0.21417763829231262, -0.2054051011800766, -0.19663257896900177, -0.18786005675792694, -0.1790875345468521, -0.17031501233577728, -0.16154247522354126, -0.15276995301246643, -0.1439974308013916, -0.13522490859031677, -0.12645238637924194, -0.11767985671758652, -0.10890733450651169, -0.10013480484485626, -0.09136228263378143, -0.0825897604227066, -0.07381723076105118, -0.06504470854997635, -0.05627218261361122, -0.04749967157840729, -0.03872714564204216, -0.02995462156832218, -0.021182097494602203, -0.012409571558237076, -0.003637046553194523, 0.00513547845184803, 0.013908003456890583, 0.022680528461933136, 0.031453054398298264, 0.04022558033466339, 0.04899810254573822, 0.05777062848210335, 0.06654315441846848, 0.0753156766295433, 0.08408820629119873, 0.09286072850227356, 0.10163325071334839, 0.11040578037500381, 0.11917830258607864, 0.12795083224773407, 0.1367233544588089, 0.14549587666988373, 0.15426839888095856, 0.16304093599319458, 0.1718134582042694, 0.18058598041534424, 0.18935850262641907, 0.1981310248374939, 0.20690354704856873, 0.21567608416080475, 0.22444860637187958, 0.2332211285829544]}, "gradients/graph_15fc3.bias": {"_type": "histogram", "values": [1.0, 0.0, 0.0, 0.0, 0.0, 1.0, 0.0, 0.0, 0.0, 0.0, 1.0, 1.0, 0.0, 0.0, 0.0, 0.0, 3.0, 1.0, 0.0, 0.0, 0.0, 0.0, 0.0, 0.0, 0.0, 3.0, 1.0, 1.0, 0.0, 3.0, 3.0, 2.0, 9.0, 5.0, 5.0, 1.0, 2.0, 0.0, 2.0, 3.0, 1.0, 4.0, 0.0, 0.0, 0.0, 1.0, 2.0, 0.0, 1.0, 0.0, 1.0, 0.0, 0.0, 1.0, 0.0, 1.0, 1.0, 1.0, 1.0, 0.0, 0.0, 0.0, 0.0, 1.0], "bins": [-0.016429323703050613, -0.01593039743602276, -0.015431473031640053, -0.014932546764612198, -0.014433621428906918, -0.013934696093201637, -0.013435769826173782, -0.012936844490468502, -0.012437919154763222, -0.011938993819057941, -0.011440068483352661, -0.010941142216324806, -0.010442216880619526, -0.009943291544914246, -0.00944436527788639, -0.00894543994218111, -0.00844651460647583, -0.00794758927077055, -0.007448663469403982, -0.0069497376680374146, -0.006450812332332134, -0.005951886996626854, -0.005452961195260286, -0.004954035393893719, -0.004455110058188438, -0.003956184722483158, -0.0034572589211165905, -0.0029583333525806665, -0.0024594077840447426, -0.0019604822155088186, -0.0014615566469728947, -0.0009626310784369707, -0.0004637036472558975, 3.5221921280026436e-05, 0.0005341474898159504, 0.0010330730583518744, 0.0015319986268877983, 0.0020309241954237223, 0.0025298497639596462, 0.00302877533249557, 0.003527700901031494, 0.0040266262367367744, 0.004525552038103342, 0.00502447783946991, 0.00552340317517519, 0.00602232851088047, 0.006521254312247038, 0.0070201801136136055, 0.007519105449318886, 0.008018030785024166, 0.008516956120729446, 0.009015882387757301, 0.009514807723462582, 0.010013733059167862, 0.010512659326195717, 0.011011584661900997, 0.011510509997606277, 0.012009435333311558, 0.012508360669016838, 0.013007286936044693, 0.013506212271749973, 0.014005137607455254, 0.014504063874483109, 0.015002989210188389, 0.015501914545893669]}, "gradients/graph_15fc3.weight": {"_type": "histogram", "values": [1.0, 1.0, 0.0, 0.0, 0.0, 0.0, 0.0, 0.0, 0.0, 0.0, 0.0, 1.0, 0.0, 1.0, 1.0, 2.0, 0.0, 1.0, 2.0, 0.0, 2.0, 2.0, 2.0, 4.0, 2.0, 0.0, 6.0, 2.0, 4.0, 5.0, 7.0, 4.0, 14.0, 17.0, 52.0, 110.0, 4702.0, 2937.0, 123.0, 52.0, 35.0, 18.0, 16.0, 9.0, 11.0, 2.0, 3.0, 3.0, 6.0, 8.0, 2.0, 2.0, 2.0, 2.0, 3.0, 1.0, 1.0, 3.0, 1.0, 0.0, 4.0, 1.0, 1.0, 1.0], "bins": [-0.47843095660209656, -0.46549832820892334, -0.45256567001342773, -0.4396330416202545, -0.4267004132270813, -0.4137677848339081, -0.40083515644073486, -0.38790249824523926, -0.37496986985206604, -0.3620372414588928, -0.3491045832633972, -0.336171954870224, -0.3232393264770508, -0.31030669808387756, -0.29737406969070435, -0.28444141149520874, -0.2715087831020355, -0.2585761547088623, -0.2456435114145279, -0.23271086812019348, -0.21977823972702026, -0.20684561133384705, -0.19391296803951263, -0.18098032474517822, -0.168047696352005, -0.1551150679588318, -0.14218242466449738, -0.12924978137016296, -0.11631715297698975, -0.10338451713323593, -0.09045188128948212, -0.0775192454457283, -0.06458663940429688, -0.05165400356054306, -0.038721367716789246, -0.02578873187303543, -0.012856096029281616, 7.653981447219849e-05, 0.013009175658226013, 0.025941811501979828, 0.03887444734573364, 0.05180708318948746, 0.06473971903324127, 0.07767235487699509, 0.0906049907207489, 0.10353762656450272, 0.11647026240825653, 0.12940290570259094, 0.14233553409576416, 0.15526816248893738, 0.1682008057832718, 0.1811334490776062, 0.19406607747077942, 0.20699870586395264, 0.21993134915828705, 0.23286399245262146, 0.24579662084579468, 0.2587292492389679, 0.2716618776321411, 0.2845945358276367, 0.29752716422080994, 0.31045979261398315, 0.32339245080947876, 0.336325079202652, 0.3492577075958252]}, "gradients/graph_15fc2.bias": {"_type": "histogram", "values": [1.0, 0.0, 0.0, 0.0, 0.0, 0.0, 0.0, 0.0, 0.0, 0.0, 0.0, 0.0, 0.0, 0.0, 1.0, 0.0, 0.0, 0.0, 0.0, 0.0, 1.0, 3.0, 0.0, 0.0, 2.0, 2.0, 2.0, 5.0, 8.0, 73.0, 8.0, 3.0, 4.0, 2.0, 4.0, 0.0, 1.0, 1.0, 0.0, 1.0, 0.0, 0.0, 0.0, 3.0, 0.0, 0.0, 0.0, 1.0, 0.0, 0.0, 0.0, 0.0, 0.0, 1.0, 0.0, 0.0, 0.0, 0.0, 0.0, 0.0, 0.0, 0.0, 0.0, 1.0],