{"epoch": 49, "acc_train": 0.1875, "train_loss": 2.167772054672241, "acc_val": 0.1741, "loss_val": 2.1912364959716797, "_timestamp": 1699929036.108981, "_runtime": 64.8853178024292, "_step": 99, "global_step": 49, "Learning rate": 0.009999999776482582, "Batch size": 256.0, "Train/Accuracy": 0.1875, "Train/Loss": 2.167772054672241, "Val/Accuracy": 0.17409999668598175, "Val/Loss": 2.1912364959716797, "Model/Norm": 39.406463623046875, "_wandb": {"runtime": 63}}