{"acc": 0.4425, "acc_val": 0.4253, "_timestamp": 1699293870.6380467, "_runtime": 306.9090938568115, "_step": 118, "_wandb": {"runtime": 306}}