{"batch loss": 2.302525043487549, "_timestamp": 1699297347.253875, "_runtime": 292.9922480583191, "_step": 587, "loss": 0.008994665398047521, "epoch": 2, "_wandb": {"runtime": 292}}