{"epoch": 29, "acc_train": 0.2035, "train_loss": 2.1364710330963135, "acc_val": 0.1952, "loss_val": 2.1695666313171387, "_timestamp": 1699917878.7399397, "_runtime": 50.769667625427246, "_step": 59, "global_step": 29, "Learning rate": 0.009999999776482582, "Batch size": 256.0, "Train/Accuracy": 0.20350000262260437, "Val/Accuracy": 0.19519999623298645, "Train/Loss": 2.1364710330963135, "Val/Loss": 2.1695666313171387, "Model/Norm": 36.89992904663086, "_wandb": {"runtime": 49}}