{"accuracy": 0.19679588607594936, "epoch": 3, "_timestamp": 1699284635.6063356, "_runtime": 0.6888265609741211, "_step": 0, "_wandb": {"runtime": 0}}