{"epoch": 49, "acc_train": 0.2026, "train_loss": 2.1397359371185303, "acc_val": 0.2056, "loss_val": 2.1522469520568848, "_timestamp": 1699917763.329651, "_runtime": 61.79354119300842, "_step": 99, "global_step": 49, "Learning rate": 0.009999999776482582, "Batch size": 256.0, "Train/Accuracy": 0.20260000228881836, "Val/Accuracy": 0.20559999346733093, "Train/Loss": 2.1397359371185303, "Val/Loss": 2.1522469520568848, "Model/Norm": 50.11449432373047, "_wandb": {"runtime": 60}}