{"epoch": 29, "acc_train": 0.3475, "train_loss": 1.83921217918396, "acc_val": 0.3297, "loss_val": 1.900704026222229, "_timestamp": 1699918468.0899692, "_runtime": 62.53140926361084, "_step": 59, "global_step": 29, "Learning rate": 0.009999999776482582, "Batch size": 256.0, "Train/Accuracy": 0.3474999964237213, "Val/Accuracy": 0.3296999931335449, "Train/Loss": 1.83921217918396, "Val/Loss": 1.900704026222229, "Model/Norm": 18.632997512817383, "_wandb": {"runtime": 60}}