{"epoch": 69, "acc_train": 0.3662, "train_loss": 1.7667639255523682, "acc_val": 0.3017, "loss_val": 2.0138261318206787, "_timestamp": 1699925251.1034677, "_runtime": 100.66556763648987, "_step": 139, "global_step": 69, "Batch size": 256.0, "Learning rate": 0.10000000149011612, "Train/Accuracy": 0.3662000000476837, "Val/Accuracy": 0.30169999599456787, "Train/Loss": 1.7667639255523682, "Val/Loss": 2.0138261318206787, "Model/Norm": 59.39381790161133, "_wandb": {"runtime": 99}}