{"accuracy": 0.2947982594936709, "epoch": 4, "_timestamp": 1699284828.6660426, "_runtime": 0.7391104698181152, "_step": 0, "_wandb": {"runtime": 0}}