{"accuracy": 0.11016613924050633, "epoch": 3, "_timestamp": 1699285552.899297, "_runtime": 0.689626932144165, "_step": 0, "_wandb": {"runtime": 0}}