{"epoch": 5, "batch_nr": 742, "avg_loss": 1.4792884588241577, "_timestamp": 1699896479.2405944, "_runtime": 68.87112140655518, "_step": 7002, "loss": 1.7939759879112243, "avg_epoch_loss": 1.8579865312957762, "_wandb": {"runtime": 68}}