{"accuracy": 0.10314477848101265, "epoch": 12, "_timestamp": 1699282706.559811, "_runtime": 2.3263602256774902, "_step": 0, "_wandb": {"runtime": 0}}