{"epoch": 29, "acc_train": 0.1013, "train_loss": 2.3064351081848145, "acc_val": 0.1, "loss_val": 2.3089988231658936, "_timestamp": 1699923769.2735033, "_runtime": 52.51520037651062, "_step": 59, "global_step": 29, "Learning rate": 0.10000000149011612, "Batch size": 256.0, "Train/Accuracy": 0.10130000114440918, "Train/Loss": 2.3064351081848145, "Val/Accuracy": 0.10000000149011612, "Val/Loss": 2.3089988231658936, "Model/Norm": 188.63888549804688, "_wandb": {"runtime": 50}}