{"epoch": 29, "acc_train": 0.243, "train_loss": 2.0602965354919434, "acc_val": 0.2349, "loss_val": 2.088963031768799, "_timestamp": 1699933664.1704226, "_runtime": 99.2521915435791, "_step": 59, "global_step": 29, "Learning rate": 0.10000000149011612, "Batch size": 64.0, "Train/Accuracy": 0.24300000071525574, "Val/Accuracy": 0.23489999771118164, "Train/Loss": 2.0602965354919434, "Val/Loss": 2.088963031768799, "Model/Norm": 38.56954574584961, "_wandb": {"runtime": 98}}