{"epoch": 29, "acc_train": 0.1878, "train_loss": 2.1629042625427246, "acc_val": 0.1833, "loss_val": 2.1660258769989014, "_timestamp": 1699917383.4712996, "_runtime": 53.7979736328125, "_step": 59, "global_step": 29, "Learning rate": 0.10000000149011612, "Batch size": 256.0, "Train/Accuracy": 0.18780000507831573, "Val/Accuracy": 0.18330000340938568, "Train/Loss": 2.1629042625427246, "Val/Loss": 2.1660258769989014, "Model/Norm": 37.66799545288086, "_wandb": {"runtime": 52}}