{"epoch": 69, "acc_train": 0.1002, "train_loss": 2.3117353916168213, "acc_val": 0.1, "loss_val": 2.3098981380462646, "_timestamp": 1699921533.3401253, "_runtime": 193.01247930526733, "_step": 139, "global_step": 69, "Learning rate": 0.10000000149011612, "Batch size": 64.0, "Train/Accuracy": 0.10019999742507935, "Train/Loss": 2.3117353916168213, "Val/Accuracy": 0.10000000149011612, "Val/Loss": 2.3098981380462646, "Model/Norm": 197.51736450195312, "_wandb": {"runtime": 191}}