{"global_step": 49, "_timestamp": 1699880074.9345005, "Learning rate": 0.00997057743370533, "Batch size": 128.0, "Train/Accuracy": 0.09889999777078629, "Train/Loss": 2.309995651245117, "Val/Accuracy": 0.10000000149011612, "Val/Loss": 2.308833599090576, "Model/Norm": 508.4527587890625, "_runtime": 101.67451333999634, "_step": 49, "_wandb": {"runtime": 100}}