{"epoch": 69, "acc_train": 0.2859, "train_loss": 2.027238130569458, "acc_val": 0.2774, "loss_val": 2.0454211235046387, "_timestamp": 1699929221.134305, "_runtime": 113.49099802970886, "_step": 139, "global_step": 69, "Learning rate": 0.0010000000474974513, "Batch size": 128.0, "Train/Accuracy": 0.2858999967575073, "Train/Loss": 2.027238130569458, "Val/Accuracy": 0.2773999869823456, "Val/Loss": 2.0454211235046387, "Model/Norm": 10.656023025512695, "_wandb": {"runtime": 112}}