{"gradients/fc4.bias": {"_type": "histogram", "values": [1.0, 0.0, 0.0, 0.0, 0.0, 0.0, 0.0, 0.0, 0.0, 0.0, 3.0, 0.0, 0.0, 3.0, 0.0, 0.0, 2.0, 0.0, 0.0, 0.0, 0.0, 0.0, 0.0, 0.0, 0.0, 0.0, 0.0, 0.0, 0.0, 0.0, 0.0, 0.0, 0.0, 0.0, 0.0, 0.0, 0.0, 0.0, 0.0, 0.0, 0.0, 0.0, 0.0, 0.0, 0.0, 0.0, 0.0, 0.0, 0.0, 0.0, 0.0, 0.0, 0.0, 0.0, 0.0, 0.0, 0.0, 0.0, 0.0, 0.0, 0.0, 0.0, 0.0, 1.0], "bins": [-0.3125, -0.2939453125, -0.275390625, -0.2568359375, -0.23828125, -0.2197265625, -0.201171875, -0.1826171875, -0.1640625, -0.1455078125, -0.126953125, -0.1083984375, -0.08984375, -0.0712890625, -0.052734375, -0.0341796875, -0.015625, 0.0029296875, 0.021484375, 0.0400390625, 0.05859375, 0.0771484375, 0.095703125, 0.1142578125, 0.1328125, 0.1513671875, 0.169921875, 0.1884765625, 0.20703125, 0.2255859375, 0.244140625, 0.2626953125, 0.28125, 0.2998046875, 0.318359375, 0.3369140625, 0.35546875, 0.3740234375, 0.392578125, 0.4111328125, 0.4296875, 0.4482421875, 0.466796875, 0.4853515625, 0.50390625, 0.5224609375, 0.541015625, 0.5595703125, 0.578125, 0.5966796875, 0.615234375, 0.6337890625, 0.65234375, 0.6708984375, 0.689453125, 0.7080078125, 0.7265625, 0.7451171875, 0.763671875, 0.7822265625, 0.80078125, 0.8193359375, 0.837890625, 0.8564453125, 0.875]}, "_timestamp": 1699912211.349434, "gradients/fc4.weight": {"_type": "histogram", "values": [1.0, 0.0, 0.0, 0.0, 0.0, 0.0, 1.0, 1.0, 0.0, 0.0, 1.0, 1.0, 2.0, 1.0, 0.0, 0.0, 1.0, 2.0, 5.0, 1.0, 3.0, 1.0, 2.0, 1.0, 0.0, 2.0, 1.0, 2.0, 3.0, 1.0, 3.0, 2.0, 2.0, 2.0, 2.0, 4.0, 3.0, 2.0, 2.0, 4.0, 0.0, 4.0, 1.0, 0.0, 0.0, 0.0, 128.0, 116.0, 125.0, 80.0, 56.0, 28.0, 9.0, 6.0, 4.0, 4.0, 6.0, 5.0, 2.0, 4.0, 0.0, 2.0, 0.0, 1.0], "bins": [-3020.712890625, -2956.164306640625, -2891.61572265625, -2827.067138671875, -2762.5185546875, -2697.969970703125, -2633.42138671875, -2568.872802734375, -2504.32421875, -2439.77587890625, -2375.227294921875, -2310.6787109375, -2246.130126953125, -2181.58154296875, -2117.032958984375, -2052.484375, -1987.935791015625, -1923.38720703125, -1858.838623046875, -1794.2900390625, -1729.741455078125, -1665.1929931640625, -1600.6444091796875, -1536.0958251953125, -1471.5472412109375, -1406.9986572265625, -1342.4500732421875, -1277.9014892578125, -1213.35302734375, -1148.804443359375, -1084.255859375, -1019.707275390625, -955.1588134765625, -890.6102294921875, -826.0616455078125, -761.5131225585938, -696.9645385742188, -632.4159545898438, -567.867431640625, -503.31884765625, -438.770263671875, -374.2216796875, -309.6731262207031, -245.1245574951172, -180.57598876953125, -116.02742004394531, -51.478851318359375, 13.069717407226562, 77.6182861328125, 142.16685485839844, 206.71542358398438, 271.26397705078125, 335.81256103515625, 400.36114501953125, 464.9096984863281, 529.458251953125, 594.0068359375, 658.555419921875, 723.10400390625, 787.6525268554688, 852.2011108398438, 916.7496948242188, 981.2982177734375, 1045.8468017578125, 1110.3953857421875]}, "gradients/fc3.bias": {"_type": "histogram", "values": [1.0, 0.0, 0.0, 1.0, 1.0, 0.0, 1.0, 0.0, 0.0, 0.0, 1.0, 2.0, 1.0, 0.0, 1.0, 0.0, 1.0, 1.0, 1.0, 2.0, 0.0, 3.0, 1.0, 1.0, 0.0, 1.0, 0.0, 3.0, 3.0, 2.0, 1.0, 0.0, 4.0, 4.0, 1.0, 3.0, 1.0, 1.0, 1.0, 1.0, 0.0, 0.0, 0.0, 2.0, 0.0, 3.0, 2.0, 5.0, 0.0, 0.0, 0.0, 2.0, 0.0, 1.0, 0.0, 0.0, 0.0, 0.0, 2.0, 0.0, 0.0, 1.0, 0.0, 1.0], "bins": [-0.01159694418311119, -0.011270946823060513, -0.010944949463009834, -0.010618951171636581, -0.010292953811585903, -0.009966956451535225, -0.009640958160161972, -0.009314960800111294, -0.008988963440060616, -0.008662966080009937, -0.008336968719959259, -0.008010970428586006, -0.007684973068535328, -0.00735897570848465, -0.007032977882772684, -0.0067069800570607185, -0.00638098269701004, -0.006054985336959362, -0.0057289875112473965, -0.005402989685535431, -0.005076992325484753, -0.004750994965434074, -0.004424997139722109, -0.004098999314010143, -0.003773001953959465, -0.003447004361078143, -0.003121006768196821, -0.0027950091753154993, -0.0024690115824341774, -0.0021430139895528555, -0.0018170163966715336, -0.0014910188037902117, -0.0011650212109088898, -0.0008390236180275679, -0.000513026025146246, -0.00018702843226492405, 0.00013896916061639786, 0.00046496675349771976, 0.0007909643463790417, 0.0011169619392603636, 0.0014429595321416855, 0.0017689571250230074, 0.0020949547179043293, 0.002420952310785651, 0.002746949903666973, 0.003072947496548295, 0.003398945089429617, 0.003724942682310939, 0.004050940275192261, 0.004376937635242939, 0.0047029354609549046, 0.00502893328666687, 0.005354930646717548, 0.005680928006768227, 0.006006925832480192, 0.006332923658192158, 0.006658921018242836, 0.006984918378293514, 0.00731091620400548, 0.007636914029717445, 0.007962911389768124, 0.008288908749818802, 0.008614907041192055, 0.008940904401242733, 0.009266901761293411]}, "gradients/fc3.weight": {"_type": "histogram", "values": [1.0, 0.0, 0.0, 1.0, 1.0, 0.0, 0.0, 1.0, 0.0, 0.0, 1.0, 1.0, 1.0, 0.0, 0.0, 0.0, 1.0, 2.0, 6.0, 1.0, 2.0, 0.0, 1.0, 2.0, 4.0, 2.0, 12.0, 5.0, 4814.0, 3264.0, 17.0, 7.0, 7.0, 4.0, 5.0, 4.0, 3.0, 3.0, 0.0, 0.0, 2.0, 1.0, 2.0, 1.0, 2.0, 0.0, 2.0, 0.0, 0.0, 0.0, 2.0, 2.0, 1.0, 0.0, 0.0, 1.0, 0.0, 0.0, 1.0, 1.0, 0.0, 0.0, 0.0, 1.0], "bins": [-1136.833984375, -1097.5394287109375, -1058.2449951171875, -1018.9505004882812, -979.656005859375, -940.3614501953125, -901.0669555664062, -861.7724609375, -822.4779663085938, -783.1834716796875, -743.8889770507812, -704.594482421875, -665.2999267578125, -626.0054321289062, -586.7109375, -547.4164428710938, -508.1219482421875, -468.82745361328125, -429.532958984375, -390.2384338378906, -350.9439392089844, -311.6494445800781, -272.35491943359375, -233.0604248046875, -193.76593017578125, -154.471435546875, -115.17692565917969, -75.8824234008789, -36.587921142578125, 2.7065811157226562, 42.00108337402344, 81.29558563232422, 120.590087890625, 159.88458251953125, 199.17909240722656, 238.47360229492188, 277.7680969238281, 317.0625915527344, 356.35711669921875, 395.651611328125, 434.94610595703125, 474.2406005859375, 513.5350952148438, 552.82958984375, 592.1241455078125, 631.4186401367188, 670.713134765625, 710.0076293945312, 749.3021240234375, 788.5966186523438, 827.89111328125, 867.1856079101562, 906.4801025390625, 945.774658203125, 985.0691528320312, 1024.3636474609375, 1063.658203125, 1102.95263671875, 1142.2471923828125, 1181.5416259765625, 1220.836181640625, 1260.130615234375, 1299.4251708984375, 1338.7196044921875, 1378.01416015625]}, "gradients/fc2.bias": {"_type": "histogram", "values": [2.0, 1.0, 2.0, 5.0, 12.0, 17.0, 26.0, 29.0, 18.0, 10.0, 2.0, 1.0, 0.0, 0.0, 0.0, 0.0, 0.0, 0.0, 0.0, 0.0, 0.0, 0.0, 0.0, 0.0, 0.0, 0.0, 0.0, 0.0, 0.0, 1.0, 0.0, 0.0, 0.0, 0.0, 0.0, 0.0, 0.0, 0.0, 1.0, 0.0, 0.0, 0.0, 0.0, 0.0, 0.0, 0.0, 0.0, 0.0, 0.0, 0.0, 0.0, 0.0, 0.0, 0.0, 0.0, 0.0, 0.0, 0.0, 0.0, 0.0, 0.0, 0.0, 0.0, 1.0],