{"accuracy": 0.2488132911392405, "epoch": 2, "_timestamp": 1699285721.7460256, "_runtime": 1.7105624675750732, "_step": 0, "_wandb": {"runtime": 0}}