{"accuracy": 0.13983386075949367, "epoch": 2, "_timestamp": 1699285072.438238, "_runtime": 0.7928829193115234, "_step": 0, "_wandb": {"runtime": 0}}