{"batch loss": 1.833308458328247, "_timestamp": 1699294272.1961634, "_runtime": 68.81555151939392, "_step": 568, "loss": 0.020820556954980356, "epoch": 0, "_wandb": {"runtime": 68}}