{"accuracy": 0.28471123417721517, "epoch": 1, "_timestamp": 1699285887.4109309, "_runtime": 0.7208099365234375, "_step": 0, "_wandb": {"runtime": 0}}