{"epoch": 29, "acc_train": 0.248, "train_loss": 2.0690667629241943, "acc_val": 0.2452, "loss_val": 2.092158079147339, "_timestamp": 1699918012.766881, "_runtime": 66.73012089729309, "_step": 59, "global_step": 29, "Learning rate": 0.10000000149011612, "Batch size": 128.0, "Train/Accuracy": 0.24799999594688416, "Val/Accuracy": 0.2451999932527542, "Train/Loss": 2.0690667629241943, "Val/Loss": 2.092158079147339, "Model/Norm": 39.802730560302734, "_wandb": {"runtime": 65}}