{"epoch": 6, "batch_nr": 787, "avg_loss": 2.0038721561431885, "_timestamp": 1699895623.454817, "_runtime": 76.60140109062195, "_step": 8293, "loss": 1.784576416015625, "_wandb": {"runtime": 75}}