{"acc": 0.8645947437384458, "loss": 0.17903516451956664, "_timestamp": 1699894794.470353, "_runtime": 0.9577608108520508, "_step": 7, "_wandb": {"runtime": 0}}