{"acc": 0.4135, "acc_val": 0.4232, "_timestamp": 1699284261.497975, "_runtime": 224.3119912147522, "_step": 90, "_wandb": {"runtime": 223}}