{"accuracy": 0.2566257911392405, "epoch": 3, "_timestamp": 1699284995.885745, "_runtime": 0.6996679306030273, "_step": 0, "_wandb": {"runtime": 0}}