{"epoch": 49, "acc_train": 0.2001, "train_loss": 2.1441304683685303, "acc_val": 0.1914, "loss_val": 2.1685967445373535, "_timestamp": 1699918172.3176126, "_runtime": 91.27438259124756, "_step": 99, "global_step": 49, "Learning rate": 0.009999999776482582, "Batch size": 128.0, "Train/Accuracy": 0.20010000467300415, "Train/Loss": 2.1441304683685303, "Val/Accuracy": 0.19140000641345978, "Val/Loss": 2.1685967445373535, "Model/Norm": 64.07726287841797, "_wandb": {"runtime": 89}}