{"accuracy": 0.09889240506329114, "epoch": 0, "_timestamp": 1699285319.4222999, "_runtime": 0.6917948722839355, "_step": 0, "_wandb": {"runtime": 0}}