{"accuracy": 0.2794699367088608, "epoch": 2, "_timestamp": 1699284242.1766055, "_runtime": 0.6487154960632324, "_step": 0, "_wandb": {"runtime": 0}}