{"epoch": 69, "acc_train": 0.5012, "train_loss": 1.4181643724441528, "acc_val": 0.4427, "loss_val": 1.598828673362732, "_timestamp": 1699950578.6281838, "_runtime": 74.23938274383545, "_step": 139, "global_step": 69, "Learning rate": 0.009999999776482582, "Batch size": 256.0, "Train/Accuracy": 0.5012000203132629, "Val/Accuracy": 0.44269999861717224, "Train/Loss": 1.4181643724441528, "Val/Loss": 1.598828673362732, "Model/Norm": 33.71324920654297, "_wandb": {"runtime": 72}}