{"accuracy": 0.09889240506329114, "epoch": 4, "_timestamp": 1699285362.6521118, "_runtime": 0.6261687278747559, "_step": 0, "_wandb": {"runtime": 0}}