{"epoch": 49, "acc_train": 0.4253, "train_loss": 1.6257171630859375, "acc_val": 0.3402, "loss_val": 1.9306389093399048, "_timestamp": 1699928903.9048522, "_runtime": 62.67098903656006, "_step": 99, "global_step": 49, "Learning rate": 0.05000000074505806, "Batch size": 256.0, "Train/Accuracy": 0.4253000020980835, "Val/Accuracy": 0.3402000069618225, "Train/Loss": 1.6257171630859375, "Val/Loss": 1.9306389093399048, "Model/Norm": 47.99872589111328, "_wandb": {"runtime": 61}}