{"accuracy": 0.10660601265822785, "epoch": 13, "_timestamp": 1699282712.659803, "_runtime": 0.7040238380432129, "_step": 0, "_wandb": {"runtime": 0}}