{"gradients/fc4.bias": {"_type": "histogram", "values": [1.0, 0.0, 0.0, 0.0, 0.0, 0.0, 0.0, 0.0, 0.0, 0.0, 0.0, 0.0, 0.0, 0.0, 0.0, 1.0, 0.0, 0.0, 0.0, 0.0, 1.0, 0.0, 0.0, 1.0, 1.0, 0.0, 0.0, 0.0, 0.0, 0.0, 0.0, 1.0, 0.0, 0.0, 0.0, 0.0, 0.0, 0.0, 0.0, 0.0, 0.0, 0.0, 0.0, 0.0, 0.0, 0.0, 0.0, 1.0, 0.0, 0.0, 1.0, 0.0, 0.0, 1.0, 0.0, 0.0, 0.0, 0.0, 0.0, 0.0, 0.0, 0.0, 0.0, 1.0], "bins": [-0.15237721800804138, -0.1477743685245514, -0.1431715190410614, -0.13856865465641022, -0.13396580517292023, -0.12936295568943024, -0.12476010620594025, -0.12015724927186966, -0.11555439978837967, -0.11095155030488968, -0.10634869337081909, -0.1017458438873291, -0.09714299440383911, -0.09254013746976852, -0.08793728798627853, -0.08333443105220795, -0.07873158156871796, -0.07412873208522797, -0.06952587515115738, -0.06492302566766739, -0.0603201724588871, -0.05571731925010681, -0.05111446976661682, -0.04651161655783653, -0.041908763349056244, -0.037305910140275955, -0.032703056931495667, -0.028100207448005676, -0.023497354239225388, -0.0188945010304451, -0.01429164968430996, -0.009688797406852245, -0.005085945129394531, -0.00048309285193681717, 0.004119759425520897, 0.008722611702978611, 0.013325463980436325, 0.017928317189216614, 0.022531168535351753, 0.027134019881486893, 0.03173687309026718, 0.03633972629904747, 0.04094257950782776, 0.04554542899131775, 0.05014828220009804, 0.054751135408878326, 0.05935398489236832, 0.0639568418264389, 0.0685596913099289, 0.07316254079341888, 0.07776539772748947, 0.08236824721097946, 0.08697110414505005, 0.09157395362854004, 0.09617680311203003, 0.10077966004610062, 0.1053825095295906, 0.1099853590130806, 0.11458821594715118, 0.11919106543064117, 0.12379391491413116, 0.12839676439762115, 0.13299962878227234, 0.13760247826576233, 0.14220532774925232]}, "_timestamp": 1699912036.3799794, "gradients/fc4.weight": {"_type": "histogram", "values": [1.0, 0.0, 1.0, 0.0, 1.0, 1.0, 0.0, 1.0, 0.0, 1.0, 0.0, 0.0, 1.0, 1.0, 0.0, 0.0, 0.0, 0.0, 1.0, 4.0, 0.0, 2.0, 3.0, 8.0, 4.0, 7.0, 4.0, 7.0, 5.0, 9.0, 4.0, 19.0, 64.0, 305.0, 72.0, 38.0, 18.0, 28.0, 13.0, 2.0, 4.0, 5.0, 0.0, 0.0, 1.0, 0.0, 0.0, 0.0, 0.0, 0.0, 0.0, 1.0, 2.0, 0.0, 1.0, 0.0, 0.0, 0.0, 0.0, 0.0, 0.0, 0.0, 0.0, 1.0], "bins": [-0.43801724910736084, -0.42481961846351624, -0.411622017621994, -0.3984243869781494, -0.3852267563343048, -0.3720291554927826, -0.358831524848938, -0.3456338942050934, -0.3324362635612488, -0.31923866271972656, -0.30604103207588196, -0.29284340143203735, -0.27964580059051514, -0.26644816994667053, -0.2532505393028259, -0.24005292356014252, -0.2268553078174591, -0.2136576920747757, -0.2004600614309311, -0.18726244568824768, -0.17406481504440308, -0.16086719930171967, -0.14766958355903625, -0.13447195291519165, -0.12127433717250824, -0.10807671397924423, -0.09487909078598022, -0.08168147504329681, -0.0684838518500328, -0.0552862286567688, -0.04208860918879509, -0.02889098785817623, -0.01569339632987976, -0.0024957749992609024, 0.010701846331357956, 0.023899467661976814, 0.03709708899259567, 0.05029471218585968, 0.06349232792854309, 0.0766899511218071, 0.0898875743150711, 0.10308519750833511, 0.11628282070159912, 0.12948043644428253, 0.14267805218696594, 0.15587568283081055, 0.16907329857349396, 0.18227092921733856, 0.19546854496002197, 0.20866616070270538, 0.22186379134655, 0.2350614070892334, 0.248259037733078, 0.2614566385746002, 0.2746542692184448, 0.28785189986228943, 0.30104953050613403, 0.31424713134765625, 0.32744476199150085, 0.34064239263534546, 0.3538399934768677, 0.3670376241207123, 0.3802352547645569, 0.3934328556060791, 0.4066304862499237]}, "gradients/fc3.bias": {"_type": "histogram", "values": [1.0, 0.0, 0.0, 1.0, 0.0, 0.0, 1.0, 0.0, 0.0, 0.0, 0.0, 0.0, 3.0, 0.0, 1.0, 0.0, 1.0, 1.0, 0.0, 1.0, 1.0, 0.0, 0.0, 1.0, 2.0, 1.0, 0.0, 3.0, 0.0, 1.0, 3.0, 20.0, 0.0, 2.0, 0.0, 1.0, 3.0, 1.0, 1.0, 0.0, 3.0, 1.0, 1.0, 0.0, 2.0, 1.0, 0.0, 1.0, 0.0, 0.0, 0.0, 0.0, 0.0, 1.0, 1.0, 1.0, 1.0, 0.0, 0.0, 0.0, 0.0, 0.0, 0.0, 1.0], "bins": [-0.023133233189582825, -0.02239586040377617, -0.021658487617969513, -0.020921114832162857, -0.0201837420463562, -0.019446367397904396, -0.01870899461209774, -0.017971621826291084, -0.01723424904048443, -0.016496876254677773, -0.015759503468871117, -0.015022129751741886, -0.01428475696593523, -0.013547384180128574, -0.012810010462999344, -0.012072637677192688, -0.011335264891386032, -0.010597892105579376, -0.00986051931977272, -0.00912314560264349, -0.008385772816836834, -0.007648400031030178, -0.006911026779562235, -0.006173653528094292, -0.005436280742287636, -0.00469890795648098, -0.003961534705013037, -0.003224161686375737, -0.0024867886677384377, -0.0017494156491011381, -0.0010120426304638386, -0.00027466961182653904, 0.0004627034068107605, 0.00120007642544806, 0.0019374494440853596, 0.002674822462722659, 0.0034121954813599586, 0.0041495682671666145, 0.004886941518634558, 0.005624314770102501, 0.006361687555909157, 0.007099060341715813, 0.007836433127522469, 0.008573806844651699, 0.009311179630458355, 0.01004855241626501, 0.010785926133394241, 0.011523298919200897, 0.012260671705007553, 0.012998044490814209, 0.013735417276620865, 0.014472790993750095, 0.015210163779556751, 0.015947537496685982, 0.016684910282492638, 0.017422283068299294, 0.01815965585410595, 0.018897028639912605, 0.01963440142571926, 0.020371774211525917, 0.021109148859977722, 0.021846521645784378, 0.022583894431591034, 0.02332126721739769, 0.024058640003204346]}, "gradients/fc3.weight": {"_type": "histogram", "values": [2.0, 0.0, 1.0, 0.0, 2.0, 0.0, 1.0, 3.0, 1.0, 3.0, 4.0, 1.0, 0.0, 4.0, 3.0, 5.0, 5.0, 6.0, 8.0, 9.0, 16.0, 14.0, 20.0, 20.0, 22.0, 55.0, 53.0, 83.0, 131.0, 4913.0, 2464.0, 110.0, 54.0, 44.0, 20.0, 17.0, 20.0, 9.0, 13.0, 7.0, 9.0, 7.0, 6.0, 5.0, 2.0, 3.0, 4.0, 2.0, 0.0, 0.0, 1.0, 1.0, 2.0, 0.0, 1.0, 0.0, 2.0, 1.0, 0.0, 2.0, 0.0, 0.0, 0.0, 1.0], "bins": [-0.2170533686876297, -0.2098148614168167, -0.20257635414600372, -0.19533784687519073, -0.18809933960437775, -0.18086083233356476, -0.17362232506275177, -0.16638381779193878, -0.1591453105211258, -0.1519068032503128, -0.14466829597949982, -0.13742978870868683, -0.13019128143787384, -0.12295276671648026, -0.11571425944566727, -0.10847575217485428, -0.10123724490404129, -0.0939987376332283, -0.08676023036241531, -0.07952172309160233, -0.07228321582078934, -0.06504470854997635, -0.05780619755387306, -0.050567690283060074, -0.043329183012247086, -0.0360906757414341, -0.02885216847062111, -0.02161365933716297, -0.014375152066349983, -0.007136644329875708, 0.00010186340659856796, 0.0073403711430728436, 0.01457887887954712, 0.021817386150360107, 0.029055893421173096, 0.036294400691986084, 0.04353290796279907, 0.05077141895890236, 0.05800992622971535, 0.06524842977523804, 0.07248693704605103, 0.07972545176744461, 0.0869639590382576, 0.09420246630907059, 0.10144097357988358, 0.10867948085069656, 0.11591798812150955, 0.12315649539232254, 0.13039499521255493, 0.1376335173845291, 0.1448720246553421, 0.1521105319261551, 0.15934903919696808, 0.16658754646778107, 0.17382605373859406, 0.18106456100940704, 0.18830306828022003, 0.19554157555103302, 0.202780082821846, 0.210018590092659, 0.21725709736347198, 0.22449560463428497, 0.23173411190509796, 0.23897261917591095, 0.24621112644672394]}, "gradients/fc2.bias": {"_type": "histogram", "values": [1.0, 0.0, 0.0, 0.0, 0.0, 0.0, 0.0, 0.0, 0.0, 0.0, 0.0, 0.0, 1.0, 0.0, 0.0, 0.0, 0.0, 0.0, 0.0, 0.0, 0.0, 0.0, 0.0, 1.0, 0.0, 1.0, 0.0, 0.0, 1.0, 1.0, 2.0, 2.0, 1.0, 1.0, 5.0, 2.0, 9.0, 70.0, 4.0, 6.0, 4.0, 6.0, 3.0, 2.0, 1.0, 1.0, 0.0, 1.0, 0.0, 0.0, 1.0, 0.0, 0.0, 0.0, 0.0, 0.0, 0.0, 0.0, 0.0, 0.0, 0.0, 0.0, 0.0, 1.0],