{"acc": 0.8413, "acc_val": 0.4993, "_timestamp": 1699297234.5296996, "_runtime": 224.5747344493866, "_step": 81, "_wandb": {"runtime": 223}}