{"accuracy": 0.09958465189873418, "epoch": 3, "_timestamp": 1699282652.1935081, "_runtime": 0.7094640731811523, "_step": 0, "_wandb": {"runtime": 0}}