{"epoch": 49, "acc_train": 0.4046, "train_loss": 1.6818146705627441, "acc_val": 0.3405, "loss_val": 1.8704420328140259, "_timestamp": 1699928772.4797828, "_runtime": 62.80194878578186, "_step": 99, "global_step": 49, "Learning rate": 0.009999999776482582, "Batch size": 256.0, "Train/Accuracy": 0.40459999442100525, "Val/Accuracy": 0.34049999713897705, "Train/Loss": 1.6818146705627441, "Val/Loss": 1.8704420328140259, "Model/Norm": 26.629714965820312, "_wandb": {"runtime": 61}}