{"accuracy": 0.26967958860759494, "epoch": 4, "_timestamp": 1699284559.1557844, "_runtime": 0.7124223709106445, "_step": 0, "_wandb": {"runtime": 0}}