{"epoch": 69, "acc_train": 0.0997, "train_loss": 2.3061680793762207, "acc_val": 0.1, "loss_val": 2.3056585788726807, "_timestamp": 1699924214.9346867, "_runtime": 112.6096396446228, "_step": 139, "global_step": 69, "Learning rate": 0.004999999888241291, "Batch size": 128.0, "Train/Accuracy": 0.09969999641180038, "Val/Accuracy": 0.10000000149011612, "Train/Loss": 2.3061680793762207, "Val/Loss": 2.3056585788726807, "Model/Norm": 188.3112335205078, "_wandb": {"runtime": 111}}