{"global_step": 49, "_timestamp": 1699879412.0368404, "Learning rate": 0.03450580686330795, "Batch size": 128.0, "Train/Accuracy": 0.09629999846220016, "Val/Accuracy": 0.09989999979734421, "Train/Loss": 2.3220086097717285, "Val/Loss": 2.325690507888794, "Model/Norm": 1366.8216552734375, "_runtime": 93.33491039276123, "_step": 49, "_wandb": {"runtime": 91}}