{"acc": 0.4218, "acc_val": 0.4316, "_timestamp": 1699279187.0216289, "_runtime": 231.93332386016846, "_step": 113, "_wandb": {"runtime": 230}}