{"accuracy": 0.2545490506329114, "epoch": 0, "_timestamp": 1699285876.2281015, "_runtime": 0.6566524505615234, "_step": 0, "_wandb": {"runtime": 0}}