{"accuracy": 0.09889240506329114, "epoch": 3, "_timestamp": 1699285643.2685134, "_runtime": 0.6676485538482666, "_step": 0, "_wandb": {"runtime": 0}}