{"accuracy": 0.09909018987341772, "epoch": 0, "_timestamp": 1699285965.9783096, "_runtime": 0.6271395683288574, "_step": 0, "_wandb": {"runtime": 0}}