{"epoch": 69, "acc_train": 0.2819, "train_loss": 1.9860678911209106, "acc_val": 0.2698, "loss_val": 2.0363261699676514, "_timestamp": 1699932531.204665, "_runtime": 76.18305087089539, "_step": 139, "global_step": 69, "Learning rate": 0.10000000149011612, "Batch size": 256.0, "Train/Accuracy": 0.28189998865127563, "Train/Loss": 1.9860678911209106, "Val/Accuracy": 0.26980000734329224, "Val/Loss": 2.0363261699676514, "Model/Norm": 47.33154296875, "_wandb": {"runtime": 75}}