{"epoch": 59, "accuracy": 0.4214, "_timestamp": 1699918441.916398, "_runtime": 181.32575511932373, "_step": 59, "_wandb": {"runtime": 180}}