{"acc": 0.9494, "acc_val": 0.5111, "_timestamp": 1699288092.250119, "_runtime": 277.475900888443, "_step": 103, "_wandb": {"runtime": 276}}