{"training_loss": 1107.8076677918434, "training_accuracy": 0.49796, "validation_loss": 68.19854032993317, "validation_accuracy": 0.4132, "_timestamp": 1699903953.7620866, "_runtime": 161.01660251617432, "_step": 24, "gradients/graph_8fc4.bias": {"_type": "histogram", "values": [1.0, 0.0, 0.0, 1.0, 0.0, 0.0, 0.0, 0.0, 0.0, 0.0, 0.0, 0.0, 0.0, 1.0, 0.0, 0.0, 0.0, 0.0, 0.0, 1.0, 0.0, 0.0, 0.0, 0.0, 0.0, 0.0, 1.0, 0.0, 0.0, 0.0, 0.0, 0.0, 0.0, 0.0, 1.0, 0.0, 0.0, 0.0, 0.0, 0.0, 1.0, 0.0, 0.0, 0.0, 0.0, 1.0, 0.0, 0.0, 0.0, 0.0, 0.0, 0.0, 0.0, 0.0, 0.0, 0.0, 0.0, 0.0, 0.0, 0.0, 0.0, 0.0, 0.0, 2.0], "bins": [-0.047192126512527466, -0.04567344859242439, -0.04415476694703102, -0.04263608902692795, -0.041117411106824875, -0.0395987331867218, -0.03808005154132843, -0.03656137362122536, -0.035042695701122284, -0.03352401405572891, -0.03200533613562584, -0.030486658215522766, -0.028967978432774544, -0.02744930051267147, -0.02593062072992325, -0.024411942809820175, -0.022893263027071953, -0.02137458324432373, -0.019855905324220657, -0.018337225541472435, -0.016818547621369362, -0.01529986783862114, -0.013781188987195492, -0.012262510135769844, -0.010743831284344196, -0.009225152432918549, -0.007706473581492901, -0.006187794264405966, -0.004669115412980318, -0.0031504365615546703, -0.001631757477298379, -0.00011307850945740938, 0.0014056004583835602, 0.002924279309809208, 0.004442958161234856, 0.005961637478321791, 0.007480316329747438, 0.008998995646834373, 0.010517674498260021, 0.012036353349685669, 0.013555032201111317, 0.015073711052536964, 0.016592390835285187, 0.01811106875538826, 0.019629748538136482, 0.021148426458239555, 0.022667106240987778, 0.02418578416109085, 0.025704463943839073, 0.027223143726587296, 0.02874182164669037, 0.03026050142943859, 0.03177918121218681, 0.033297859132289886, 0.03481653705239296, 0.03633521497249603, 0.037853896617889404, 0.03937257453799248, 0.04089125245809555, 0.04240993410348892, 0.043928612023591995, 0.04544728994369507, 0.04696596786379814, 0.04848464950919151, 0.050003327429294586]}, "gradients/graph_8fc4.weight": {"_type": "histogram", "values": [1.0, 0.0, 0.0, 0.0, 0.0, 0.0, 1.0, 1.0, 1.0, 1.0, 2.0, 0.0, 1.0, 1.0, 2.0, 1.0, 5.0, 3.0, 3.0, 3.0, 5.0, 7.0, 4.0, 4.0, 7.0, 6.0, 1.0, 7.0, 9.0, 17.0, 25.0, 39.0, 263.0, 76.0, 43.0, 18.0, 11.0, 13.0, 9.0, 6.0, 4.0, 7.0, 8.0, 2.0, 2.0, 2.0, 4.0, 1.0, 1.0, 2.0, 2.0, 0.0, 2.0, 1.0, 1.0, 1.0, 0.0, 1.0, 0.0, 0.0, 0.0, 1.0, 1.0, 1.0], "bins": [-0.9943245053291321, -0.9638332724571228, -0.9333420991897583, -0.902850866317749, -0.8723596930503845, -0.8418684601783752, -0.811377227306366, -0.7808860540390015, -0.7503948211669922, -0.7199036478996277, -0.6894124150276184, -0.6589211821556091, -0.6284300088882446, -0.5979387760162354, -0.5674476027488708, -0.5369563698768616, -0.5064651966094971, -0.4759739637374878, -0.4454827606678009, -0.4149915277957916, -0.38450032472610474, -0.35400912165641785, -0.32351791858673096, -0.29302671551704407, -0.2625355124473572, -0.2320442944765091, -0.201553076505661, -0.17106187343597412, -0.14057067036628723, -0.11007945239543915, -0.07958824932575226, -0.04909703880548477, -0.018605828285217285, 0.011885380372405052, 0.04237658903002739, 0.07286779582500458, 0.10335900634527206, 0.13385021686553955, 0.16434141993522644, 0.19483263790607452, 0.2253238409757614, 0.2558150589466095, 0.2863062620162964, 0.3167974650859833, 0.34728866815567017, 0.37777987122535706, 0.40827110409736633, 0.4387623071670532, 0.4692535102367401, 0.499744713306427, 0.5302359461784363, 0.5607271194458008, 0.5912183523178101, 0.6217095255851746, 0.6522007584571838, 0.6826919913291931, 0.7131831645965576, 0.7436743974685669, 0.7741655707359314, 0.8046568036079407, 0.83514803647995, 0.8656392097473145, 0.8961304426193237, 0.9266216158866882, 0.9571128487586975]}, "gradients/graph_8fc3.bias": {"_type": "histogram", "values": [1.0, 0.0, 0.0, 0.0, 0.0, 0.0, 1.0, 1.0, 0.0, 0.0, 0.0, 1.0, 1.0, 0.0, 0.0, 0.0, 0.0, 1.0, 0.0, 0.0, 0.0, 0.0, 0.0, 1.0, 2.0, 2.0, 5.0, 3.0, 1.0, 2.0, 8.0, 5.0, 3.0, 2.0, 1.0, 5.0, 2.0, 1.0, 2.0, 0.0, 1.0, 2.0, 0.0, 1.0, 0.0, 1.0, 1.0, 1.0, 1.0, 0.0, 1.0, 1.0, 0.0, 1.0, 0.0, 0.0, 0.0, 0.0, 0.0, 0.0, 1.0, 0.0, 0.0, 1.0], "bins": [-0.009241199120879173, -0.008944337256252766, -0.008647475391626358, -0.00835061352699995, -0.008053751662373543, -0.007756889332085848, -0.007460027001798153, -0.007163165137171745, -0.006866303272545338, -0.00656944140791893, -0.006272579543292522, -0.0059757172130048275, -0.00567885534837842, -0.005381993483752012, -0.005085131153464317, -0.00478826928883791, -0.004491407424211502, -0.0041945455595850945, -0.003897683462128043, -0.003600821364670992, -0.0033039595000445843, -0.0030070976354181767, -0.0027102355379611254, -0.002413373440504074, -0.0021165115758776665, -0.001819649594835937, -0.0015227876137942076, -0.0012259256327524781, -0.0009290636517107487, -0.0006322016706690192, -0.00033533968962728977, -3.847770858556032e-05, 0.0002583833411335945, 0.000555245322175324, 0.0008521073032170534, 0.0011489692842587829, 0.0014458312653005123, 0.0017426932463422418, 0.002039555227383971, 0.0023364173248410225, 0.00263327918946743, 0.0029301410540938377, 0.003227003151550889, 0.0035238652490079403, 0.003820727113634348, 0.0041175889782607555, 0.0044144513085484505, 0.004711313173174858, 0.005008175037801266, 0.005305036902427673, 0.005601898767054081, 0.005898761097341776, 0.0061956229619681835, 0.006492484826594591, 0.006789347156882286, 0.007086209021508694, 0.007383070886135101, 0.007679932750761509, 0.007976794615387917, 0.008273656480014324, 0.008570518344640732, 0.008867381140589714, 0.009164243005216122, 0.00946110486984253, 0.009757966734468937]}, "gradients/graph_8fc3.weight": {"_type": "histogram", "values": [1.0, 2.0, 1.0, 0.0, 0.0, 0.0, 2.0, 2.0, 3.0, 2.0, 5.0, 2.0, 7.0, 1.0, 6.0, 5.0, 2.0, 10.0, 6.0, 10.0, 18.0, 31.0, 30.0, 31.0, 59.0, 104.0, 215.0, 410.0, 4698.0, 1392.0, 397.0, 204.0, 141.0, 102.0, 61.0, 54.0, 30.0, 28.0, 23.0, 20.0, 11.0, 9.0, 7.0, 8.0, 11.0, 9.0, 4.0, 3.0, 4.0, 1.0, 2.0, 0.0, 0.0, 3.0, 2.0, 0.0, 0.0, 1.0, 0.0, 0.0, 0.0, 1.0, 0.0, 1.0], "bins": [-0.6039634346961975, -0.5830787420272827, -0.5621940493583679, -0.5413094162940979, -0.5204247236251831, -0.4995400309562683, -0.4786553680896759, -0.4577706754207611, -0.4368860125541687, -0.4160013198852539, -0.3951166272163391, -0.3742319643497467, -0.3533472716808319, -0.3324626088142395, -0.3115779161453247, -0.2906932532787323, -0.2698085606098175, -0.2489238828420639, -0.2280392050743103, -0.2071545273065567, -0.1862698495388031, -0.1653851568698883, -0.1445004791021347, -0.1236158013343811, -0.1027311235666275, -0.0818464457988739, -0.06096176430583, -0.0400770828127861, -0.0191924050450325, 0.001692274585366249, 0.022576954215765, 0.0434616357088089, 0.0643463134765625, 0.0852309912443161, 0.1061156690120697, 0.1270003467798233, 0.1478850245475769, 0.1687697172164917, 0.1896543949842453, 0.2105390727519989, 0.2314237505197525, 0.2523084282875061, 0.2731931209564209, 0.2940777838230133, 0.3149624764919281, 0.3358471393585205, 0.3567318320274353, 0.3776164948940277, 0.3985011875629425, 0.4193858802318573, 0.4402705430984497, 0.4611552357673645, 0.4820398986339569, 0.5029245615005493, 0.5238092541694641, 0.5446939468383789, 0.5655786395072937, 0.5864633321762085, 0.6073479652404785, 0.6282326579093933, 0.6491173505783081, 0.6700020432472229, 0.6908866763114929, 0.7117713689804077, 0.7326560616493225]}, "gradients/graph_8fc2.bias": {"_type": "histogram", "values": [1.0, 0.0, 0.0, 2.0, 2.0, 0.0, 0.0, 1.0, 1.0, 0.0, 1.0, 2.0, 0.0, 2.0, 3.0, 2.0, 1.0, 0.0, 4.0, 7.0, 5.0, 3.0, 9.0, 8.0, 9.0, 13.0, 8.0, 8.0, 3.0, 1.0, 5.0, 4.0, 5.0, 5.0, 2.0, 2.0, 1.0, 1.0, 2.0, 1.0, 0.0, 1.0, 0.0, 1.0, 0.0, 1.0, 0.0, 0.0, 0.0, 0.0, 0.0, 0.0, 0.0, 0.0, 0.0, 0.0, 0.0, 0.0, 0.0, 0.0, 0.0, 0.0, 0.0, 1.0],