{"accuracy": 0.22725474683544303, "epoch": 4, "_timestamp": 1699283463.8257833, "_runtime": 0.7034423351287842, "_step": 0, "_wandb": {"runtime": 0}}