{"training_loss": 1278.875050663948, "training_accuracy": 0.4253, "validation_loss": 69.6611579656601, "validation_accuracy": 0.3848, "_timestamp": 1699904120.2496064, "_runtime": 155.24377846717834, "_step": 24, "gradients/graph_9fc4.bias": {"_type": "histogram", "values": [1.0, 0.0, 0.0, 0.0, 0.0, 0.0, 0.0, 0.0, 0.0, 0.0, 0.0, 0.0, 0.0, 0.0, 0.0, 0.0, 0.0, 0.0, 0.0, 0.0, 0.0, 1.0, 0.0, 0.0, 0.0, 0.0, 0.0, 0.0, 0.0, 0.0, 0.0, 0.0, 0.0, 1.0, 0.0, 0.0, 0.0, 1.0, 0.0, 0.0, 0.0, 0.0, 1.0, 0.0, 0.0, 0.0, 0.0, 0.0, 0.0, 1.0, 0.0, 1.0, 0.0, 0.0, 0.0, 0.0, 0.0, 1.0, 0.0, 1.0, 0.0, 0.0, 0.0, 1.0], "bins": [-0.06135313957929611, -0.05988142639398575, -0.05840971693396568, -0.05693800374865532, -0.055466290563344955, -0.05399458110332489, -0.052522867918014526, -0.05105115473270416, -0.0495794415473938, -0.048107732087373734, -0.04663601890206337, -0.045164305716753006, -0.04369259625673294, -0.04222088307142258, -0.04074916988611221, -0.03927746042609215, -0.037805747240781784, -0.03633403405547142, -0.034862324595451355, -0.03339061141014099, -0.03191889822483063, -0.030447186902165413, -0.0289754755795002, -0.027503762394189835, -0.02603205107152462, -0.024560339748859406, -0.023088626563549042, -0.021616915240883827, -0.020145203918218613, -0.01867349073290825, -0.017201779410243034, -0.01573006622493267, -0.014258351176977158, -0.012786638922989368, -0.01131492666900158, -0.009843215346336365, -0.008371503092348576, -0.0068997908383607864, -0.005428079050034285, -0.003956367261707783, -0.0024846550077199936, -0.001012942986562848, 0.0004587690345942974, 0.001930481055751443, 0.0034021930769085884, 0.0048739053308963776, 0.006345617119222879, 0.007817328907549381, 0.00928904116153717, 0.01076075341552496, 0.012232465669512749, 0.013704176992177963, 0.015175889246165752, 0.01664760150015354, 0.018119312822818756, 0.01959102600812912, 0.021062737330794334, 0.02253444865345955, 0.024006161838769913, 0.025477873161435127, 0.026949584484100342, 0.028421297669410706, 0.02989300899207592, 0.031364720314741135, 0.0328364335000515]}, "gradients/graph_9fc4.weight": {"_type": "histogram", "values": [1.0, 0.0, 0.0, 0.0, 0.0, 0.0, 0.0, 0.0, 0.0, 0.0, 0.0, 1.0, 0.0, 0.0, 0.0, 0.0, 1.0, 0.0, 0.0, 0.0, 0.0, 0.0, 0.0, 2.0, 2.0, 1.0, 1.0, 1.0, 2.0, 2.0, 2.0, 3.0, 3.0, 2.0, 3.0, 4.0, 7.0, 6.0, 24.0, 16.0, 19.0, 31.0, 284.0, 77.0, 45.0, 33.0, 15.0, 6.0, 7.0, 8.0, 9.0, 8.0, 3.0, 1.0, 1.0, 2.0, 2.0, 3.0, 0.0, 0.0, 1.0, 0.0, 0.0, 1.0], "bins": [-1.3808653354644775, -1.3485026359558105, -1.316140055656433, -1.2837773561477661, -1.2514146566390991, -1.2190520763397217, -1.1866893768310547, -1.1543266773223877, -1.1219639778137207, -1.0896013975143433, -1.0572386980056763, -1.0248759984970093, -0.9925134181976318, -0.9601507186889648, -0.9277880787849426, -0.8954253792762756, -0.8630627393722534, -0.8307000994682312, -0.7983373999595642, -0.765974760055542, -0.733612060546875, -0.7012494206428528, -0.6688867807388306, -0.6365240812301636, -0.6041614413261414, -0.5717988014221191, -0.5394361019134521, -0.5070734620094299, -0.4747107923030853, -0.4423481225967407, -0.4099854826927185, -0.3776228129863739, -0.3452600836753845, -0.3128974139690399, -0.2805347442626953, -0.2481721043586731, -0.2158094346523285, -0.1834467649459839, -0.15108411014080048, -0.11872144788503647, -0.08635878562927246, -0.05399612337350845, -0.021633461117744446, 0.010729201138019562, 0.04309186339378357, 0.07545452564954758, 0.10781718790531158, 0.140179842710495, 0.1725425124168396, 0.2049051821231842, 0.23726783692836761, 0.269630491733551, 0.30199316143989563, 0.33435583114624023, 0.36671847105026245, 0.39908114075660706, 0.43144381046295166, 0.46380648016929626, 0.49616914987564087, 0.5285317897796631, 0.5608944892883301, 0.5932571291923523, 0.6256197690963745, 0.6579824686050415, 0.6903451085090637]}, "gradients/graph_9fc3.bias": {"_type": "histogram", "values": [3.0, 1.0, 1.0, 0.0, 0.0, 1.0, 1.0, 0.0, 1.0, 0.0, 2.0, 0.0, 1.0, 0.0, 0.0, 3.0, 1.0, 4.0, 2.0, 0.0, 15.0, 1.0, 5.0, 0.0, 3.0, 1.0, 1.0, 1.0, 2.0, 2.0, 4.0, 1.0, 0.0, 3.0, 0.0, 0.0, 0.0, 0.0, 0.0, 1.0, 0.0, 1.0, 0.0, 0.0, 0.0, 0.0, 0.0, 0.0, 1.0, 0.0, 0.0, 0.0, 0.0, 0.0, 0.0, 0.0, 0.0, 0.0, 0.0, 0.0, 0.0, 0.0, 0.0, 1.0], "bins": [-0.00845527183264494, -0.008042029105126858, -0.007628785911947489, -0.007215543184429407, -0.006802299991250038, -0.0063890572637319565, -0.005975814536213875, -0.005562571343034506, -0.005149328615516424, -0.0047360858879983425, -0.0043228426948189735, -0.003909599967300892, -0.0034963570069521666, -0.0030831140466034412, -0.0026698713190853596, -0.0022566283587366343, -0.001843385398387909, -0.0014301424380391836, -0.0010168995941057801, -0.0006036566919647157, -0.00019041378982365131, 0.0002228291123174131, 0.0006360720144584775, 0.001049314858391881, 0.0014625578187406063, 0.0018758007790893316, 0.002289043739438057, 0.0027022864669561386, 0.003115529427304864, 0.0035287723876535892, 0.003942015115171671, 0.00435525830835104, 0.004768501967191696, 0.005181744694709778, 0.005594987887889147, 0.0060082306154072285, 0.0064214738085865974, 0.006834716536104679, 0.007247959263622761, 0.00766120245680213, 0.008074445649981499, 0.00848768837749958, 0.008900931105017662, 0.009314173832535744, 0.009727416560053825, 0.010140659287571907, 0.010553902946412563, 0.010967145673930645, 0.011380388401448727, 0.011793631128966808, 0.01220687385648489, 0.012620117515325546, 0.013033360242843628, 0.01344660297036171, 0.013859845697879791, 0.014273088425397873, 0.014686331152915955, 0.015099574811756611, 0.015512817539274693, 0.01592606119811535, 0.01633930392563343, 0.016752546653151512, 0.017165789380669594, 0.017579032108187675, 0.017992274835705757]}, "gradients/graph_9fc3.weight": {"_type": "histogram", "values": [1.0, 0.0, 0.0, 1.0, 0.0, 0.0, 1.0, 1.0, 0.0, 2.0, 3.0, 0.0, 3.0, 4.0, 9.0, 11.0, 9.0, 12.0, 17.0, 23.0, 41.0, 41.0, 69.0, 78.0, 190.0, 556.0, 6151.0, 400.0, 194.0, 110.0, 71.0, 53.0, 44.0, 26.0, 17.0, 14.0, 6.0, 4.0, 5.0, 3.0, 7.0, 1.0, 2.0, 1.0, 0.0, 3.0, 1.0, 0.0, 1.0, 0.0, 1.0, 1.0, 1.0, 0.0, 0.0, 0.0, 0.0, 1.0, 1.0, 0.0, 0.0, 0.0, 0.0, 1.0], "bins": [-0.802147626876831, -0.7716708779335022, -0.7411940693855286, -0.7107173204421997, -0.6802405118942261, -0.6497637629508972, -0.6192869544029236, -0.5888102054595947, -0.5583333969116211, -0.5278566479682922, -0.497379869222641, -0.46690309047698975, -0.4364263415336609, -0.40594956278800964, -0.3754727840423584, -0.34499600529670715, -0.3145192265510559, -0.28404244780540466, -0.2535656690597534, -0.22308890521526337, -0.19261212646961212, -0.16213534772396088, -0.13165858387947083, -0.10118180513381958, -0.07070502638816833, -0.04022825136780739, -0.009751476347446442, 0.020725298672914505, 0.05120207369327545, 0.0816788524389267, 0.11215562373399734, 0.142632395029068, 0.17310917377471924, 0.20358595252037048, 0.23406273126602173, 0.264539510011673, 0.2950162887573242, 0.3254930377006531, 0.3559698164463043, 0.38644659519195557, 0.4169233739376068, 0.44740015268325806, 0.4778769314289093, 0.5083537101745605, 0.5388304591178894, 0.569307267665863, 0.5997840166091919, 0.6302608251571655, 0.6607375741004944, 0.6912143230438232, 0.7216911315917969, 0.7521678805351257, 0.7826446890830994, 0.8131214380264282, 0.8435982465744019, 0.8740749955177307, 0.9045517444610596, 0.9350285530090332, 0.9655053019523621, 0.9959821105003357, 1.0264588594436646, 1.0569356679916382, 1.0874124765396118, 1.117889165878296, 1.1483659744262695]}, "gradients/graph_9fc2.bias": {"_type": "histogram", "values": [1.0, 0.0, 0.0, 1.0, 0.0, 0.0, 1.0, 1.0, 0.0, 0.0, 2.0, 3.0, 1.0, 1.0, 0.0, 1.0, 1.0, 2.0, 0.0, 1.0, 2.0, 2.0, 1.0, 2.0, 3.0, 3.0, 4.0, 5.0, 5.0, 6.0, 50.0, 2.0, 4.0, 3.0, 2.0, 4.0, 2.0, 1.0, 0.0, 3.0, 0.0, 0.0, 1.0, 0.0, 1.0, 0.0, 0.0, 1.0, 1.0, 1.0, 0.0, 0.0, 0.0, 0.0, 0.0, 1.0, 0.0, 1.0, 0.0, 0.0, 0.0, 0.0, 0.0, 1.0],