{"epoch": 49, "acc_train": 0.3294, "train_loss": 1.9065940380096436, "acc_val": 0.3106, "loss_val": 1.9401108026504517, "_timestamp": 1699919327.094065, "_runtime": 144.55738496780396, "_step": 99, "global_step": 49, "Learning rate": 0.004999999888241291, "Batch size": 64.0, "Train/Accuracy": 0.3294000029563904, "Train/Loss": 1.9065940380096436, "Val/Accuracy": 0.31060001254081726, "Val/Loss": 1.9401108026504517, "Model/Norm": 16.131258010864258, "_wandb": {"runtime": 143}}