{"accuracy": 0.13538370253164558, "epoch": 0, "_timestamp": 1699284602.2128866, "_runtime": 0.7047386169433594, "_step": 0, "_wandb": {"runtime": 0}}