{"accuracy": 0.12341772151898735, "epoch": 0, "_timestamp": 1699284691.3337913, "_runtime": 0.6394681930541992, "_step": 0, "_wandb": {"runtime": 0}}