{"epoch": 8, "loss": 1.8348474646568298, "_timestamp": 1699228793.5510774, "_runtime": 84.62034845352173, "_step": 8, "_wandb": {"runtime": 84}}