{"acc": 0.5314302884615385, "loss": 1.3395475039115319, "_timestamp": 1699276943.2748327, "_runtime": 266.60571479797363, "_step": 199, "val_acc": 0.4145, "val_loss": 2.102040958404541, "_wandb": {"runtime": 266}}