{"epoch": 69, "acc_train": 0.4081, "train_loss": 1.662705659866333, "acc_val": 0.3101, "loss_val": 2.0449774265289307, "_timestamp": 1699927080.756754, "_runtime": 74.53853797912598, "_step": 139, "global_step": 69, "Learning rate": 0.10000000149011612, "Batch size": 256.0, "Train/Accuracy": 0.4081000089645386, "Val/Accuracy": 0.3100999891757965, "Train/Loss": 1.662705659866333, "Val/Loss": 2.0449774265289307, "Model/Norm": 68.91094207763672, "_wandb": {"runtime": 73}}