{"epoch": 29, "acc_train": 0.0997, "train_loss": 2.3415231704711914, "acc_val": 0.1, "loss_val": 2.3276565074920654, "_timestamp": 1699927698.3293707, "_runtime": 98.83925580978394, "_step": 59, "global_step": 29, "Learning rate": 0.05000000074505806, "Batch size": 64.0, "Train/Accuracy": 0.09969999641180038, "Train/Loss": 2.3415231704711914, "Val/Accuracy": 0.10000000149011612, "Val/Loss": 2.3276565074920654, "Model/Norm": 1993.60595703125, "_wandb": {"runtime": 97}}