{"epoch": 59, "accuracy": 0.1007, "_timestamp": 1699922775.4957092, "_runtime": 168.26597809791565, "_step": 59, "_wandb": {"runtime": 167}}