{"acc": 0.9407, "acc_val": 0.5034, "_timestamp": 1699345039.4458833, "_runtime": 13748.398941278458, "_step": 87, "_wandb": {"runtime": 13747}}