{"Val Accuracy/Epoch": 0.387, "Val Loss/Epoch": 34.802547454833984, "_timestamp": 1699944684.1363058, "_runtime": 17.908227920532227, "_step": 49, "gradients/graph_9fc3.bias": {"_type": "histogram", "values": [1.0, 0.0, 0.0, 0.0, 0.0, 0.0, 0.0, 0.0, 0.0, 0.0, 0.0, 0.0, 0.0, 0.0, 0.0, 0.0, 0.0, 0.0, 0.0, 0.0, 0.0, 0.0, 2.0, 0.0, 0.0, 0.0, 0.0, 0.0, 0.0, 0.0, 0.0, 0.0, 0.0, 0.0, 1.0, 0.0, 0.0, 0.0, 0.0, 1.0, 1.0, 0.0, 0.0, 1.0, 0.0, 1.0, 0.0, 0.0, 0.0, 0.0, 0.0, 0.0, 0.0, 0.0, 0.0, 0.0, 0.0, 0.0, 0.0, 0.0, 0.0, 0.0, 0.0, 2.0], "bins": [-0.043040577322244644, -0.04189345985651016, -0.04074633866548538, -0.0395992174744606, -0.03845210000872612, -0.03730498254299164, -0.03615786135196686, -0.03501074016094208, -0.033863622695207596, -0.032716505229473114, -0.031569384038448334, -0.030422264710068703, -0.02927514538168907, -0.02812802605330944, -0.02698090672492981, -0.02583378739655018, -0.024686668068170547, -0.023539548739790916, -0.022392429411411285, -0.021245310083031654, -0.020098190754652023, -0.018951071426272392, -0.01780395209789276, -0.01665683276951313, -0.0155097134411335, -0.014362594112753868, -0.013215474784374237, -0.012068355455994606, -0.010921236127614975, -0.009774114936590195, -0.008626997470855713, -0.007479880005121231, -0.006332762539386749, -0.005185641348361969, -0.004038523882627487, -0.0028914064168930054, -0.001744285225868225, -0.0005971658974885941, 0.000549953430891037, 0.001697072759270668, 0.002844192087650299, 0.00399131141602993, 0.005138430744409561, 0.006285550072789192, 0.007432669401168823, 0.008579788729548454, 0.009726908057928085, 0.010874027386307716, 0.012021146714687347, 0.013168266043066978, 0.01431538537144661, 0.01546250469982624, 0.01660962402820587, 0.017756743356585503, 0.018903862684965134, 0.020050982013344765, 0.021198101341724396, 0.022345220670104027, 0.023492339998483658, 0.02463945932686329, 0.02578657865524292, 0.02693369798362255, 0.028080817312002182, 0.029227936640381813, 0.030375055968761444]}, "gradients/graph_9fc3.weight": {"_type": "histogram", "values": [1.0, 0.0, 0.0, 0.0, 0.0, 0.0, 1.0, 1.0, 1.0, 1.0, 0.0, 2.0, 2.0, 1.0, 0.0, 1.0, 2.0, 3.0, 9.0, 2.0, 3.0, 7.0, 2.0, 8.0, 8.0, 7.0, 15.0, 14.0, 8.0, 18.0, 22.0, 32.0, 39.0, 132.0, 52.0, 58.0, 41.0, 37.0, 35.0, 17.0, 11.0, 9.0, 6.0, 7.0, 6.0, 6.0, 3.0, 1.0, 1.0, 0.0, 0.0, 0.0, 0.0, 0.0, 0.0, 1.0, 1.0, 2.0, 2.0, 1.0, 0.0, 0.0, 0.0, 1.0], "bins": [-0.13055069744586945, -0.1266663372516632, -0.12278196215629578, -0.11889760196208954, -0.1150132343173027, -0.11112886667251587, -0.10724449902772903, -0.1033601313829422, -0.09947576373815536, -0.09559139609336853, -0.09170703589916229, -0.08782266080379486, -0.08393830060958862, -0.08005393296480179, -0.07616956532001495, -0.07228520512580872, -0.06840083003044128, -0.06451646983623505, -0.06063210219144821, -0.05674773454666138, -0.05286336690187454, -0.04897899925708771, -0.04509463161230087, -0.041210271418094635, -0.0373259037733078, -0.033441536128520966, -0.02955716848373413, -0.025672800838947296, -0.02178843319416046, -0.017904072999954224, -0.014019705355167389, -0.010135337710380554, -0.0062509700655937195, -0.0023666024208068848, 0.00151776522397995, 0.005402132868766785, 0.009286493062973022, 0.013170860707759857, 0.017055228352546692, 0.020939595997333527, 0.02482396364212036, 0.028708331286907196, 0.032592691481113434, 0.03647705912590027, 0.0403614267706871, 0.04424579441547394, 0.04813016206026077, 0.05201452970504761, 0.055898893624544144, 0.05978326126933098, 0.06366762518882751, 0.06755199283361435, 0.07143636047840118, 0.07532072067260742, 0.07920509576797485, 0.08308945596218109, 0.08697382360696793, 0.09085819125175476, 0.0947425588965416, 0.09862692654132843, 0.10251129418611526, 0.1063956618309021, 0.11028002202510834, 0.11416438966989517, 0.118048757314682]}, "gradients/graph_9fc2.bias": {"_type": "histogram", "values": [1.0, 0.0, 0.0, 1.0, 0.0, 0.0, 2.0, 0.0, 1.0, 0.0, 1.0, 0.0, 0.0, 0.0, 1.0, 1.0, 1.0, 1.0, 2.0, 2.0, 1.0, 2.0, 2.0, 1.0, 0.0, 1.0, 1.0, 3.0, 1.0, 2.0, 1.0, 0.0, 10.0, 1.0, 1.0, 1.0, 1.0, 2.0, 4.0, 1.0, 1.0, 1.0, 0.0, 3.0, 1.0, 0.0, 0.0, 2.0, 1.0, 1.0, 0.0, 1.0, 0.0, 0.0, 1.0, 0.0, 1.0, 0.0, 0.0, 0.0, 0.0, 0.0, 0.0, 1.0], "bins": [-0.020198121666908264, -0.019581111147999763, -0.018964100629091263, -0.018347088247537613, -0.017730077728629112, -0.01711306720972061, -0.01649605482816696, -0.01587904430925846, -0.01526203379034996, -0.01464502327144146, -0.014028011821210384, -0.013411000370979309, -0.012793989852070808, -0.012176979333162308, -0.011559967882931232, -0.010942956432700157, -0.010325945913791656, -0.009708935394883156, -0.00909192394465208, -0.008474912494421005, -0.007857901975512505, -0.007240891456604004, -0.006623880006372929, -0.006006868556141853, -0.005389858037233353, -0.004772847518324852, -0.004155836999416351, -0.0035388246178627014, -0.0029218140989542007, -0.0023048035800457, -0.0016877911984920502, -0.0010707806795835495, -0.00045377016067504883, 0.00016324035823345184, 0.0007802508771419525, 0.0013972632586956024, 0.002014273777604103, 0.0026312842965126038, 0.0032482966780662537, 0.0038653071969747543, 0.004482317715883255, 0.005099328234791756, 0.005716339685022831, 0.006333351135253906, 0.006950361654162407, 0.007567372173070908, 0.008184383623301983, 0.008801395073533058, 0.009418405592441559, 0.01003541611135006, 0.010652427561581135, 0.01126943901181221, 0.01188644953072071, 0.012503460049629211, 0.013120471499860287, 0.013737482950091362, 0.014354493468999863, 0.014971503987908363, 0.015588515438139439, 0.016205526888370514, 0.016822537407279015, 0.017439547926187515, 0.018056560307741165, 0.018673570826649666, 0.019290581345558167]}, "gradients/graph_9fc2.weight": {"_type": "histogram", "values": [1.0, 0.0, 0.0, 0.0, 0.0, 0.0, 2.0, 1.0, 1.0, 0.0, 1.0, 2.0, 0.0, 1.0, 4.0, 4.0, 6.0, 4.0, 8.0, 9.0, 14.0, 15.0, 12.0, 34.0, 44.0, 62.0, 80.0, 95.0, 172.0, 306.0, 631.0, 5458.0, 538.0, 278.0, 133.0, 91.0, 53.0, 34.0, 20.0, 17.0, 15.0, 10.0, 11.0, 1.0, 4.0, 5.0, 2.0, 3.0, 2.0, 2.0, 1.0, 1.0, 0.0, 1.0, 0.0, 0.0, 0.0, 1.0, 1.0, 0.0, 0.0, 0.0, 0.0, 1.0], "bins": [-0.144200399518013, -0.1396230161190033, -0.1350456178188324, -0.1304682344198227, -0.1258908361196518, -0.12131345272064209, -0.11673606187105179, -0.11215867102146149, -0.10758128017187119, -0.10300388932228088, -0.09842649847269058, -0.09384910762310028, -0.08927172422409058, -0.08469432592391968, -0.08011694252490997, -0.07553955167531967, -0.07096216082572937, -0.06638476997613907, -0.06180737912654877, -0.057229988276958466, -0.052652597427368164, -0.04807521402835846, -0.04349782317876816, -0.038920432329177856, -0.034343041479587555, -0.029765650629997253, -0.025188259780406952, -0.02061086893081665, -0.016033485531806946, -0.011456087231636047, -0.006878703832626343, -0.0023013055324554443, 0.0022760778665542603, 0.006853461265563965, 0.011430859565734863, 0.016008242964744568, 0.020585641264915466, 0.02516302466392517, 0.029740415513515472, 0.034317806363105774, 0.038895197212696075, 0.04347258806228638, 0.04804997891187668, 0.05262736976146698, 0.057204753160476685, 0.061782144010066986, 0.06635953485965729, 0.07093692570924759, 0.07551431655883789, 0.08009170740842819, 0.0846690982580185, 0.0892464816570282, 0.0938238799571991, 0.0984012633562088, 0.1029786542057991, 0.1075560450553894, 0.1121334359049797, 0.11671082675457001, 0.12128821760416031, 0.1258656084537506, 0.13044299185276031, 0.1350203901529312, 0.13959777355194092, 0.14417517185211182, 0.14875255525112152]}, "gradients/graph_9fc1.bias": {"_type": "histogram", "values": [1.0, 1.0, 0.0, 0.0, 0.0, 1.0, 1.0, 0.0, 0.0, 0.0, 0.0, 0.0, 0.0, 0.0, 0.0, 0.0, 3.0, 0.0, 0.0, 1.0, 2.0, 0.0, 2.0, 0.0, 5.0, 3.0, 2.0, 2.0, 2.0, 1.0, 2.0, 0.0, 67.0, 3.0, 2.0, 2.0, 2.0, 2.0, 2.0, 1.0, 0.0, 2.0, 3.0, 4.0, 4.0, 0.0, 2.0, 2.0, 0.0, 0.0, 0.0, 0.0, 0.0, 0.0, 0.0, 0.0, 0.0, 0.0, 0.0, 0.0, 0.0, 0.0, 0.0, 1.0],