{"acc": 0.5534, "acc_val": 0.4847, "_timestamp": 1699278944.0561028, "_runtime": 196.61717987060547, "_step": 109, "_wandb": {"runtime": 196}}