{"train_accuracy": 0.34463028169014087, "epoch": 10, "_timestamp": 1699905380.7264082, "_runtime": 359.52725315093994, "_step": 39, "train_loss": 2889.3195885419846, "validation_accuracy": 0.3787, "validation_loss": 35.19215536117554, "_wandb": {"runtime": 358}}