{"epoch": 69, "acc_train": 0.2443, "train_loss": 2.056478977203369, "acc_val": 0.2375, "loss_val": 2.1024374961853027, "_timestamp": 1699923062.780316, "_runtime": 76.7205331325531, "_step": 139, "global_step": 69, "Learning rate": 0.0010000000474974513, "Batch size": 256.0, "Train/Accuracy": 0.2442999929189682, "Train/Loss": 2.056478977203369, "Val/Accuracy": 0.23749999701976776, "Val/Loss": 2.1024374961853027, "Model/Norm": 89.8861312866211, "_wandb": {"runtime": 75}}