{"epoch": 49, "accuracy": 0.415, "_timestamp": 1699907653.0509913, "_runtime": 276.06409430503845, "_step": 49, "_wandb": {"runtime": 274}}