{"epoch": 69, "acc_train": 0.397, "train_loss": 1.7070187330245972, "acc_val": 0.3384, "loss_val": 1.8773701190948486, "_timestamp": 1699921062.5472763, "_runtime": 295.69159030914307, "_step": 139, "global_step": 69, "Learning rate": 0.004999999888241291, "Batch size": 64.0, "Train/Accuracy": 0.3970000147819519, "Train/Loss": 1.7070187330245972, "Val/Accuracy": 0.3384000062942505, "Val/Loss": 1.8773701190948486, "Model/Norm": 33.80275344848633, "_wandb": {"runtime": 294}}