{"acc": 0.9543, "acc_val": 0.5075, "_timestamp": 1699293491.9764242, "_runtime": 285.5469923019409, "_step": 101, "_wandb": {"runtime": 284}}