{"accuracy": 0.2842167721518987, "epoch": 1, "_timestamp": 1699283819.253546, "_runtime": 0.7302091121673584, "_step": 0, "_wandb": {"runtime": 0}}