{"epoch": 49, "accuracy": 0.4038, "_timestamp": 1699912904.6083643, "_runtime": 112.119389295578, "_step": 49, "_wandb": {"runtime": 110}}