{"accuracy": 0.27848101265822783, "epoch": 0, "_timestamp": 1699283807.5734956, "_runtime": 0.6921477317810059, "_step": 0, "_wandb": {"runtime": 0}}