{"acc": 0.9431, "acc_val": 0.5095, "_timestamp": 1699345378.250061, "_runtime": 230.15287494659424, "_step": 85, "_wandb": {"runtime": 229}}