{"accuracy": 0.23486946202531644, "epoch": 2, "_timestamp": 1699285810.0724342, "_runtime": 0.6977121829986572, "_step": 0, "_wandb": {"runtime": 0}}