{"acc": 0.7528, "acc_val": 0.4932, "_timestamp": 1699345710.6014786, "_runtime": 319.9231946468353, "_step": 116, "_wandb": {"runtime": 318}}