{"Val Accuracy/Epoch": 0.4302, "Val Loss/Epoch": 32.43693542480469, "_timestamp": 1699910681.337832, "_runtime": 10.559865951538086, "_step": 46, "gradients/graph_2fc3.bias": {"_type": "histogram", "values": [1.0, 0.0, 0.0, 0.0, 0.0, 0.0, 0.0, 0.0, 0.0, 0.0, 0.0, 0.0, 0.0, 0.0, 0.0, 0.0, 0.0, 2.0, 0.0, 0.0, 1.0, 0.0, 1.0, 0.0, 1.0, 0.0, 0.0, 0.0, 1.0, 0.0, 0.0, 0.0, 0.0, 0.0, 1.0, 0.0, 0.0, 0.0, 0.0, 0.0, 0.0, 0.0, 0.0, 0.0, 0.0, 0.0, 1.0, 0.0, 0.0, 0.0, 0.0, 0.0, 0.0, 0.0, 0.0, 0.0, 0.0, 0.0, 0.0, 0.0, 0.0, 0.0, 0.0, 1.0], "bins": [-0.03568505495786667, -0.03439336270093918, -0.03310167044401169, -0.031809981912374496, -0.030518289655447006, -0.029226597398519516, -0.027934905141592026, -0.026643214747309685, -0.025351524353027344, -0.024059832096099854, -0.022768139839172363, -0.021476449444890022, -0.020184757187962532, -0.01889306679368019, -0.0176013745367527, -0.01630968414247036, -0.01501799188554287, -0.01372629962861538, -0.012434609234333038, -0.011142916977405548, -0.009851226583123207, -0.008559534326195717, -0.007267843931913376, -0.005976151674985886, -0.004684459418058395, -0.003392767161130905, -0.0021010786294937134, -0.0008093863725662231, 0.0004823058843612671, 0.0017739981412887573, 0.003065686672925949, 0.004357378929853439, 0.0056490711867809296, 0.00694076344370842, 0.00823245570063591, 0.009524144232273102, 0.010815836489200592, 0.012107528746128082, 0.013399221003055573, 0.014690909534692764, 0.015982601791620255, 0.017274294048547745, 0.018565986305475235, 0.019857676699757576, 0.021149368956685066, 0.022441059350967407, 0.023732751607894897, 0.02502444200217724, 0.02631613425910473, 0.02760782651603222, 0.02889951691031456, 0.03019120916724205, 0.03148289769887924, 0.03277458995580673, 0.03406628221273422, 0.03535797446966171, 0.0366496667265892, 0.03794135898351669, 0.039233047515153885, 0.040524739772081375, 0.041816432029008865, 0.043108124285936356, 0.04439981281757355, 0.04569150507450104, 0.04698319733142853]}, "gradients/graph_2fc3.weight": {"_type": "histogram", "values": [1.0, 0.0, 0.0, 0.0, 0.0, 1.0, 0.0, 0.0, 0.0, 2.0, 2.0, 0.0, 0.0, 1.0, 1.0, 2.0, 3.0, 5.0, 3.0, 9.0, 7.0, 8.0, 12.0, 10.0, 7.0, 26.0, 36.0, 45.0, 41.0, 59.0, 53.0, 72.0, 45.0, 29.0, 39.0, 29.0, 14.0, 12.0, 11.0, 7.0, 9.0, 6.0, 7.0, 2.0, 1.0, 2.0, 2.0, 4.0, 1.0, 2.0, 2.0, 3.0, 0.0, 0.0, 1.0, 1.0, 2.0, 0.0, 0.0, 0.0, 0.0, 2.0, 0.0, 1.0], "bins": [-0.0522833876311779, -0.05059446766972542, -0.048905547708272934, -0.04721662774682045, -0.04552770406007767, -0.04383878409862518, -0.0421498641371727, -0.040460944175720215, -0.03877202421426773, -0.03708310425281525, -0.03539418429136276, -0.03370526432991028, -0.032016344368457794, -0.03032742254436016, -0.028638500720262527, -0.026949580758810043, -0.02526066079735756, -0.023571740835905075, -0.02188282087445259, -0.020193900913000107, -0.018504980951547623, -0.01681605726480484, -0.015127137303352356, -0.013438217341899872, -0.011749297380447388, -0.010060377418994904, -0.00837145745754242, -0.006682537496089935, -0.004993613809347153, -0.0033046938478946686, -0.0016157738864421844, 7.314607501029968e-05, 0.0017620697617530823, 0.0034509897232055664, 0.0051399096846580505, 0.006828829646110535, 0.008517749607563019, 0.010206673294305801, 0.011895593255758286, 0.01358451321721077, 0.015273433178663254, 0.016962353140115738, 0.018651273101568222, 0.020340193063020706, 0.02202911674976349, 0.023718036711215973, 0.025406956672668457, 0.02709587663412094, 0.028784796595573425, 0.03047371655702591, 0.032162636518478394, 0.03385155647993088, 0.03554047644138336, 0.037229396402835846, 0.03891832008957863, 0.04060724005103111, 0.0422961600124836, 0.04398507997393608, 0.045673999935388565, 0.04736292362213135, 0.04905184358358383, 0.050740763545036316, 0.0524296835064888, 0.054118603467941284, 0.05580752342939377]}, "gradients/graph_2fc2.bias": {"_type": "histogram", "values": [1.0, 0.0, 0.0, 0.0, 0.0, 0.0, 0.0, 0.0, 0.0, 0.0, 0.0, 0.0, 0.0, 0.0, 0.0, 2.0, 0.0, 0.0, 1.0, 0.0, 2.0, 4.0, 3.0, 2.0, 5.0, 2.0, 5.0, 5.0, 4.0, 2.0, 2.0, 3.0, 3.0, 1.0, 1.0, 1.0, 2.0, 1.0, 1.0, 2.0, 0.0, 1.0, 2.0, 0.0, 1.0, 0.0, 1.0, 0.0, 0.0, 1.0, 0.0, 0.0, 0.0, 0.0, 0.0, 0.0, 0.0, 1.0, 0.0, 1.0, 0.0, 0.0, 0.0, 1.0], "bins": [-0.047265663743019104, -0.045642949640750885, -0.044020239263772964, -0.042397525161504745, -0.040774814784526825, -0.039152100682258606, -0.03752938657999039, -0.035906676203012466, -0.034283965826034546, -0.03266125172376633, -0.031038539484143257, -0.029415827244520187, -0.02779311314225197, -0.0261704009026289, -0.02454768866300583, -0.02292497642338276, -0.02130226418375969, -0.01967955194413662, -0.01805683970451355, -0.01643412746489048, -0.01481141522526741, -0.013188701122999191, -0.01156599074602127, -0.009943276643753052, -0.008320562541484833, -0.006697852164506912, -0.005075138062238693, -0.0034524276852607727, -0.0018297135829925537, -0.00020700320601463318, 0.0014157108962535858, 0.0030384212732315063, 0.004661131650209427, 0.006283845752477646, 0.007906556129455566, 0.009529270231723785, 0.011151980608701706, 0.012774694710969925, 0.014397405087947845, 0.016020119190216064, 0.017642829567193985, 0.019265543669462204, 0.020888257771730423, 0.022510968148708344, 0.024133682250976562, 0.025756394490599632, 0.027379106730222702, 0.029001818969845772, 0.03062453120946884, 0.03224724531173706, 0.03386995568871498, 0.0354926660656929, 0.03711538016796112, 0.03873809427022934, 0.04036080837249756, 0.04198351874947548, 0.0436062291264534, 0.04522894322872162, 0.04685165733098984, 0.04847436770796776, 0.05009708181023598, 0.0517197921872139, 0.05334250628948212, 0.05496521666646004, 0.056587930768728256]}, "gradients/graph_2fc2.weight": {"_type": "histogram", "values": [1.0, 0.0, 0.0, 0.0, 0.0, 2.0, 0.0, 1.0, 0.0, 0.0, 1.0, 3.0, 2.0, 1.0, 2.0, 2.0, 8.0, 13.0, 25.0, 37.0, 57.0, 109.0, 232.0, 370.0, 703.0, 1478.0, 3075.0, 956.0, 408.0, 236.0, 137.0, 92.0, 76.0, 43.0, 26.0, 24.0, 14.0, 6.0, 11.0, 6.0, 9.0, 5.0, 7.0, 1.0, 2.0, 0.0, 1.0, 0.0, 1.0, 1.0, 2.0, 0.0, 0.0, 3.0, 1.0, 0.0, 0.0, 1.0, 0.0, 0.0, 0.0, 0.0, 0.0, 1.0], "bins": [-0.071724534034729, -0.0689929947257042, -0.06626145541667938, -0.06352991610765457, -0.06079837679862976, -0.05806683748960495, -0.05533529445528984, -0.05260375514626503, -0.04987221583724022, -0.04714067652821541, -0.0444091372191906, -0.04167759418487549, -0.03894605487585068, -0.03621451556682587, -0.033482976257801056, -0.030751436948776245, -0.028019897639751434, -0.025288358330726624, -0.022556819021701813, -0.019825279712677002, -0.01709374040365219, -0.014362197369337082, -0.011630658060312271, -0.008899122476577759, -0.006167575716972351, -0.0034360364079475403, -0.0007044970989227295, 0.0020270422101020813, 0.004758581519126892, 0.007490120828151703, 0.010221660137176514, 0.012953199446201324, 0.01568473130464554, 0.01841627061367035, 0.02114780992269516, 0.02387934923171997, 0.02661088854074478, 0.029342427849769592, 0.0320739671587944, 0.034805506467819214, 0.037537045776844025, 0.04026859253644943, 0.043000128120183945, 0.045731667429208755, 0.048463210463523865, 0.051194749772548676, 0.053926289081573486, 0.0566578283905983, 0.05938936769962311, 0.06212090700864792, 0.06485244631767273, 0.06758398562669754, 0.07031552493572235, 0.07304706424474716, 0.07577860355377197, 0.07851015031337738, 0.0812416821718216, 0.083973228931427, 0.08670476078987122, 0.08943630754947662, 0.09216784685850143, 0.09489938616752625, 0.09763092547655106, 0.10036246478557587, 0.10309400409460068]}, "gradients/graph_2fc1.bias": {"_type": "histogram", "values": [1.0, 2.0, 3.0, 1.0, 0.0, 0.0, 0.0, 3.0, 1.0, 0.0, 3.0, 3.0, 5.0, 2.0, 3.0, 3.0, 6.0, 6.0, 4.0, 4.0, 4.0, 4.0, 5.0, 1.0, 5.0, 5.0, 12.0, 8.0, 3.0, 4.0, 5.0, 1.0, 2.0, 0.0, 2.0, 2.0, 3.0, 1.0, 1.0, 0.0, 0.0, 1.0, 1.0, 1.0, 1.0, 0.0, 1.0, 0.0, 0.0, 0.0, 0.0, 1.0, 1.0, 0.0, 0.0, 1.0, 0.0, 0.0, 0.0, 0.0, 0.0, 1.0, 0.0, 1.0],