{"epoch": 29, "acc_train": 0.3317, "train_loss": 1.86488938331604, "acc_val": 0.2953, "loss_val": 1.9705562591552734, "_timestamp": 1699930134.6926446, "_runtime": 87.72003555297852, "_step": 59, "global_step": 29, "Learning rate": 0.05000000074505806, "Batch size": 128.0, "Train/Accuracy": 0.33169999718666077, "Train/Loss": 1.86488938331604, "Val/Accuracy": 0.2953000068664551, "Val/Loss": 1.9705562591552734, "Model/Norm": 37.70029067993164, "_wandb": {"runtime": 86}}