{"acc": 0.4161, "acc_val": 0.4136, "_timestamp": 1699289336.101159, "_runtime": 254.33315110206604, "_step": 96, "_wandb": {"runtime": 253}}