{"epoch": 69, "acc_train": 0.1006, "train_loss": 2.3226566314697266, "acc_val": 0.1, "loss_val": 2.324824333190918, "_timestamp": 1699927227.8894975, "_runtime": 76.36091446876526, "_step": 139, "global_step": 69, "Learning rate": 0.05000000074505806, "Batch size": 256.0, "Train/Accuracy": 0.1005999967455864, "Train/Loss": 2.3226566314697266, "Val/Accuracy": 0.10000000149011612, "Val/Loss": 2.324824333190918, "Model/Norm": 2000.9195556640625, "_wandb": {"runtime": 74}}