{"Val Accuracy/Epoch": 0.4377, "Val Loss/Epoch": 31.752452850341797, "_timestamp": 1699910666.430031, "_runtime": 12.642938137054443, "_step": 49, "gradients/graph_1fc3.bias": {"_type": "histogram", "values": [1.0, 0.0, 0.0, 0.0, 0.0, 0.0, 0.0, 0.0, 0.0, 0.0, 0.0, 1.0, 0.0, 1.0, 0.0, 0.0, 0.0, 1.0, 0.0, 0.0, 0.0, 0.0, 0.0, 0.0, 0.0, 0.0, 0.0, 0.0, 1.0, 0.0, 0.0, 0.0, 0.0, 1.0, 0.0, 0.0, 0.0, 1.0, 0.0, 0.0, 0.0, 0.0, 0.0, 0.0, 0.0, 0.0, 0.0, 1.0, 0.0, 1.0, 0.0, 0.0, 0.0, 0.0, 0.0, 0.0, 0.0, 0.0, 0.0, 0.0, 0.0, 0.0, 0.0, 1.0], "bins": [-0.035343319177627563, -0.03417588025331497, -0.03300843760371208, -0.03184099867939949, -0.03067355789244175, -0.02950611710548401, -0.028338678181171417, -0.027171237394213676, -0.026003796607255936, -0.024836357682943344, -0.023668916895985603, -0.022501476109027863, -0.02133403718471527, -0.02016659639775753, -0.01899915561079979, -0.017831716686487198, -0.016664275899529457, -0.015496835112571716, -0.014329396188259125, -0.013161955401301384, -0.011994514614343643, -0.010827075690031052, -0.00965963490307331, -0.00849219411611557, -0.0073247551918029785, -0.006157314404845238, -0.004989873617887497, -0.0038224346935749054, -0.0026549920439720154, -0.0014875531196594238, -0.0003201141953468323, 0.0008473284542560577, 0.0020147673785686493, 0.003182206302881241, 0.004349648952484131, 0.005517087876796722, 0.006684526801109314, 0.007851969450712204, 0.009019408375024796, 0.010186849161982536, 0.011354289948940277, 0.012521728873252869, 0.01368916966021061, 0.01485661044716835, 0.016024049371480942, 0.017191490158438683, 0.018358930945396423, 0.019526369869709015, 0.020693810656666756, 0.021861251443624496, 0.023028690367937088, 0.02419613115489483, 0.02536357194185257, 0.02653101086616516, 0.027698451653122902, 0.028865892440080643, 0.030033331364393234, 0.031200772151350975, 0.032368212938308716, 0.03353565186262131, 0.0347030945122242, 0.03587053343653679, 0.03703797236084938, 0.03820541501045227, 0.03937285393476486]}, "gradients/graph_1fc3.weight": {"_type": "histogram", "values": [1.0, 0.0, 0.0, 0.0, 0.0, 0.0, 0.0, 0.0, 1.0, 0.0, 0.0, 0.0, 1.0, 0.0, 0.0, 2.0, 0.0, 2.0, 1.0, 1.0, 2.0, 3.0, 4.0, 4.0, 1.0, 7.0, 2.0, 15.0, 9.0, 9.0, 13.0, 17.0, 20.0, 24.0, 29.0, 31.0, 38.0, 51.0, 82.0, 43.0, 38.0, 42.0, 28.0, 19.0, 16.0, 10.0, 7.0, 11.0, 11.0, 7.0, 8.0, 2.0, 7.0, 5.0, 4.0, 4.0, 1.0, 3.0, 2.0, 1.0, 0.0, 0.0, 0.0, 1.0], "bins": [-0.06546352803707123, -0.06375250965356827, -0.062041498720645905, -0.06033048406243324, -0.05861946940422058, -0.05690845102071762, -0.05519743636250496, -0.0534864217042923, -0.051775407046079636, -0.050064392387866974, -0.04835337772965431, -0.04664236307144165, -0.04493134468793869, -0.04322033375501633, -0.04150931537151337, -0.039798300713300705, -0.03808728605508804, -0.03637627139687538, -0.03466525673866272, -0.03295424208045006, -0.031243227422237396, -0.029532209038734436, -0.027821194380521774, -0.026110179722309113, -0.02439916506409645, -0.02268815040588379, -0.020977135747671127, -0.019266121089458466, -0.017555102705955505, -0.015844088047742844, -0.014133073389530182, -0.01242205873131752, -0.010711044073104858, -0.009000029414892197, -0.007289014756679535, -0.005578000098466873, -0.0038669854402542114, -0.0021559670567512512, -0.0004449523985385895, 0.0012660622596740723, 0.002977076917886734, 0.004688091576099396, 0.0063991062343120575, 0.00811012089252472, 0.00982113927602768, 0.011532153934240341, 0.013243168592453003, 0.014954183250665665, 0.016665197908878326, 0.018376212567090988, 0.02008722722530365, 0.02179824374616146, 0.023509258404374123, 0.025220273062586784, 0.026931289583444595, 0.028642304241657257, 0.03035331889986992, 0.03206433355808258, 0.03377534821629524, 0.035486362874507904, 0.037197381258010864, 0.038908395916223526, 0.04061941057443619, 0.04233042523264885, 0.04404143989086151]}, "gradients/graph_1fc2.bias": {"_type": "histogram", "values": [1.0, 0.0, 0.0, 0.0, 0.0, 1.0, 0.0, 0.0, 1.0, 0.0, 1.0, 0.0, 0.0, 1.0, 0.0, 2.0, 0.0, 2.0, 0.0, 0.0, 2.0, 0.0, 1.0, 1.0, 0.0, 5.0, 1.0, 3.0, 1.0, 3.0, 6.0, 5.0, 4.0, 2.0, 3.0, 0.0, 0.0, 3.0, 2.0, 0.0, 1.0, 2.0, 0.0, 0.0, 1.0, 0.0, 1.0, 1.0, 0.0, 0.0, 1.0, 3.0, 0.0, 0.0, 0.0, 0.0, 0.0, 0.0, 0.0, 1.0, 0.0, 0.0, 1.0, 1.0], "bins": [-0.038290247321128845, -0.03706430271267891, -0.03583835810422897, -0.03461241349577904, -0.0333864688873291, -0.032160528004169464, -0.030934583395719528, -0.029708638787269592, -0.028482694178819656, -0.02725674957036972, -0.026030804961919785, -0.024804862216114998, -0.023578917607665062, -0.022352972999215126, -0.02112703025341034, -0.019901085644960403, -0.018675141036510468, -0.01744919642806053, -0.016223251819610596, -0.014997309073805809, -0.013771364465355873, -0.012545419856905937, -0.01131947711110115, -0.010093532502651215, -0.008867587894201279, -0.007641643285751343, -0.006415698677301407, -0.005189754068851471, -0.0039638131856918335, -0.0027378685772418976, -0.0015119239687919617, -0.00028597936034202576, 0.0009399652481079102, 0.002165909856557846, 0.003391854465007782, 0.004617799073457718, 0.005843743681907654, 0.007069684565067291, 0.008295629173517227, 0.009521573781967163, 0.010747518390417099, 0.011973462998867035, 0.01319940760731697, 0.014425350353121758, 0.015651294961571693, 0.01687723957002163, 0.018103182315826416, 0.019329126924276352, 0.020555071532726288, 0.021781016141176224, 0.02300696074962616, 0.024232903495430946, 0.025458848103880882, 0.026684792712330818, 0.027910735458135605, 0.02913668006658554, 0.030362624675035477, 0.03158856928348541, 0.03281451389193535, 0.034040458500385284, 0.03526639938354492, 0.03649234399199486, 0.037718288600444794, 0.03894423320889473, 0.040170177817344666]}, "gradients/graph_1fc2.weight": {"_type": "histogram", "values": [1.0, 0.0, 3.0, 0.0, 2.0, 1.0, 2.0, 1.0, 7.0, 3.0, 5.0, 3.0, 3.0, 2.0, 13.0, 10.0, 22.0, 22.0, 32.0, 45.0, 54.0, 75.0, 89.0, 139.0, 235.0, 323.0, 444.0, 786.0, 2604.0, 1293.0, 583.0, 366.0, 250.0, 177.0, 138.0, 114.0, 69.0, 64.0, 50.0, 45.0, 21.0, 21.0, 22.0, 11.0, 7.0, 7.0, 6.0, 9.0, 3.0, 4.0, 0.0, 2.0, 0.0, 0.0, 1.0, 0.0, 1.0, 0.0, 0.0, 1.0, 0.0, 0.0, 0.0, 1.0], "bins": [-0.05764287710189819, -0.055644482374191284, -0.053646087646484375, -0.051647692918777466, -0.049649301916360855, -0.047650907188653946, -0.04565251246094704, -0.04365411773324013, -0.04165572673082352, -0.03965733200311661, -0.0376589372754097, -0.03566054254770279, -0.03366214781999588, -0.03166375309228897, -0.02966536022722721, -0.02766696736216545, -0.025668572634458542, -0.023670177906751633, -0.021671783179044724, -0.019673392176628113, -0.017674997448921204, -0.015676602721214294, -0.013678207993507385, -0.011679813265800476, -0.009681418538093567, -0.007683027535676956, -0.005684632807970047, -0.003686238080263138, -0.0016878433525562286, 0.00031055137515068054, 0.0023089423775672913, 0.0043073371052742004, 0.00630573183298111, 0.008304126560688019, 0.010302521288394928, 0.012300912290811539, 0.014299307018518448, 0.016297701746225357, 0.018296096473932266, 0.020294491201639175, 0.022292882204055786, 0.024291276931762695, 0.026289671659469604, 0.028288066387176514, 0.030286461114883423, 0.03228485584259033, 0.03428324684500694, 0.03628164157271385, 0.03828003630042076, 0.04027843102812767, 0.04227682203054428, 0.04427521675825119, 0.0462736114859581, 0.04827200621366501, 0.05027040094137192, 0.05226879566907883, 0.054267190396785736, 0.05626558139920235, 0.058263976126909256, 0.060262370854616165, 0.062260765582323074, 0.06425915658473969, 0.0662575513124466, 0.0682559460401535, 0.07025434076786041]}, "gradients/graph_1fc1.bias": {"_type": "histogram", "values": [1.0, 0.0, 0.0, 0.0, 0.0, 0.0, 0.0, 0.0, 0.0, 0.0, 0.0, 1.0, 0.0, 1.0, 1.0, 0.0, 0.0, 2.0, 1.0, 3.0, 0.0, 1.0, 5.0, 3.0, 2.0, 3.0, 6.0, 3.0, 7.0, 13.0, 10.0, 8.0, 7.0, 5.0, 3.0, 4.0, 3.0, 5.0, 4.0, 3.0, 2.0, 4.0, 4.0, 2.0, 0.0, 0.0, 2.0, 1.0, 0.0, 0.0, 3.0, 0.0, 1.0, 1.0, 0.0, 0.0, 0.0, 1.0, 1.0, 0.0, 0.0, 0.0, 0.0, 1.0],