{"epoch": 6, "batch_nr": 310, "loss": 1.8434090614318848, "_timestamp": 1699894855.084345, "_runtime": 83.93914103507996, "_step": 7816, "_wandb": {"runtime": 83}}