{"acc": 0.3826722756410256, "loss": 1.7316335763686743, "_timestamp": 1699275276.4178278, "_runtime": 90.14047074317932, "_step": 99, "val_acc": 0.3664, "val_loss": 2.1655901193618776, "_wandb": {"runtime": 89}}