{"epoch": 49, "acc_train": 0.1016, "train_loss": 2.3197154998779297, "acc_val": 0.1, "loss_val": 2.317850351333618, "_timestamp": 1699917520.195491, "_runtime": 66.46728205680847, "_step": 99, "global_step": 49, "Learning rate": 0.05000000074505806, "Batch size": 256.0, "Train/Accuracy": 0.10159999877214432, "Val/Accuracy": 0.10000000149011612, "Train/Loss": 2.3197154998779297, "Val/Loss": 2.317850351333618, "Model/Norm": 1889.186279296875, "_wandb": {"runtime": 64}}