{"Val Accuracy/Epoch": 0.42, "Val Loss/Epoch": 32.45683670043945, "_timestamp": 1699944773.0872881, "_runtime": 28.48930811882019, "_step": 49, "gradients/graph_12fc3.bias": {"_type": "histogram", "values": [1.0, 0.0, 1.0, 0.0, 0.0, 1.0, 0.0, 0.0, 0.0, 1.0, 0.0, 0.0, 0.0, 0.0, 0.0, 0.0, 0.0, 0.0, 0.0, 0.0, 1.0, 2.0, 0.0, 0.0, 0.0, 0.0, 0.0, 0.0, 0.0, 0.0, 0.0, 0.0, 0.0, 0.0, 0.0, 0.0, 1.0, 1.0, 0.0, 0.0, 0.0, 0.0, 0.0, 0.0, 0.0, 0.0, 0.0, 0.0, 0.0, 0.0, 0.0, 0.0, 0.0, 0.0, 0.0, 0.0, 0.0, 0.0, 0.0, 0.0, 0.0, 0.0, 0.0, 1.0], "bins": [-0.026939544826745987, -0.02570064179599285, -0.024461736902594566, -0.02322283387184143, -0.021983928978443146, -0.02074502594769001, -0.019506122916936874, -0.01826721802353859, -0.017028314992785454, -0.015789411962032318, -0.014550507068634033, -0.013311604037880898, -0.012072700075805187, -0.010833796113729477, -0.009594893082976341, -0.008355988189578056, -0.007117085158824921, -0.005878182128071785, -0.0046392772346735, -0.0034003742039203644, -0.0021614693105220795, -0.0009225662797689438, 0.0003163367509841919, 0.0015552416443824768, 0.0027941446751356125, 0.004033047705888748, 0.005271952599287033, 0.006510857492685318, 0.0077497586607933044, 0.00898866355419159, 0.010227568447589874, 0.01146646961569786, 0.012705378234386444, 0.013944283127784729, 0.015183184295892715, 0.016422089189291, 0.017660994082689285, 0.01889989525079727, 0.020138800144195557, 0.02137770503759384, 0.022616608068346977, 0.023855511099100113, 0.025094415992498398, 0.026333319023251534, 0.02757222205400467, 0.028811126947402954, 0.03005002997815609, 0.031288936734199524, 0.03252783790230751, 0.0337667390704155, 0.03500564396381378, 0.03624454885721207, 0.03748345375061035, 0.038722358644008636, 0.03996125981211662, 0.04120016470551491, 0.042439065873622894, 0.04367797076702118, 0.044916875660419464, 0.04615578055381775, 0.047394681721925735, 0.04863358661532402, 0.049872491508722305, 0.05111139267683029, 0.05235029757022858]}, "gradients/graph_12fc3.weight": {"_type": "histogram", "values": [2.0, 0.0, 0.0, 0.0, 0.0, 1.0, 1.0, 1.0, 2.0, 0.0, 3.0, 2.0, 1.0, 5.0, 7.0, 11.0, 11.0, 15.0, 13.0, 14.0, 19.0, 11.0, 24.0, 33.0, 28.0, 42.0, 111.0, 52.0, 41.0, 33.0, 27.0, 20.0, 18.0, 17.0, 12.0, 16.0, 5.0, 7.0, 4.0, 6.0, 2.0, 2.0, 2.0, 0.0, 4.0, 3.0, 1.0, 0.0, 2.0, 0.0, 3.0, 0.0, 2.0, 1.0, 1.0, 1.0, 0.0, 0.0, 0.0, 0.0, 0.0, 0.0, 0.0, 1.0], "bins": [-0.042621366679668427, -0.041040126234292984, -0.03945888578891754, -0.0378776490688324, -0.036296408623456955, -0.03471516817808151, -0.03313392773270607, -0.03155268728733063, -0.029971448704600334, -0.02839021012187004, -0.0268089696764946, -0.025227729231119156, -0.023646488785743713, -0.02206525020301342, -0.020484009757637978, -0.018902771174907684, -0.017321530729532242, -0.0157402902841568, -0.014159051701426506, -0.012577811256051064, -0.01099657267332077, -0.009415332227945328, -0.007834091782569885, -0.006252851337194443, -0.004671610891819, -0.003090374171733856, -0.0015091337263584137, 7.210671901702881e-05, 0.0016533471643924713, 0.003234587609767914, 0.004815824329853058, 0.0063970647752285, 0.007978305220603943, 0.009559545665979385, 0.011140786111354828, 0.012722022831439972, 0.014303263276815414, 0.015884503722190857, 0.0174657441675663, 0.019046984612941742, 0.020628221333026886, 0.02220946177840233, 0.02379070222377777, 0.025371942669153214, 0.026953183114528656, 0.02853442169725895, 0.030115662142634392, 0.031696900725364685, 0.03327814117074013, 0.03485938161611557, 0.036440618336200714, 0.038021862506866455, 0.0396030992269516, 0.04118433967232704, 0.042765580117702484, 0.04434682056307793, 0.04592806100845337, 0.04750929772853851, 0.049090538173913956, 0.0506717786192894, 0.05225301906466484, 0.05383425951004028, 0.05541549623012543, 0.05699673667550087, 0.05857797712087631]}, "gradients/graph_12fc2.bias": {"_type": "histogram", "values": [1.0, 0.0, 1.0, 2.0, 0.0, 0.0, 0.0, 0.0, 0.0, 2.0, 0.0, 1.0, 0.0, 0.0, 1.0, 1.0, 1.0, 1.0, 0.0, 2.0, 5.0, 0.0, 0.0, 2.0, 2.0, 1.0, 13.0, 3.0, 2.0, 1.0, 2.0, 2.0, 1.0, 1.0, 1.0, 1.0, 1.0, 2.0, 0.0, 3.0, 1.0, 0.0, 0.0, 4.0, 0.0, 0.0, 0.0, 0.0, 0.0, 0.0, 0.0, 1.0, 0.0, 0.0, 0.0, 0.0, 0.0, 0.0, 0.0, 0.0, 0.0, 1.0, 0.0, 1.0], "bins": [-0.02692491188645363, -0.02591186948120594, -0.024898827075958252, -0.023885786533355713, -0.022872744128108025, -0.021859701722860336, -0.020846661180257797, -0.01983361877501011, -0.01882057636976242, -0.017807533964514732, -0.016794491559267044, -0.015781451016664505, -0.014768408611416817, -0.013755366206169128, -0.012742324732244015, -0.011729283258318901, -0.010716240853071213, -0.009703198447823524, -0.008690156042575836, -0.007677115499973297, -0.006664073094725609, -0.0056510306894779205, -0.0046379901468753815, -0.003624947741627693, -0.002611905336380005, -0.0015988629311323166, -0.0005858205258846283, 0.00042722001671791077, 0.001440262421965599, 0.0024533048272132874, 0.0034663453698158264, 0.004479389637708664, 0.0054924339056015015, 0.0065054744482040405, 0.007518518716096878, 0.008531559258699417, 0.009544601663947105, 0.010557644069194794, 0.011570684611797333, 0.012583727017045021, 0.01359676942229271, 0.014609811827540398, 0.015622854232788086, 0.016635894775390625, 0.017648937180638313, 0.018661979585886, 0.01967502012848854, 0.02068806253373623, 0.021701104938983917, 0.022714147344231606, 0.023727189749479294, 0.024740230292081833, 0.02575327269732952, 0.02676631510257721, 0.02777935564517975, 0.028792398050427437, 0.029805440455675125, 0.030818482860922813, 0.0318315252661705, 0.03284456580877304, 0.03385760635137558, 0.03487065061926842, 0.035883691161870956, 0.036896735429763794, 0.03790977597236633]}, "gradients/graph_12fc2.weight": {"_type": "histogram", "values": [2.0, 0.0, 0.0, 2.0, 2.0, 1.0, 3.0, 3.0, 3.0, 4.0, 6.0, 2.0, 6.0, 11.0, 13.0, 13.0, 29.0, 44.0, 54.0, 66.0, 71.0, 100.0, 170.0, 228.0, 337.0, 524.0, 1115.0, 3322.0, 597.0, 405.0, 281.0, 205.0, 142.0, 86.0, 89.0, 54.0, 42.0, 28.0, 21.0, 25.0, 15.0, 11.0, 11.0, 3.0, 9.0, 5.0, 5.0, 4.0, 3.0, 5.0, 1.0, 0.0, 2.0, 2.0, 0.0, 1.0, 3.0, 1.0, 1.0, 0.0, 1.0, 0.0, 2.0, 1.0], "bins": [-0.04645250737667084, -0.044740114361047745, -0.04302772134542465, -0.04131532460451126, -0.03960293158888817, -0.037890538573265076, -0.03617814555764198, -0.03446575254201889, -0.0327533558011055, -0.031040962785482407, -0.029328569769859314, -0.027616174891591072, -0.02590378187596798, -0.024191386997699738, -0.022478993982076645, -0.020766599103808403, -0.01905420608818531, -0.017341813072562218, -0.015629418194293976, -0.013917025178670883, -0.01220463216304779, -0.0104922354221344, -0.008779842406511307, -0.007067449390888214, -0.0053550563752651215, -0.003642663359642029, -0.0019302666187286377, -0.00021787360310554504, 0.0014945194125175476, 0.0032069124281406403, 0.004919309169054031, 0.006631702184677124, 0.008344095200300217, 0.01005648821592331, 0.011768881231546402, 0.013481277972459793, 0.015193670988082886, 0.01690606400370598, 0.01861845701932907, 0.020330853760242462, 0.022043246775865555, 0.023755639791488647, 0.02546803280711174, 0.027180425822734833, 0.028892822563648224, 0.030605215579271317, 0.03231760859489441, 0.0340300053358078, 0.035742394626140594, 0.037454791367053986, 0.03916718438267708, 0.04087957739830017, 0.04259197413921356, 0.044304363429546356, 0.04601676017045975, 0.04772915318608284, 0.04944154620170593, 0.051153942942619324, 0.052866335958242416, 0.05457872897386551, 0.0562911219894886, 0.058003515005111694, 0.059715911746025085, 0.06142830476164818, 0.06314069777727127]}, "gradients/graph_12fc1.bias": {"_type": "histogram", "values": [1.0, 0.0, 0.0, 0.0, 1.0, 0.0, 0.0, 0.0, 1.0, 1.0, 0.0, 5.0, 1.0, 0.0, 0.0, 0.0, 1.0, 2.0, 2.0, 2.0, 1.0, 4.0, 3.0, 3.0, 5.0, 3.0, 2.0, 4.0, 2.0, 3.0, 21.0, 8.0, 4.0, 7.0, 3.0, 3.0, 4.0, 1.0, 2.0, 3.0, 3.0, 3.0, 1.0, 3.0, 2.0, 2.0, 1.0, 2.0, 0.0, 1.0, 1.0, 2.0, 0.0, 1.0, 0.0, 0.0, 0.0, 0.0, 0.0, 0.0, 1.0, 1.0, 0.0, 1.0],