{"acc": 0.9725, "acc_val": 0.5231, "_timestamp": 1699296797.1142693, "_runtime": 179.8407063484192, "_step": 97, "_wandb": {"runtime": 179}}