{"accuracy": 0.09889240506329114, "epoch": 2, "_timestamp": 1699284035.0240078, "_runtime": 0.6833548545837402, "_step": 0, "_wandb": {"runtime": 0}}