{"epoch": 29, "acc_train": 0.2796, "train_loss": 1.9849212169647217, "acc_val": 0.2599, "loss_val": 2.042048931121826, "_timestamp": 1699921652.8716433, "_runtime": 52.5609073638916, "_step": 59, "global_step": 29, "Learning rate": 0.004999999888241291, "Batch size": 256.0, "Train/Accuracy": 0.27959999442100525, "Train/Loss": 1.9849212169647217, "Val/Accuracy": 0.2599000036716461, "Val/Loss": 2.042048931121826, "Model/Norm": 41.75543975830078, "_wandb": {"runtime": 51}}