{"accuracy": 0.15783227848101267, "epoch": 3, "_timestamp": 1699284726.2934794, "_runtime": 0.7070193290710449, "_step": 0, "_wandb": {"runtime": 0}}