{"accuracy": 0.28401898734177217, "epoch": 3, "_timestamp": 1699284255.5124736, "_runtime": 0.6430506706237793, "_step": 0, "_wandb": {"runtime": 0}}