{"acc": 0.9922, "acc_val": 0.5346, "_timestamp": 1699286636.9323046, "_runtime": 347.9208776950836, "_step": 119, "_wandb": {"runtime": 347}}