{"accuracy": 0.10907832278481013, "epoch": 15, "_timestamp": 1699282725.561137, "_runtime": 0.6842420101165771, "_step": 0, "_wandb": {"runtime": 0}}