{"global_step": 49, "_timestamp": 1699889258.9254944, "Batch size": 128.0, "Learning rate": 0.060063302516937256, "Train/Accuracy": 0.2897000014781952, "Train/Loss": 1.9664899110794067, "Val/Accuracy": 0.25850000977516174, "Val/Loss": 2.0548977851867676, "Model/Norm": 33.692626953125, "_runtime": 95.6705424785614, "_step": 49, "_wandb": {"runtime": 94}}