{"Val Accuracy/Epoch": 0.4304, "Val Loss/Epoch": 32.22661590576172, "_timestamp": 1699910782.4726028, "_runtime": 11.930145740509033, "_step": 49, "gradients/graph_1fc3.bias": {"_type": "histogram", "values": [1.0, 0.0, 1.0, 0.0, 0.0, 1.0, 1.0, 0.0, 1.0, 0.0, 0.0, 0.0, 0.0, 1.0, 0.0, 0.0, 0.0, 0.0, 0.0, 1.0, 0.0, 0.0, 0.0, 0.0, 1.0, 0.0, 0.0, 0.0, 0.0, 0.0, 0.0, 0.0, 0.0, 0.0, 0.0, 0.0, 0.0, 0.0, 0.0, 0.0, 0.0, 0.0, 0.0, 1.0, 0.0, 0.0, 0.0, 0.0, 0.0, 0.0, 0.0, 0.0, 0.0, 0.0, 0.0, 0.0, 0.0, 0.0, 0.0, 0.0, 0.0, 0.0, 0.0, 1.0], "bins": [-0.01691865548491478, -0.01602214016020298, -0.015125625766813755, -0.01422911137342453, -0.01333259604871273, -0.012436081655323505, -0.01153956726193428, -0.01064305193722248, -0.009746536612510681, -0.008850022219121456, -0.007953507825732231, -0.0070569925010204315, -0.0061604781076312065, -0.005263962782919407, -0.004367448389530182, -0.0034709330648183823, -0.0025744186714291573, -0.0016779042780399323, -0.0007813889533281326, 0.00011512637138366699, 0.0010116398334503174, 0.001908155158162117, 0.0028046704828739166, 0.0037011858075857162, 0.004597699269652367, 0.005494214594364166, 0.006390729919075966, 0.007287243381142616, 0.008183758705854416, 0.009080274030566216, 0.009976789355278015, 0.010873302817344666, 0.011769818142056465, 0.012666333466768265, 0.013562846928834915, 0.014459362253546715, 0.015355877578258514, 0.016252392902970314, 0.017148906365036964, 0.018045421689748764, 0.018941937014460564, 0.019838450476527214, 0.020734965801239014, 0.021631481125950813, 0.022527996450662613, 0.023424509912729263, 0.024321025237441063, 0.025217540562152863, 0.026114054024219513, 0.027010569348931313, 0.027907084673643112, 0.028803598135709763, 0.02970011532306671, 0.030596628785133362, 0.03149314224720001, 0.03238965943455696, 0.03328617289662361, 0.03418269008398056, 0.03507920354604721, 0.03597571700811386, 0.03687223419547081, 0.03776874765753746, 0.03866526111960411, 0.03956177830696106, 0.04045829176902771]}, "gradients/graph_1fc3.weight": {"_type": "histogram", "values": [1.0, 0.0, 0.0, 0.0, 1.0, 0.0, 1.0, 1.0, 1.0, 1.0, 1.0, 3.0, 1.0, 1.0, 1.0, 1.0, 1.0, 0.0, 2.0, 2.0, 3.0, 5.0, 13.0, 5.0, 7.0, 14.0, 16.0, 29.0, 30.0, 30.0, 45.0, 38.0, 34.0, 67.0, 60.0, 26.0, 35.0, 35.0, 18.0, 22.0, 20.0, 4.0, 10.0, 10.0, 10.0, 6.0, 5.0, 4.0, 3.0, 2.0, 1.0, 2.0, 4.0, 2.0, 4.0, 0.0, 0.0, 0.0, 0.0, 0.0, 0.0, 1.0, 0.0, 1.0], "bins": [-0.055180471390485764, -0.05352957546710968, -0.0518786758184433, -0.050227776169776917, -0.04857688024640083, -0.04692598432302475, -0.04527508467435837, -0.043624185025691986, -0.0419732891023159, -0.04032239317893982, -0.03867149353027344, -0.037020593881607056, -0.03536969795823097, -0.03371880203485489, -0.03206790238618851, -0.030417004600167274, -0.028766106814146042, -0.02711520902812481, -0.025464311242103577, -0.023813415318727493, -0.02216251567006111, -0.02051161602139473, -0.018860720098018646, -0.017209824174642563, -0.015558924525976181, -0.0139080248773098, -0.012257128953933716, -0.010606233030557632, -0.00895533338189125, -0.007304433733224869, -0.005653537809848785, -0.004002641886472702, -0.0023517459630966187, -0.0007008463144302368, 0.0009500496089458466, 0.00260094553232193, 0.004251845180988312, 0.005902744829654694, 0.007553640753030777, 0.00920453667640686, 0.010855436325073242, 0.012506335973739624, 0.014157231897115707, 0.01580812782049179, 0.017459027469158173, 0.019109927117824554, 0.020760823041200638, 0.02241172082722187, 0.024062618613243103, 0.025713516399264336, 0.027364414185285568, 0.0290153119713068, 0.030666209757328033, 0.032317109405994415, 0.0339680053293705, 0.03561890125274658, 0.037269800901412964, 0.038920700550079346, 0.04057159647345543, 0.04222249239683151, 0.043873392045497894, 0.045524291694164276, 0.04717518761754036, 0.04882608354091644, 0.050476983189582825]}, "gradients/graph_1fc2.bias": {"_type": "histogram", "values": [1.0, 1.0, 0.0, 0.0, 0.0, 0.0, 0.0, 0.0, 0.0, 1.0, 0.0, 0.0, 0.0, 0.0, 2.0, 0.0, 1.0, 2.0, 1.0, 1.0, 0.0, 5.0, 1.0, 2.0, 1.0, 1.0, 1.0, 1.0, 1.0, 4.0, 1.0, 1.0, 1.0, 6.0, 3.0, 2.0, 1.0, 1.0, 3.0, 1.0, 2.0, 0.0, 0.0, 1.0, 3.0, 1.0, 2.0, 0.0, 0.0, 1.0, 1.0, 1.0, 0.0, 0.0, 0.0, 1.0, 1.0, 0.0, 0.0, 0.0, 1.0, 0.0, 0.0, 2.0], "bins": [-0.02704068459570408, -0.02622990682721138, -0.02541912905871868, -0.024608351290225983, -0.023797573521733284, -0.022986795753240585, -0.022176017984747887, -0.021365240216255188, -0.02055446244776249, -0.01974368467926979, -0.018932906910777092, -0.018122129142284393, -0.017311351373791695, -0.016500573605298996, -0.015689795836806297, -0.014879018068313599, -0.0140682402998209, -0.013257462531328201, -0.012446684762835503, -0.011635906994342804, -0.010825129225850105, -0.010014351457357407, -0.009203573688864708, -0.00839279592037201, -0.007582018151879311, -0.006771240383386612, -0.005960462614893913, -0.005149684846401215, -0.004338907077908516, -0.0035281293094158173, -0.0027173515409231186, -0.00190657377243042, -0.0010957978665828705, -0.0002850200980901718, 0.0005257576704025269, 0.0013365354388952255, 0.002147313207387924, 0.002958090975880623, 0.0037688687443733215, 0.00457964651286602, 0.005390424281358719, 0.0062012020498514175, 0.007011979818344116, 0.007822757586836815, 0.008633535355329514, 0.009444313123822212, 0.010255090892314911, 0.01106586866080761, 0.011876646429300308, 0.012687424197793007, 0.013498201966285706, 0.014308979734778404, 0.015119757503271103, 0.0159305352717638, 0.0167413130402565, 0.0175520908087492, 0.018362868577241898, 0.019173646345734596, 0.019984424114227295, 0.020795201882719994, 0.021605979651212692, 0.02241675741970539, 0.02322753518819809, 0.02403831295669079, 0.024849090725183487]}, "gradients/graph_1fc2.weight": {"_type": "histogram", "values": [3.0, 0.0, 1.0, 0.0, 0.0, 1.0, 1.0, 0.0, 0.0, 1.0, 3.0, 1.0, 2.0, 4.0, 4.0, 5.0, 12.0, 5.0, 12.0, 13.0, 24.0, 19.0, 30.0, 49.0, 69.0, 112.0, 127.0, 186.0, 256.0, 330.0, 496.0, 727.0, 2269.0, 1116.0, 701.0, 522.0, 301.0, 197.0, 174.0, 94.0, 87.0, 55.0, 42.0, 36.0, 28.0, 16.0, 9.0, 15.0, 11.0, 5.0, 5.0, 6.0, 2.0, 1.0, 2.0, 2.0, 1.0, 1.0, 0.0, 0.0, 0.0, 0.0, 0.0, 1.0], "bins": [-0.054261282086372375, -0.05261079967021942, -0.050960320979356766, -0.04930983856320381, -0.047659359872341156, -0.0460088774561882, -0.044358398765325546, -0.04270791634917259, -0.041057437658309937, -0.03940695524215698, -0.03775647282600403, -0.03610599413514137, -0.03445551544427872, -0.03280503302812576, -0.031154552474617958, -0.029504071921110153, -0.02785359136760235, -0.026203110814094543, -0.02455263026058674, -0.022902149707078934, -0.02125166729092598, -0.019601188600063324, -0.01795070618391037, -0.016300227493047714, -0.01464974507689476, -0.012999266386032104, -0.01134878396987915, -0.009698305279016495, -0.00804782286286354, -0.006397344172000885, -0.004746861755847931, -0.0030963830649852753, -0.0014459006488323212, 0.00020458176732063293, 0.0018550604581832886, 0.0035055428743362427, 0.005156021565198898, 0.006806503981351852, 0.008456982672214508, 0.010107465088367462, 0.011757943779230118, 0.013408426195383072, 0.015058904886245728, 0.01670938730239868, 0.018359865993261337, 0.02001034840941429, 0.021660828962922096, 0.0233113095164299, 0.024961790069937706, 0.02661227062344551, 0.028262751176953316, 0.02991323173046112, 0.031563714146614075, 0.03321419283747673, 0.034864671528339386, 0.03651515394449234, 0.038165636360645294, 0.03981611505150795, 0.041466597467660904, 0.04311707615852356, 0.044767558574676514, 0.04641803726553917, 0.04806851968169212, 0.04971899837255478, 0.05136948078870773]}, "gradients/graph_1fc1.bias": {"_type": "histogram", "values": [1.0, 0.0, 1.0, 0.0, 1.0, 0.0, 0.0, 1.0, 0.0, 1.0, 0.0, 0.0, 2.0, 1.0, 1.0, 3.0, 0.0, 2.0, 2.0, 5.0, 0.0, 2.0, 3.0, 2.0, 6.0, 3.0, 0.0, 3.0, 5.0, 4.0, 2.0, 4.0, 4.0, 16.0, 3.0, 2.0, 5.0, 7.0, 4.0, 3.0, 0.0, 2.0, 3.0, 4.0, 1.0, 2.0, 0.0, 1.0, 0.0, 4.0, 2.0, 1.0, 2.0, 0.0, 2.0, 0.0, 0.0, 0.0, 1.0, 1.0, 0.0, 1.0, 1.0, 1.0],