{"epoch": 29, "acc_train": 0.098, "train_loss": 2.3094444274902344, "acc_val": 0.1, "loss_val": 2.3124780654907227, "_timestamp": 1699931473.2418623, "_runtime": 67.45257925987244, "_step": 59, "global_step": 29, "Learning rate": 0.10000000149011612, "Batch size": 128.0, "Train/Accuracy": 0.09799999743700027, "Train/Loss": 2.3094444274902344, "Val/Accuracy": 0.10000000149011612, "Val/Loss": 2.3124780654907227, "Model/Norm": 192.46597290039062, "_wandb": {"runtime": 66}}