{"_wandb": {"runtime": 50}, "global_step": 0, "_timestamp": 1699899330.713509, "Learning rate": 0.014504493214190006, "Batch size": 256.0, "_runtime": 5.538352966308594, "_step": 0}