{"accuracy": 0.1652492088607595, "epoch": 2, "_timestamp": 1699283625.848351, "_runtime": 0.6761810779571533, "_step": 0, "_wandb": {"runtime": 0}}