{"epoch": 69, "acc_train": 0.3855, "train_loss": 1.7428102493286133, "acc_val": 0.3398, "loss_val": 1.858316421508789, "_timestamp": 1699930365.3090107, "_runtime": 161.61599469184875, "_step": 139, "global_step": 69, "Learning rate": 0.004999999888241291, "Batch size": 128.0, "Train/Accuracy": 0.3855000138282776, "Train/Loss": 1.7428102493286133, "Val/Accuracy": 0.33980000019073486, "Val/Loss": 1.858316421508789, "Model/Norm": 25.90975570678711, "_wandb": {"runtime": 160}}