{"acc": 0.798, "acc_val": 0.5073, "_timestamp": 1699295960.3165607, "_runtime": 225.98773980140686, "_step": 104, "_wandb": {"runtime": 225}}