{"epoch": 59, "accuracy": 0.3584, "_timestamp": 1699915823.975164, "_runtime": 408.0871150493622, "_step": 59, "_wandb": {"runtime": 406}}