{"accuracy": 0.29489715189873417, "epoch": 3, "_timestamp": 1699284817.5233958, "_runtime": 0.6697688102722168, "_step": 0, "_wandb": {"runtime": 0}}