{"acc": 0.10520833333333333, "loss": 7.6460421122037445, "_timestamp": 1699273456.380666, "_runtime": 21.153374910354614, "_step": 1, "val_acc": 0.0994, "val_loss": 2.299760842323303, "_wandb": {"runtime": 20}}