{"accuracy": 0.28985363924050633, "epoch": 3, "_timestamp": 1699285169.957598, "_runtime": 0.8204619884490967, "_step": 0, "_wandb": {"runtime": 0}}