{"acc": 0.09709535256410257, "loss": 2.3025805436647855, "_timestamp": 1699273786.2672994, "_runtime": 61.861714363098145, "_step": 99, "val_acc": 0.1001, "val_loss": 2.3025676012039185, "_wandb": {"runtime": 61}}