{"accuracy": 0.09889240506329114, "epoch": 1, "_timestamp": 1699285330.2187235, "_runtime": 0.6751866340637207, "_step": 0, "_wandb": {"runtime": 0}}