{"accuracy": 0.29766613924050633, "epoch": 0, "_timestamp": 1699285429.851388, "_runtime": 0.6784849166870117, "_step": 0, "_wandb": {"runtime": 0}}