{"accuracy": 0.10462816455696203, "epoch": 1, "_timestamp": 1699285977.8938887, "_runtime": 0.885286808013916, "_step": 0, "_wandb": {"runtime": 0}}