{"accuracy": 0.26048259493670883, "epoch": 3, "_timestamp": 1699285732.5667033, "_runtime": 0.6804993152618408, "_step": 0, "_wandb": {"runtime": 0}}