{"accuracy": 0.2505933544303797, "epoch": 4, "_timestamp": 1699285832.2517853, "_runtime": 0.6407973766326904, "_step": 0, "_wandb": {"runtime": 0}}