{"accuracy": 0.3005340189873418, "epoch": 2, "_timestamp": 1699283830.9099903, "_runtime": 0.7250664234161377, "_step": 0, "_wandb": {"runtime": 0}}