{"epoch": 69, "acc_train": 0.3764, "train_loss": 1.7441829442977905, "acc_val": 0.2995, "loss_val": 2.016451120376587, "_timestamp": 1699932387.5322323, "_runtime": 100.66197538375854, "_step": 139, "global_step": 69, "Learning rate": 0.10000000149011612, "Batch size": 256.0, "Train/Accuracy": 0.3763999938964844, "Train/Loss": 1.7441829442977905, "Val/Accuracy": 0.2994999885559082, "Val/Loss": 2.016451120376587, "Model/Norm": 60.49134826660156, "_wandb": {"runtime": 99}}