{"accuracy": 0.10225474683544304, "epoch": 0, "_timestamp": 1699284119.6363604, "_runtime": 0.6671345233917236, "_step": 0, "_wandb": {"runtime": 0}}