{"accuracy": 0.09889240506329114, "epoch": 3, "_timestamp": 1699285262.504159, "_runtime": 1.2577040195465088, "_step": 0, "_wandb": {"runtime": 0}}