{"Val Accuracy/Epoch": 0.4316, "Val Loss/Epoch": 32.0351676940918, "_timestamp": 1699944582.7607522, "_runtime": 17.09002709388733, "_step": 49, "gradients/graph_5fc3.bias": {"_type": "histogram", "values": [1.0, 0.0, 0.0, 0.0, 0.0, 0.0, 0.0, 0.0, 0.0, 0.0, 0.0, 0.0, 0.0, 0.0, 0.0, 0.0, 0.0, 0.0, 0.0, 0.0, 1.0, 0.0, 0.0, 0.0, 0.0, 0.0, 0.0, 0.0, 0.0, 0.0, 0.0, 0.0, 1.0, 0.0, 0.0, 0.0, 0.0, 0.0, 0.0, 0.0, 0.0, 0.0, 1.0, 1.0, 0.0, 0.0, 1.0, 0.0, 0.0, 0.0, 0.0, 0.0, 0.0, 0.0, 0.0, 1.0, 1.0, 0.0, 0.0, 0.0, 0.0, 0.0, 0.0, 2.0], "bins": [-0.04149416834115982, -0.04051757603883743, -0.039540983736515045, -0.038564395159482956, -0.03758780285716057, -0.03661121055483818, -0.03563461825251579, -0.034658029675483704, -0.033681437373161316, -0.03270484507083893, -0.03172825276851654, -0.030751662328839302, -0.029775070026516914, -0.028798479586839676, -0.027821887284517288, -0.0268452949821949, -0.025868704542517662, -0.024892112240195274, -0.023915521800518036, -0.022938929498195648, -0.02196233905851841, -0.020985746756196022, -0.020009156316518784, -0.019032564014196396, -0.018055971711874008, -0.01707938127219677, -0.016102788969874382, -0.015126198530197144, -0.014149606227874756, -0.013173015788197517, -0.01219642348587513, -0.011219833046197891, -0.010243242606520653, -0.009266650304198265, -0.008290059864521027, -0.007313467562198639, -0.0063368771225214005, -0.005360284820199013, -0.004383694380521774, -0.0034071020781993866, -0.002430511638522148, -0.0014539193361997604, -0.00047732703387737274, 0.0004992634057998657, 0.0014758557081222534, 0.002452446147799492, 0.0034290384501218796, 0.004405628889799118, 0.005382221192121506, 0.006358812563121319, 0.007335403934121132, 0.008311995305120945, 0.009288586676120758, 0.010265178978443146, 0.011241770349442959, 0.012218361720442772, 0.013194953091442585, 0.014171544462442398, 0.015148135833442211, 0.016124727204442024, 0.017101319506764412, 0.01807790994644165, 0.019054502248764038, 0.020031092688441277, 0.021007684990763664]}, "gradients/graph_5fc3.weight": {"_type": "histogram", "values": [1.0, 1.0, 1.0, 1.0, 0.0, 2.0, 1.0, 0.0, 2.0, 0.0, 1.0, 1.0, 0.0, 0.0, 3.0, 4.0, 2.0, 1.0, 3.0, 8.0, 6.0, 7.0, 11.0, 12.0, 12.0, 15.0, 21.0, 13.0, 19.0, 32.0, 27.0, 27.0, 106.0, 43.0, 44.0, 28.0, 30.0, 33.0, 11.0, 17.0, 17.0, 14.0, 14.0, 9.0, 7.0, 3.0, 5.0, 1.0, 6.0, 5.0, 2.0, 2.0, 2.0, 0.0, 0.0, 2.0, 2.0, 1.0, 1.0, 0.0, 0.0, 0.0, 0.0, 1.0], "bins": [-0.08554946631193161, -0.0829504057765007, -0.0803513452410698, -0.07775228470563889, -0.07515323162078857, -0.07255417108535767, -0.06995511054992676, -0.06735605001449585, -0.06475698947906494, -0.06215792894363403, -0.059558868408203125, -0.056959811598062515, -0.05436075106263161, -0.0517616905272007, -0.04916263371706009, -0.04656357318162918, -0.04396451264619827, -0.041365452110767365, -0.038766391575336456, -0.03616733476519585, -0.03356827422976494, -0.03096921369433403, -0.02837015688419342, -0.025771096348762512, -0.023172035813331604, -0.020572975277900696, -0.017973914742469788, -0.01537485420703888, -0.012775801122188568, -0.01017674058675766, -0.007577680051326752, -0.0049786195158958435, -0.0023795664310455322, 0.00021949410438537598, 0.002818554639816284, 0.005417615175247192, 0.0080166757106781, 0.010615728795528412, 0.01321478933095932, 0.01581384986639023, 0.018412910401821136, 0.021011970937252045, 0.023611031472682953, 0.026210088282823563, 0.02880914881825447, 0.03140820935368538, 0.03400726616382599, 0.0366063266992569, 0.039205387234687805, 0.04180444777011871, 0.04440350830554962, 0.04700256511569023, 0.04960162565112114, 0.05220068618655205, 0.05479974299669266, 0.057398803532123566, 0.059997864067554474, 0.06259692460298538, 0.06519598513841629, 0.0677950456738472, 0.07039409875869751, 0.07299315929412842, 0.07559221982955933, 0.07819128036499023, 0.08079034090042114]}, "gradients/graph_5fc2.bias": {"_type": "histogram", "values": [1.0, 1.0, 0.0, 0.0, 0.0, 0.0, 0.0, 1.0, 1.0, 2.0, 1.0, 0.0, 0.0, 1.0, 1.0, 1.0, 0.0, 0.0, 1.0, 2.0, 1.0, 0.0, 0.0, 2.0, 2.0, 0.0, 4.0, 3.0, 1.0, 4.0, 1.0, 8.0, 1.0, 2.0, 0.0, 1.0, 3.0, 1.0, 0.0, 0.0, 0.0, 2.0, 1.0, 1.0, 1.0, 0.0, 2.0, 1.0, 0.0, 1.0, 1.0, 1.0, 0.0, 0.0, 0.0, 0.0, 2.0, 0.0, 0.0, 0.0, 2.0, 1.0, 0.0, 1.0], "bins": [-0.017523547634482384, -0.016975291073322296, -0.016427036374807358, -0.01587878167629242, -0.015330525115132332, -0.014782269485294819, -0.014234013855457306, -0.013685758225619793, -0.01313750259578228, -0.012589246965944767, -0.012040991336107254, -0.011492735706269741, -0.010944480076432228, -0.010396224446594715, -0.009847968816757202, -0.00929971318691969, -0.008751457557082176, -0.008203201927244663, -0.00765494629740715, -0.007106690667569637, -0.006558435037732124, -0.006010179407894611, -0.005461923778057098, -0.004913668148219585, -0.0043654125183820724, -0.0038171568885445595, -0.0032689012587070465, -0.0027206456288695335, -0.0021723899990320206, -0.0016241353005170822, -0.0010758787393569946, -0.000527622178196907, 2.063252031803131e-05, 0.0005688872188329697, 0.0011171437799930573, 0.0016654003411531448, 0.002213655039668083, 0.002761910669505596, 0.003310166299343109, 0.003858421929180622, 0.004406677559018135, 0.004954933188855648, 0.005503188818693161, 0.006051444448530674, 0.006599700078368187, 0.0071479557082057, 0.007696211338043213, 0.008244466967880726, 0.008792722597718239, 0.009340978227555752, 0.009889233857393265, 0.010437489487230778, 0.01098574511706829, 0.011534000746905804, 0.012082256376743317, 0.01263051200658083, 0.013178767636418343, 0.013727023266255856, 0.014275278896093369, 0.014823534525930882, 0.015371790155768394, 0.015920046716928482, 0.01646830141544342, 0.01701655611395836, 0.017564812675118446]}, "gradients/graph_5fc2.weight": {"_type": "histogram", "values": [2.0, 0.0, 0.0, 0.0, 1.0, 3.0, 2.0, 2.0, 3.0, 4.0, 3.0, 3.0, 4.0, 4.0, 10.0, 17.0, 9.0, 21.0, 24.0, 31.0, 35.0, 48.0, 64.0, 79.0, 94.0, 155.0, 196.0, 219.0, 287.0, 329.0, 5016.0, 282.0, 270.0, 172.0, 180.0, 113.0, 101.0, 78.0, 63.0, 57.0, 44.0, 37.0, 27.0, 21.0, 20.0, 17.0, 8.0, 8.0, 5.0, 9.0, 7.0, 3.0, 0.0, 1.0, 1.0, 0.0, 0.0, 1.0, 1.0, 0.0, 0.0, 0.0, 0.0, 1.0], "bins": [-0.06918951869010925, -0.06690726429224014, -0.06462500989437103, -0.062342751771211624, -0.060060497373342514, -0.057778242975473404, -0.055495984852313995, -0.053213730454444885, -0.050931476056575775, -0.048649221658706665, -0.046366967260837555, -0.044084709137678146, -0.041802454739809036, -0.039520200341939926, -0.03723794221878052, -0.03495568782091141, -0.0326734334230423, -0.030391179025173187, -0.028108924627304077, -0.02582666650414467, -0.02354441210627556, -0.02126215770840645, -0.01897989958524704, -0.01669764518737793, -0.01441539078950882, -0.01213313639163971, -0.0098508819937706, -0.007568623870611191, -0.005286365747451782, -0.003004111349582672, -0.000721856951713562, 0.001560397446155548, 0.0038426443934440613, 0.006124898791313171, 0.008407153189182281, 0.010689407587051392, 0.012971661984920502, 0.01525392010807991, 0.01753617823123932, 0.01981843262910843, 0.02210068702697754, 0.02438294142484665, 0.02666519582271576, 0.028947453945875168, 0.031229708343744278, 0.03351196274161339, 0.0357942208647728, 0.03807647526264191, 0.04035872966051102, 0.04264098405838013, 0.04492323845624924, 0.047205496579408646, 0.049487750977277756, 0.051770005375146866, 0.054052263498306274, 0.056334517896175385, 0.058616772294044495, 0.060899026691913605, 0.06318128108978271, 0.06546353548765182, 0.06774578988552094, 0.07002805173397064, 0.07231030613183975, 0.07459256052970886, 0.07687481492757797]}, "gradients/graph_5fc1.bias": {"_type": "histogram", "values": [1.0, 0.0, 1.0, 0.0, 0.0, 0.0, 0.0, 0.0, 0.0, 0.0, 1.0, 1.0, 1.0, 2.0, 2.0, 4.0, 2.0, 2.0, 3.0, 1.0, 1.0, 1.0, 1.0, 3.0, 1.0, 68.0, 2.0, 1.0, 0.0, 4.0, 2.0, 3.0, 1.0, 4.0, 4.0, 0.0, 2.0, 2.0, 1.0, 1.0, 0.0, 0.0, 0.0, 0.0, 1.0, 0.0, 0.0, 0.0, 0.0, 0.0, 0.0, 1.0, 0.0, 0.0, 0.0, 1.0, 0.0, 0.0, 0.0, 0.0, 0.0, 1.0, 0.0, 1.0],