{"acc": 0.3731, "acc_val": 0.4017, "_timestamp": 1699281984.9472592, "_runtime": 232.11087918281555, "_step": 111, "_wandb": {"runtime": 231}}