{"accuracy": 0.12035205696202532, "epoch": 0, "_timestamp": 1699284416.3969755, "_runtime": 0.6867945194244385, "_step": 0, "_wandb": {"runtime": 0}}