{"accuracy": 0.14883306962025317, "epoch": 2, "_timestamp": 1699284440.0992115, "_runtime": 0.6652624607086182, "_step": 0, "_wandb": {"runtime": 0}}