{"acc": 0.34362980769230766, "loss": 1.8305405885745318, "_timestamp": 1699274193.046834, "_runtime": 49.928471088409424, "_step": 99, "val_acc": 0.3311, "val_loss": 2.198503589630127, "_wandb": {"runtime": 49}}