{"Val Accuracy/Epoch": 0.4171, "Val Loss/Epoch": 32.751670837402344, "_timestamp": 1699910764.826844, "_runtime": 19.189689874649048, "_step": 49, "gradients/fc3.bias": {"_type": "histogram", "values": [2.0, 0.0, 0.0, 0.0, 0.0, 0.0, 0.0, 0.0, 0.0, 0.0, 0.0, 1.0, 0.0, 0.0, 0.0, 0.0, 0.0, 0.0, 0.0, 0.0, 1.0, 0.0, 0.0, 0.0, 1.0, 0.0, 0.0, 0.0, 0.0, 0.0, 0.0, 1.0, 0.0, 0.0, 0.0, 0.0, 0.0, 0.0, 0.0, 0.0, 0.0, 0.0, 0.0, 0.0, 0.0, 0.0, 0.0, 0.0, 0.0, 1.0, 0.0, 0.0, 0.0, 0.0, 0.0, 0.0, 0.0, 0.0, 0.0, 0.0, 1.0, 1.0, 0.0, 1.0], "bins": [-0.051216885447502136, -0.04963725805282593, -0.04805762693285942, -0.04647799953818321, -0.044898368418216705, -0.0433187410235405, -0.04173911362886429, -0.04015948623418808, -0.03857985511422157, -0.037000223994255066, -0.03542059659957886, -0.03384096920490265, -0.03226134181022644, -0.030681710690259933, -0.029102083295583725, -0.027522454038262367, -0.02594282478094101, -0.024363195523619652, -0.022783566266298294, -0.021203938871622086, -0.01962430775165558, -0.01804468035697937, -0.01646505296230316, -0.014885421842336655, -0.013305794447660446, -0.011726167052984238, -0.01014653593301773, -0.008566908538341522, -0.006987281143665314, -0.005407650023698807, -0.0038280226290225983, -0.0022483915090560913, -0.0006687678396701813, 0.0009108595550060272, 0.002490490674972534, 0.004070118069648743, 0.00564974918961525, 0.007229376584291458, 0.008809003978967667, 0.010388635098934174, 0.011968262493610382, 0.01354788988828659, 0.015127521008253098, 0.016707148402929306, 0.018286775797605515, 0.01986640691757202, 0.02144603431224823, 0.023025663569569588, 0.024605292826890945, 0.026184922084212303, 0.02776455134153366, 0.02934417873620987, 0.030923807993531227, 0.032503437250852585, 0.03408306464552879, 0.0356626957654953, 0.03724232316017151, 0.03882195055484772, 0.040401581674814224, 0.04198120906949043, 0.04356084018945694, 0.04514046758413315, 0.04672009497880936, 0.048299726098775864, 0.04987935349345207]}, "gradients/fc3.weight": {"_type": "histogram", "values": [2.0, 0.0, 0.0, 0.0, 0.0, 0.0, 0.0, 0.0, 1.0, 1.0, 0.0, 3.0, 3.0, 0.0, 3.0, 2.0, 6.0, 7.0, 4.0, 6.0, 7.0, 6.0, 8.0, 10.0, 8.0, 12.0, 11.0, 15.0, 22.0, 29.0, 24.0, 25.0, 21.0, 124.0, 63.0, 23.0, 20.0, 18.0, 18.0, 17.0, 19.0, 8.0, 12.0, 12.0, 15.0, 7.0, 3.0, 7.0, 3.0, 8.0, 5.0, 4.0, 4.0, 1.0, 2.0, 5.0, 3.0, 1.0, 0.0, 0.0, 0.0, 0.0, 0.0, 2.0], "bins": [-0.06902320683002472, -0.06698709726333618, -0.06495098769664764, -0.06291487067937851, -0.06087876111268997, -0.058842651546001434, -0.0568065419793129, -0.05477043241262436, -0.05273431912064552, -0.05069820582866669, -0.04866209626197815, -0.04662598669528961, -0.044589877128601074, -0.04255376383662224, -0.0405176542699337, -0.038481540977954865, -0.03644543141126633, -0.03440932184457779, -0.03237320855259895, -0.030337098985910416, -0.02830098569393158, -0.026264876127243042, -0.024228766560554504, -0.02219265326857567, -0.02015654370188713, -0.018120434135198593, -0.016084320843219757, -0.01404821127653122, -0.012012101709842682, -0.009975988417863846, -0.007939878851175308, -0.005903765559196472, -0.003867652267217636, -0.0018315427005290985, 0.00020457059144973755, 0.002240680158138275, 0.004276793450117111, 0.006312903016805649, 0.008349012583494186, 0.010385125875473022, 0.01242123544216156, 0.014457345008850098, 0.016493458300828934, 0.01852956786751747, 0.02056567743420601, 0.022601790726184845, 0.024637900292873383, 0.02667401358485222, 0.028710123151540756, 0.030746234580874443, 0.03278234601020813, 0.03481845557689667, 0.036854565143585205, 0.03889067843556404, 0.04092678800225258, 0.042962901294231415, 0.04499901086091995, 0.04703512042760849, 0.049071233719587326, 0.051107343286275864, 0.0531434565782547, 0.05517956614494324, 0.057215675711631775, 0.05925178900361061, 0.06128789857029915]}, "gradients/fc2.bias": {"_type": "histogram", "values": [2.0, 1.0, 0.0, 1.0, 1.0, 0.0, 1.0, 1.0, 1.0, 1.0, 0.0, 2.0, 0.0, 1.0, 2.0, 1.0, 3.0, 1.0, 3.0, 1.0, 1.0, 3.0, 10.0, 3.0, 4.0, 1.0, 0.0, 1.0, 2.0, 0.0, 1.0, 2.0, 1.0, 1.0, 1.0, 0.0, 0.0, 1.0, 1.0, 3.0, 1.0, 1.0, 0.0, 0.0, 0.0, 0.0, 1.0, 0.0, 0.0, 0.0, 0.0, 0.0, 1.0, 0.0, 0.0, 0.0, 0.0, 0.0, 0.0, 0.0, 0.0, 0.0, 0.0, 1.0], "bins": [-0.04669095575809479, -0.0446322038769722, -0.04257345199584961, -0.04051470011472702, -0.03845594823360443, -0.03639719635248184, -0.03433844447135925, -0.032279692590236664, -0.030220940709114075, -0.028162188827991486, -0.026103436946868896, -0.024044685065746307, -0.021985933184623718, -0.01992718130350113, -0.01786842942237854, -0.01580967754125595, -0.013750925660133362, -0.011692173779010773, -0.009633421897888184, -0.0075746700167655945, -0.005515918135643005, -0.0034571662545204163, -0.0013984143733978271, 0.000660337507724762, 0.002719089388847351, 0.00477784126996994, 0.006836593151092529, 0.008895345032215118, 0.010954096913337708, 0.013012848794460297, 0.015071600675582886, 0.017130352556705475, 0.01918911188840866, 0.02124786376953125, 0.02330661565065384, 0.025365367531776428, 0.027424119412899017, 0.029482871294021606, 0.031541623175144196, 0.033600375056266785, 0.035659126937389374, 0.03771787881851196, 0.03977663069963455, 0.04183538258075714, 0.04389413446187973, 0.04595288634300232, 0.04801163822412491, 0.0500703901052475, 0.05212914198637009, 0.054187893867492676, 0.056246645748615265, 0.058305397629737854, 0.06036414951086044, 0.06242290139198303, 0.06448165327310562, 0.06654040515422821, 0.0685991570353508, 0.07065790891647339, 0.07271666079759598, 0.07477541267871857, 0.07683416455984116, 0.07889291644096375, 0.08095166832208633, 0.08301042020320892, 0.08506917208433151]}, "gradients/fc2.weight": {"_type": "histogram", "values": [1.0, 1.0, 3.0, 1.0, 3.0, 3.0, 3.0, 4.0, 8.0, 5.0, 6.0, 8.0, 18.0, 13.0, 22.0, 35.0, 42.0, 55.0, 89.0, 121.0, 191.0, 242.0, 368.0, 596.0, 1296.0, 3175.0, 501.0, 366.0, 231.0, 174.0, 166.0, 94.0, 71.0, 61.0, 44.0, 39.0, 28.0, 21.0, 20.0, 16.0, 8.0, 3.0, 6.0, 8.0, 3.0, 5.0, 3.0, 2.0, 3.0, 2.0, 2.0, 0.0, 0.0, 1.0, 1.0, 0.0, 0.0, 1.0, 0.0, 0.0, 1.0, 1.0, 0.0, 1.0], "bins": [-0.061954788863658905, -0.05948155000805855, -0.05700831487774849, -0.05453507602214813, -0.052061840891838074, -0.04958860203623772, -0.04711536318063736, -0.0446421280503273, -0.042168889194726944, -0.03969565033912659, -0.03722241520881653, -0.03474917635321617, -0.032275937497615814, -0.029802702367305756, -0.0273294635117054, -0.02485622838139534, -0.022382989525794983, -0.019909750670194626, -0.017436515539884567, -0.01496327668428421, -0.012490041553974152, -0.010016802698373795, -0.0075435638427734375, -0.005070328712463379, -0.002597089856863022, -0.0001238510012626648, 0.002349384129047394, 0.004822619259357452, 0.007295861840248108, 0.009769096970558167, 0.012242332100868225, 0.01471557468175888, 0.017188817262649536, 0.019662052392959595, 0.02213529497385025, 0.02460853010416031, 0.027081765234470367, 0.029555007815361023, 0.03202824294567108, 0.03450147807598114, 0.0369747169315815, 0.039447955787181854, 0.04192119091749191, 0.04439442977309227, 0.04686766862869263, 0.049340903759002686, 0.05181414261460304, 0.0542873777449131, 0.05676061660051346, 0.059233855456113815, 0.061707090586423874, 0.06418032944202423, 0.06665356457233429, 0.06912679970264435, 0.071600042283535, 0.07407327741384506, 0.07654651999473572, 0.07901975512504578, 0.08149299025535583, 0.0839662253856659, 0.08643946796655655, 0.08891270309686661, 0.09138593822717667, 0.09385918080806732, 0.09633241593837738]}, "gradients/fc1.bias": {"_type": "histogram", "values": [1.0, 1.0, 1.0, 0.0, 0.0, 0.0, 2.0, 2.0, 0.0, 1.0, 2.0, 0.0, 0.0, 4.0, 1.0, 2.0, 6.0, 6.0, 8.0, 4.0, 11.0, 23.0, 3.0, 4.0, 3.0, 2.0, 1.0, 3.0, 3.0, 4.0, 2.0, 0.0, 1.0, 0.0, 4.0, 1.0, 5.0, 2.0, 6.0, 2.0, 1.0, 0.0, 0.0, 1.0, 1.0, 0.0, 0.0, 1.0, 0.0, 0.0, 0.0, 0.0, 0.0, 0.0, 0.0, 0.0, 1.0, 1.0, 0.0, 0.0, 0.0, 0.0, 0.0, 1.0],