{"epoch": 59, "accuracy": 0.1019, "_timestamp": 1699922979.2402444, "_runtime": 128.3182394504547, "_step": 59, "_wandb": {"runtime": 127}}