{"epoch": 59, "accuracy": 0.3696, "_timestamp": 1699916391.239848, "_runtime": 88.09566187858582, "_step": 59, "_wandb": {"runtime": 86}}