{"accuracy": 0.2132120253164557, "epoch": 3, "_timestamp": 1699283452.459865, "_runtime": 0.7321560382843018, "_step": 0, "_wandb": {"runtime": 0}}