{"acc": 0.5514, "acc_val": 0.4863, "_timestamp": 1699292152.7855158, "_runtime": 249.2960078716278, "_step": 81, "_wandb": {"runtime": 248}}