{"accuracy": 0.2704707278481013, "epoch": 3, "_timestamp": 1699284356.9561515, "_runtime": 0.6624593734741211, "_step": 0, "_wandb": {"runtime": 0}}