{"accuracy": 0.20559731012658228, "epoch": 0, "_timestamp": 1699285698.9579804, "_runtime": 0.6418013572692871, "_step": 0, "_wandb": {"runtime": 0}}