{"epoch": 49, "acc_train": 0.336, "train_loss": 1.8723236322402954, "acc_val": 0.3187, "loss_val": 1.928249716758728, "_timestamp": 1699931777.8074293, "_runtime": 90.23634719848633, "_step": 99, "global_step": 49, "Learning rate": 0.009999999776482582, "Batch size": 128.0, "Train/Accuracy": 0.335999995470047, "Train/Loss": 1.8723236322402954, "Val/Accuracy": 0.31869998574256897, "Val/Loss": 1.928249716758728, "Model/Norm": 19.855112075805664, "_wandb": {"runtime": 89}}