{"epoch": 29, "acc_train": 0.3259, "train_loss": 1.9012476205825806, "acc_val": 0.3048, "loss_val": 1.9458366632461548, "_timestamp": 1699924516.1621294, "_runtime": 96.25982141494751, "_step": 59, "global_step": 29, "Learning rate": 0.0010000000474974513, "Batch size": 64.0, "Train/Accuracy": 0.32589998841285706, "Train/Loss": 1.9012476205825806, "Val/Accuracy": 0.30480000376701355, "Val/Loss": 1.9458366632461548, "Model/Norm": 14.85373306274414, "_wandb": {"runtime": 95}}