{"acc": 0.3776, "acc_val": 0.4044, "_timestamp": 1699286951.6138132, "_runtime": 253.0385012626648, "_step": 113, "_wandb": {"runtime": 252}}