{"training_loss": 1471.9851231575012, "training_accuracy": 0.33114, "validation_loss": 76.66686153411865, "validation_accuracy": 0.3229, "_timestamp": 1699902752.5766704, "_runtime": 145.26381945610046, "_step": 24, "gradients/graph_1fc4.bias": {"_type": "histogram", "values": [1.0, 0.0, 0.0, 0.0, 0.0, 0.0, 0.0, 0.0, 0.0, 0.0, 0.0, 0.0, 0.0, 0.0, 0.0, 0.0, 0.0, 0.0, 1.0, 0.0, 0.0, 0.0, 1.0, 0.0, 0.0, 0.0, 0.0, 0.0, 0.0, 1.0, 1.0, 0.0, 0.0, 1.0, 0.0, 0.0, 0.0, 0.0, 0.0, 0.0, 0.0, 0.0, 0.0, 0.0, 0.0, 0.0, 0.0, 1.0, 1.0, 0.0, 0.0, 0.0, 1.0, 0.0, 0.0, 0.0, 0.0, 0.0, 0.0, 0.0, 0.0, 0.0, 0.0, 1.0], "bins": [-0.07191021740436554, -0.06983691453933716, -0.06776360422372818, -0.0656903013586998, -0.06361699104309082, -0.06154368817806244, -0.05947038158774376, -0.05739707499742508, -0.0553237684071064, -0.05325046181678772, -0.05117715522646904, -0.04910384863615036, -0.04703054577112198, -0.0449572391808033, -0.04288393259048462, -0.04081062600016594, -0.03873731940984726, -0.03666401281952858, -0.0345907062292099, -0.03251739963889122, -0.03044409491121769, -0.02837078832089901, -0.02629748359322548, -0.0242241770029068, -0.02215087041258812, -0.02007756382226944, -0.01800425723195076, -0.01593095250427723, -0.01385764591395855, -0.01178433932363987, -0.009711033664643764, -0.007637727539986372, -0.005564413964748383, -0.00349110784009099, -0.0014178017154335976, 0.0006555044092237949, 0.0027288105338811874, 0.00480211665853858, 0.0068754227831959724, 0.008948728442192078, 0.011022035032510757, 0.013095341622829437, 0.015168647281825542, 0.017241952940821648, 0.019315259531140327, 0.021388566121459007, 0.023461870849132538, 0.025535177439451218, 0.027608484029769897, 0.029681790620088577, 0.03175509721040726, 0.03382840380072594, 0.03590171039104462, 0.037975013256073, 0.04004831984639168, 0.04212162643671036, 0.04419493302702904, 0.04626823961734772, 0.0483415462076664, 0.05041485279798508, 0.05248815566301346, 0.05456146225333214, 0.05663476884365082, 0.0587080754339695, 0.06078138202428818]}, "gradients/graph_1fc4.weight": {"_type": "histogram", "values": [1.0, 0.0, 0.0, 0.0, 0.0, 0.0, 0.0, 2.0, 1.0, 1.0, 1.0, 1.0, 0.0, 1.0, 1.0, 0.0, 3.0, 1.0, 1.0, 3.0, 3.0, 0.0, 3.0, 0.0, 1.0, 4.0, 4.0, 5.0, 14.0, 10.0, 10.0, 7.0, 23.0, 31.0, 282.0, 95.0, 31.0, 22.0, 14.0, 6.0, 9.0, 6.0, 8.0, 4.0, 6.0, 4.0, 4.0, 3.0, 1.0, 3.0, 1.0, 2.0, 0.0, 1.0, 0.0, 1.0, 1.0, 1.0, 0.0, 0.0, 1.0, 1.0, 0.0, 1.0], "bins": [-1.3412338495254517, -1.3027406930923462, -1.2642476558685303, -1.2257544994354248, -1.1872613430023193, -1.1487683057785034, -1.110275149345398, -1.071782112121582, -1.0332889556884766, -0.9947958588600159, -0.9563027620315552, -0.9178096055984497, -0.879316508769989, -0.8408234119415283, -0.8023302555084229, -0.7638371586799622, -0.7253440618515015, -0.6868509650230408, -0.6483578681945801, -0.6098647117614746, -0.5713716149330139, -0.5328785181045532, -0.49438539147377014, -0.45589226484298706, -0.41739916801452637, -0.3789060711860657, -0.3404129445552826, -0.3019198179244995, -0.2634267210960388, -0.22493360936641693, -0.18644049763679504, -0.14794738590717316, -0.10945427417755127, -0.07096116244792938, -0.032468050718307495, 0.006025061011314392, 0.04451817274093628, 0.08301128447055817, 0.12150439620018005, 0.15999750792980194, 0.19849061965942383, 0.23698373138904572, 0.2754768431186676, 0.3139699697494507, 0.3524630665779114, 0.39095616340637207, 0.42944929003715515, 0.46794241666793823, 0.5064355134963989, 0.5449286103248596, 0.5834217071533203, 0.6219148635864258, 0.6604079604148865, 0.6989010572433472, 0.7373942136764526, 0.7758873105049133, 0.814380407333374, 0.8528735041618347, 0.8913666009902954, 0.9298597574234009, 0.9683528542518616, 1.0068459510803223, 1.0453391075134277, 1.0838321447372437, 1.1223253011703491]}, "gradients/graph_1fc3.bias": {"_type": "histogram", "values": [3.0, 0.0, 0.0, 0.0, 0.0, 1.0, 0.0, 1.0, 0.0, 2.0, 0.0, 3.0, 1.0, 1.0, 2.0, 0.0, 1.0, 0.0, 2.0, 2.0, 0.0, 0.0, 1.0, 1.0, 21.0, 2.0, 3.0, 1.0, 2.0, 2.0, 1.0, 2.0, 0.0, 1.0, 0.0, 0.0, 1.0, 1.0, 0.0, 1.0, 0.0, 2.0, 0.0, 0.0, 0.0, 0.0, 0.0, 0.0, 0.0, 0.0, 0.0, 1.0, 0.0, 0.0, 1.0, 0.0, 0.0, 0.0, 0.0, 0.0, 0.0, 0.0, 0.0, 1.0], "bins": [-0.0108931390568614, -0.010445701889693737, -0.009998264722526073, -0.009550828486680984, -0.009103391319513321, -0.008655954152345657, -0.008208516985177994, -0.0077610802836716175, -0.007313643116503954, -0.00686620594933629, -0.006418769247829914, -0.0059713320806622505, -0.005523894913494587, -0.005076458211988211, -0.004629021044820547, -0.004181584343314171, -0.0037341471761465073, -0.0032867102418094873, -0.0028392733074724674, -0.002391836140304804, -0.001944399205967784, -0.001496962271630764, -0.0010495252208784223, -0.0006020882283337414, -0.0001546512357890606, 0.00029278575675562024, 0.0007402227493003011, 0.0011876598000526428, 0.0016350967343896627, 0.0020825336687266827, 0.0025299708358943462, 0.002977407770231366, 0.0034248456358909607, 0.0038722825702279806, 0.0043197195045650005, 0.004767156671732664, 0.00521459337323904, 0.005662030540406704, 0.0061094677075743675, 0.006556904409080744, 0.007004341576248407, 0.007451778743416071, 0.007899215444922447, 0.00834665261209011, 0.008794089779257774, 0.009241526946425438, 0.009688963182270527, 0.01013640034943819, 0.010583837516605854, 0.011031274683773518, 0.011478711850941181, 0.01192614808678627, 0.012373585253953934, 0.012821022421121597, 0.01326845958828926, 0.013715896755456924, 0.014163333922624588, 0.014610770158469677, 0.01505820732563734, 0.015505644492805004, 0.015953080728650093, 0.016400517895817757, 0.01684795506298542, 0.017295392230153084, 0.017742829397320747]}, "gradients/graph_1fc3.weight": {"_type": "histogram", "values": [2.0, 0.0, 1.0, 4.0, 3.0, 2.0, 4.0, 5.0, 4.0, 6.0, 9.0, 10.0, 3.0, 14.0, 15.0, 29.0, 25.0, 36.0, 53.0, 65.0, 91.0, 153.0, 313.0, 6355.0, 432.0, 176.0, 104.0, 64.0, 51.0, 32.0, 22.0, 14.0, 16.0, 13.0, 13.0, 8.0, 7.0, 7.0, 11.0, 6.0, 2.0, 1.0, 0.0, 2.0, 0.0, 0.0, 1.0, 1.0, 1.0, 1.0, 2.0, 0.0, 0.0, 0.0, 0.0, 0.0, 0.0, 0.0, 1.0, 0.0, 0.0, 0.0, 1.0, 1.0], "bins": [-0.7564622163772583, -0.7244506478309631, -0.692439079284668, -0.6604275703430176, -0.6284160017967224, -0.5964044332504272, -0.5643929243087769, -0.5323813557624817, -0.5003697872161865, -0.46835821866989136, -0.4363466799259186, -0.4043351411819458, -0.37232357263565063, -0.34031200408935547, -0.3083004653453827, -0.2762889266014099, -0.24427735805511475, -0.21226580440998077, -0.1802542507648468, -0.14824269711971283, -0.11623114347457886, -0.08421958982944489, -0.05220803618431091, -0.02019648253917694, 0.011815071105957031, 0.043826624751091, 0.07583817839622498, 0.10784973204135895, 0.13986128568649292, 0.1718728393316269, 0.20388439297676086, 0.23589594662189484, 0.26790761947631836, 0.2999191880226135, 0.3319307267665863, 0.3639422655105591, 0.39595383405685425, 0.4279654026031494, 0.4599769413471222, 0.49198848009109497, 0.5240000486373901, 0.5560116171836853, 0.5880231857299805, 0.6200346946716309, 0.652046263217926, 0.6840578317642212, 0.7160693407058716, 0.7480809092521667, 0.7800924777984619, 0.8121040463447571, 0.8441156148910522, 0.8761271238327026, 0.9081386923789978, 0.940150260925293, 0.9721617698669434, 1.0041733980178833, 1.0361849069595337, 1.068196415901184, 1.100208044052124, 1.1322195529937744, 1.1642310619354248, 1.1962426900863647, 1.2282541990280151, 1.260265827178955, 1.2922773361206055]}, "gradients/graph_1fc2.bias": {"_type": "histogram", "values": [1.0, 0.0, 0.0, 0.0, 1.0, 0.0, 1.0, 0.0, 0.0, 0.0, 2.0, 1.0, 2.0, 3.0, 1.0, 4.0, 2.0, 1.0, 3.0, 1.0, 1.0, 5.0, 4.0, 3.0, 7.0, 57.0, 4.0, 4.0, 4.0, 0.0, 1.0, 1.0, 1.0, 0.0, 1.0, 1.0, 0.0, 1.0, 0.0, 2.0, 1.0, 0.0, 0.0, 0.0, 0.0, 1.0, 0.0, 2.0, 0.0, 0.0, 1.0, 0.0, 1.0, 0.0, 0.0, 0.0, 0.0, 0.0, 0.0, 0.0, 0.0, 1.0, 0.0, 1.0],