{"acc": 0.9676, "acc_val": 0.5268, "_timestamp": 1699280162.7624662, "_runtime": 168.14605617523193, "_step": 94, "_wandb": {"runtime": 167}}