{"gradients/fc4.bias": {"_type": "histogram", "values": [1.0, 0.0, 0.0, 0.0, 1.0, 0.0, 0.0, 0.0, 0.0, 0.0, 0.0, 1.0, 0.0, 0.0, 0.0, 0.0, 0.0, 0.0, 0.0, 0.0, 0.0, 0.0, 0.0, 1.0, 0.0, 1.0, 1.0, 0.0, 0.0, 0.0, 0.0, 0.0, 0.0, 0.0, 0.0, 0.0, 0.0, 1.0, 0.0, 0.0, 1.0, 0.0, 0.0, 0.0, 0.0, 0.0, 0.0, 0.0, 0.0, 0.0, 0.0, 0.0, 0.0, 0.0, 1.0, 0.0, 0.0, 0.0, 0.0, 0.0, 0.0, 0.0, 0.0, 1.0], "bins": [-0.0940457135438919, -0.0907965674996376, -0.0875474214553833, -0.084298275411129, -0.0810491219162941, -0.0777999758720398, -0.07455082982778549, -0.07130168378353119, -0.06805253773927689, -0.06480339169502258, -0.06155424192547798, -0.05830509588122368, -0.05505594611167908, -0.051806800067424774, -0.04855765402317047, -0.04530850425362587, -0.04205935820937157, -0.038810212165117264, -0.03556106239557266, -0.03231191635131836, -0.029062770307064056, -0.025813622400164604, -0.022564474493265152, -0.01931532844901085, -0.016066180542111397, -0.01281703356653452, -0.009567886590957642, -0.006318738684058189, -0.003069591708481312, 0.00017955549992620945, 0.0034287027083337307, 0.006677850149571896, 0.009926997125148773, 0.01317614410072565, 0.01642529107630253, 0.01967443898320198, 0.022923585027456284, 0.026172732934355736, 0.029421880841255188, 0.03267102688550949, 0.035920172929763794, 0.039169322699308395, 0.0424184687435627, 0.045667614787817, 0.0489167645573616, 0.052165910601615906, 0.05541505664587021, 0.05866420641541481, 0.06191335245966911, 0.06516250222921371, 0.06841164827346802, 0.07166079431772232, 0.07490994036197662, 0.07815908640623093, 0.08140823245048523, 0.08465738594532013, 0.08790653198957443, 0.09115567803382874, 0.09440482407808304, 0.09765397012233734, 0.10090311616659164, 0.10415226966142654, 0.10740141570568085, 0.11065056174993515, 0.11389970779418945]}, "_timestamp": 1699912835.9184904, "gradients/fc4.weight": {"_type": "histogram", "values": [1.0, 0.0, 0.0, 0.0, 0.0, 0.0, 1.0, 0.0, 0.0, 0.0, 1.0, 0.0, 0.0, 1.0, 0.0, 0.0, 0.0, 2.0, 2.0, 0.0, 1.0, 2.0, 1.0, 1.0, 1.0, 7.0, 6.0, 10.0, 13.0, 22.0, 29.0, 33.0, 64.0, 79.0, 102.0, 67.0, 22.0, 23.0, 27.0, 22.0, 19.0, 10.0, 16.0, 10.0, 6.0, 11.0, 7.0, 5.0, 4.0, 4.0, 2.0, 0.0, 1.0, 0.0, 0.0, 2.0, 1.0, 1.0, 0.0, 0.0, 0.0, 0.0, 0.0, 1.0], "bins": [-0.15169231593608856, -0.14736808836460114, -0.1430438756942749, -0.13871964812278748, -0.13439543545246124, -0.13007120788097382, -0.12574699521064758, -0.12142276763916016, -0.11709854751825333, -0.1127743273973465, -0.10845010727643967, -0.10412588715553284, -0.09980165958404541, -0.09547743946313858, -0.09115321934223175, -0.08682899922132492, -0.08250477910041809, -0.07818055897951126, -0.07385633885860443, -0.0695321187376976, -0.06520789861679077, -0.06088367477059364, -0.056559450924396515, -0.052235230803489685, -0.047911010682582855, -0.043586790561676025, -0.039262570440769196, -0.03493834659457207, -0.030614126473665237, -0.026289906352758408, -0.02196568436920643, -0.01764146238565445, -0.013317257165908813, -0.008993036113679409, -0.004668815061450005, -0.00034459400922060013, 0.003979627043008804, 0.008303848095238209, 0.012628069147467613, 0.016952291131019592, 0.021276511251926422, 0.025600731372833252, 0.02992495335638523, 0.03424917533993721, 0.03857339546084404, 0.04289761558175087, 0.047221839427948, 0.05154605954885483, 0.05587027966976166, 0.06019449979066849, 0.06451871991157532, 0.06884294003248215, 0.07316716015338898, 0.0774913877248764, 0.08181560784578323, 0.08613982796669006, 0.0904640480875969, 0.09478826820850372, 0.09911248832941055, 0.10343670845031738, 0.10776093602180481, 0.11208515614271164, 0.11640937626361847, 0.1207335963845253, 0.12505781650543213]}, "gradients/fc3.bias": {"_type": "histogram", "values": [1.0, 0.0, 0.0, 0.0, 0.0, 0.0, 0.0, 0.0, 0.0, 1.0, 0.0, 0.0, 0.0, 0.0, 1.0, 0.0, 1.0, 1.0, 1.0, 0.0, 1.0, 0.0, 0.0, 1.0, 1.0, 1.0, 0.0, 0.0, 1.0, 1.0, 0.0, 1.0, 2.0, 2.0, 0.0, 0.0, 1.0, 0.0, 1.0, 0.0, 2.0, 1.0, 1.0, 4.0, 1.0, 1.0, 0.0, 1.0, 10.0, 15.0, 1.0, 0.0, 0.0, 2.0, 1.0, 0.0, 0.0, 0.0, 1.0, 1.0, 1.0, 0.0, 0.0, 2.0], "bins": [-0.017023833468556404, -0.016678208485245705, -0.016332583501935005, -0.015986958518624306, -0.015641335397958755, -0.015295710414648056, -0.014950085431337357, -0.014604460448026657, -0.014258835464715958, -0.013913211412727833, -0.013567586429417133, -0.013221961446106434, -0.012876337394118309, -0.01253071241080761, -0.01218508742749691, -0.011839463375508785, -0.011493838392198086, -0.011148213408887386, -0.010802589356899261, -0.010456964373588562, -0.010111339390277863, -0.009765715338289738, -0.009420090354979038, -0.009074465371668339, -0.008728841319680214, -0.008383216336369514, -0.008037591353058815, -0.007691966835409403, -0.007346342317759991, -0.007000717334449291, -0.006655092816799879, -0.00630946783348918, -0.005963844247162342, -0.00561821972951293, -0.0052725947462022305, -0.004926970228552818, -0.004581345245242119, -0.004235720727592707, -0.0038900962099432945, -0.0035444714594632387, -0.003198846708983183, -0.002853221958503127, -0.0025075972080230713, -0.002161972690373659, -0.0018163479398936033, -0.0014707231894135475, -0.0011250985553488135, -0.0007794738630764186, -0.00043384917080402374, -8.822447853162885e-05, 0.00025740021374076605, 0.0006030249060131609, 0.0009486495982855558, 0.0012942743487656116, 0.0016398989828303456, 0.0019855236168950796, 0.0023311483673751354, 0.0026767731178551912, 0.003022397868335247, 0.003368022385984659, 0.003713647136464715, 0.004059271886944771, 0.004404896404594183, 0.004750521387904882, 0.005096145905554295]}, "gradients/fc3.weight": {"_type": "histogram", "values": [2.0, 0.0, 0.0, 1.0, 0.0, 0.0, 4.0, 1.0, 0.0, 1.0, 0.0, 4.0, 1.0, 3.0, 7.0, 5.0, 2.0, 3.0, 9.0, 12.0, 12.0, 12.0, 11.0, 22.0, 21.0, 27.0, 38.0, 37.0, 64.0, 72.0, 101.0, 148.0, 572.0, 6534.0, 191.0, 57.0, 55.0, 22.0, 30.0, 25.0, 20.0, 10.0, 10.0, 14.0, 6.0, 4.0, 4.0, 3.0, 2.0, 0.0, 3.0, 2.0, 0.0, 3.0, 1.0, 0.0, 1.0, 1.0, 0.0, 0.0, 0.0, 1.0, 0.0, 1.0], "bins": [-0.08156372606754303, -0.07910802960395813, -0.07665233314037323, -0.07419663667678833, -0.07174094021320343, -0.06928524374961853, -0.06682954728603363, -0.06437385082244873, -0.06191815435886383, -0.05946245789527893, -0.05700676143169403, -0.05455106496810913, -0.05209536850452423, -0.04963967204093933, -0.04718397557735443, -0.04472827911376953, -0.04227258265018463, -0.03981688618659973, -0.03736118972301483, -0.03490549325942993, -0.03244979679584503, -0.029994100332260132, -0.027538403868675232, -0.025082707405090332, -0.022627010941505432, -0.020171314477920532, -0.017715618014335632, -0.015259921550750732, -0.012804225087165833, -0.010348528623580933, -0.007892832159996033, -0.005437135696411133, -0.002981431782245636, -0.0005257353186607361, 0.0019299611449241638, 0.004385657608509064, 0.006841354072093964, 0.009297050535678864, 0.011752746999263763, 0.014208443462848663, 0.016664139926433563, 0.019119836390018463, 0.021575532853603363, 0.024031229317188263, 0.026486925780773163, 0.028942622244358063, 0.03139831870794296, 0.03385401517152786, 0.03630971163511276, 0.03876540809869766, 0.04122110456228256, 0.04367680102586746, 0.04613249748945236, 0.04858819395303726, 0.05104389041662216, 0.05349958688020706, 0.05595528334379196, 0.05841097980737686, 0.06086667627096176, 0.06332237273454666, 0.06577806919813156, 0.06823376566171646, 0.07068946212530136, 0.07314515858888626, 0.07560085505247116]}, "gradients/fc2.bias": {"_type": "histogram", "values": [1.0, 0.0, 0.0, 0.0, 0.0, 1.0, 0.0, 0.0, 1.0, 0.0, 0.0, 0.0, 1.0, 0.0, 0.0, 0.0, 1.0, 1.0, 0.0, 1.0, 0.0, 0.0, 0.0, 0.0, 0.0, 0.0, 0.0, 1.0, 0.0, 1.0, 2.0, 1.0, 0.0, 1.0, 0.0, 1.0, 5.0, 0.0, 2.0, 8.0, 77.0, 8.0, 2.0, 3.0, 3.0, 0.0, 1.0, 1.0, 1.0, 0.0, 0.0, 0.0, 0.0, 0.0, 1.0, 0.0, 0.0, 1.0, 0.0, 0.0, 0.0, 0.0, 0.0, 1.0],