{"acc": 0.4075, "acc_val": 0.4206, "_timestamp": 1699293196.126402, "_runtime": 237.52491092681885, "_step": 91, "_wandb": {"runtime": 236}}