{"batch loss": 2.08918833732605, "_timestamp": 1699295822.0300713, "_runtime": 155.42897725105286, "_step": 587, "loss": 0.008083556110087113, "epoch": 2, "_wandb": {"runtime": 152}}