{"epoch": 69, "acc_train": 0.4306, "train_loss": 1.610776662826538, "acc_val": 0.3438, "loss_val": 1.8862440586090088, "_timestamp": 1699934123.5154, "_runtime": 110.5286660194397, "_step": 139, "global_step": 69, "Learning rate": 0.004999999888241291, "Batch size": 128.0, "Train/Accuracy": 0.43059998750686646, "Train/Loss": 1.610776662826538, "Val/Accuracy": 0.34380000829696655, "Val/Loss": 1.8862440586090088, "Model/Norm": 31.423681259155273, "_wandb": {"runtime": 109}}