{"epoch": 59, "accuracy": 0.3742, "_timestamp": 1699919523.510311, "_runtime": 91.46192789077759, "_step": 59, "_wandb": {"runtime": 90}}