{"global_step": 49, "_timestamp": 1699823842.4580188, "Learning rate": 0.09449008107185364, "Batch size": 128.0, "Train/Accuracy": 0.09830000251531601, "Val/Accuracy": 0.10000000149011612, "Train/Loss": 2.3086562156677246, "Val/Loss": 2.3108646869659424, "Model/Norm": 185.11636352539062, "_runtime": 85.37402868270874, "_step": 49, "_wandb": {"runtime": 84}}