{"accuracy": 0.15407436708860758, "epoch": 2, "_timestamp": 1699283540.9708922, "_runtime": 0.8771662712097168, "_step": 0, "_wandb": {"runtime": 0}}