{"epoch": 76, "accuracy": 0.1018, "_timestamp": 1699917143.9498293, "_runtime": 182.34463024139404, "_step": 76, "_wandb": {"runtime": 182}}