{"epoch": 29, "acc_train": 0.2935, "train_loss": 1.9712998867034912, "acc_val": 0.2862, "loss_val": 1.9961344003677368, "_timestamp": 1699935215.101697, "_runtime": 51.45922493934631, "_step": 59, "global_step": 29, "Learning rate": 0.05000000074505806, "Batch size": 256.0, "Train/Accuracy": 0.29350000619888306, "Train/Loss": 1.9712998867034912, "Val/Accuracy": 0.28619998693466187, "Val/Loss": 1.9961344003677368, "Model/Norm": 25.658485412597656, "_wandb": {"runtime": 50}}