{"accuracy": 0.09889240506329114, "epoch": 1, "_timestamp": 1699283089.503149, "_runtime": 0.7344801425933838, "_step": 0, "_wandb": {"runtime": 0}}