{"gradients/fc4.bias": {"_type": "histogram", "values": [1.0, 0.0, 0.0, 1.0, 0.0, 0.0, 0.0, 2.0, 0.0, 0.0, 3.0, 0.0, 0.0, 0.0, 2.0, 0.0, 0.0, 0.0, 0.0, 0.0, 0.0, 0.0, 0.0, 0.0, 0.0, 0.0, 0.0, 0.0, 0.0, 0.0, 0.0, 0.0, 0.0, 0.0, 0.0, 0.0, 0.0, 0.0, 0.0, 0.0, 0.0, 0.0, 0.0, 0.0, 0.0, 0.0, 0.0, 0.0, 0.0, 0.0, 0.0, 0.0, 0.0, 0.0, 0.0, 0.0, 0.0, 0.0, 0.0, 0.0, 0.0, 0.0, 0.0, 1.0], "bins": [-0.25, -0.232421875, -0.21484375, -0.197265625, -0.1796875, -0.162109375, -0.14453125, -0.126953125, -0.109375, -0.091796875, -0.07421875, -0.056640625, -0.0390625, -0.021484375, -0.00390625, 0.013671875, 0.03125, 0.048828125, 0.06640625, 0.083984375, 0.1015625, 0.119140625, 0.13671875, 0.154296875, 0.171875, 0.189453125, 0.20703125, 0.224609375, 0.2421875, 0.259765625, 0.27734375, 0.294921875, 0.3125, 0.330078125, 0.34765625, 0.365234375, 0.3828125, 0.400390625, 0.41796875, 0.435546875, 0.453125, 0.470703125, 0.48828125, 0.505859375, 0.5234375, 0.541015625, 0.55859375, 0.576171875, 0.59375, 0.611328125, 0.62890625, 0.646484375, 0.6640625, 0.681640625, 0.69921875, 0.716796875, 0.734375, 0.751953125, 0.76953125, 0.787109375, 0.8046875, 0.822265625, 0.83984375, 0.857421875, 0.875]}, "_timestamp": 1699912406.7391875, "gradients/fc4.weight": {"_type": "histogram", "values": [1.0, 0.0, 0.0, 0.0, 0.0, 0.0, 0.0, 0.0, 0.0, 0.0, 0.0, 1.0, 0.0, 1.0, 0.0, 0.0, 3.0, 0.0, 0.0, 0.0, 1.0, 0.0, 0.0, 0.0, 0.0, 1.0, 0.0, 0.0, 2.0, 1.0, 0.0, 0.0, 1.0, 0.0, 1.0, 1.0, 2.0, 4.0, 4.0, 0.0, 1.0, 3.0, 5.0, 3.0, 8.0, 8.0, 1.0, 7.0, 2.0, 2.0, 348.0, 116.0, 48.0, 24.0, 12.0, 8.0, 5.0, 5.0, 3.0, 3.0, 3.0, 0.0, 0.0, 1.0], "bins": [-11822.4189453125, -11586.3994140625, -11350.37890625, -11114.359375, -10878.33984375, -10642.3193359375, -10406.2998046875, -10170.2802734375, -9934.259765625, -9698.240234375, -9462.220703125, -9226.201171875, -8990.1806640625, -8754.1611328125, -8518.1416015625, -8282.12109375, -8046.1015625, -7810.08154296875, -7574.06201171875, -7338.0419921875, -7102.0224609375, -6866.00244140625, -6629.982421875, -6393.962890625, -6157.94287109375, -5921.9228515625, -5685.9033203125, -5449.88330078125, -5213.86328125, -4977.84375, -4741.82373046875, -4505.80419921875, -4269.78369140625, -4033.763916015625, -3797.744140625, -3561.72412109375, -3325.704345703125, -3089.6845703125, -2853.66455078125, -2617.644775390625, -2381.625, -2145.605224609375, -1909.5853271484375, -1673.5654296875, -1437.545654296875, -1201.52587890625, -965.5059814453125, -729.4861450195312, -493.46630859375, -257.44647216796875, -21.4266357421875, 214.59320068359375, 450.613037109375, 686.6328735351562, 922.6527099609375, 1158.672607421875, 1394.6923828125, 1630.712158203125, 1866.7320556640625, 2102.751953125, 2338.771728515625, 2574.79150390625, 2810.8115234375, 3046.831298828125, 3282.85107421875]}, "gradients/fc3.bias": {"_type": "histogram", "values": [1.0, 0.0, 1.0, 0.0, 0.0, 0.0, 0.0, 0.0, 1.0, 1.0, 0.0, 0.0, 1.0, 1.0, 1.0, 2.0, 2.0, 2.0, 0.0, 2.0, 2.0, 1.0, 0.0, 4.0, 4.0, 8.0, 5.0, 3.0, 4.0, 7.0, 3.0, 2.0, 0.0, 0.0, 1.0, 1.0, 1.0, 0.0, 0.0, 1.0, 0.0, 0.0, 0.0, 0.0, 0.0, 0.0, 0.0, 0.0, 1.0, 0.0, 0.0, 0.0, 0.0, 0.0, 0.0, 0.0, 0.0, 0.0, 0.0, 0.0, 0.0, 0.0, 0.0, 1.0], "bins": [-0.01489281840622425, -0.014302532188594341, -0.013712245970964432, -0.013121958822011948, -0.012531672604382038, -0.011941386386752129, -0.011351099237799644, -0.010760813020169735, -0.010170526802539825, -0.009580240584909916, -0.008989954367280006, -0.008399667218327522, -0.007809381000697613, -0.007219094783067703, -0.006628808099776506, -0.00603852141648531, -0.0054482351988554, -0.004857948981225491, -0.004267662297934294, -0.0036773758474737406, -0.0030870893970131874, -0.0024968029465526342, -0.001906516496092081, -0.001316230045631528, -0.0007259435951709747, -0.00013565714471042156, 0.0004546293057501316, 0.0010449157562106848, 0.001635202206671238, 0.002225488657131791, 0.0028157751075923443, 0.0034060615580528975, 0.003996346145868301, 0.004586632363498211, 0.005176919046789408, 0.0057672057300806046, 0.006357491947710514, 0.006947778165340424, 0.00753806484863162, 0.008128351531922817, 0.008718637749552727, 0.009308923967182636, 0.009899210184812546, 0.01048949733376503, 0.01107978355139494, 0.011670069769024849, 0.012260356917977333, 0.012850643135607243, 0.013440929353237152, 0.014031215570867062, 0.014621501788496971, 0.015211788937449455, 0.01580207422375679, 0.016392361372709274, 0.01698264852166176, 0.017572933807969093, 0.018163220956921577, 0.01875350810587406, 0.019343793392181396, 0.01993408054113388, 0.020524367690086365, 0.0211146529763937, 0.021704940125346184, 0.02229522541165352, 0.022885512560606003]}, "gradients/fc3.weight": {"_type": "histogram", "values": [1.0, 0.0, 0.0, 1.0, 2.0, 1.0, 1.0, 1.0, 1.0, 1.0, 3.0, 2.0, 2.0, 1.0, 0.0, 4.0, 0.0, 9.0, 10.0, 5.0, 10.0, 8.0, 8.0, 9.0, 7.0, 17.0, 20.0, 20.0, 24.0, 33.0, 44.0, 48.0, 67.0, 122.0, 177.0, 363.0, 742.0, 1385.0, 2184.0, 793.0, 484.0, 421.0, 310.0, 234.0, 157.0, 124.0, 80.0, 68.0, 42.0, 33.0, 30.0, 22.0, 17.0, 8.0, 6.0, 6.0, 7.0, 3.0, 5.0, 3.0, 2.0, 3.0, 0.0, 1.0], "bins": [-304.4826965332031, -296.6097412109375, -288.73675537109375, -280.8638000488281, -272.9908447265625, -265.1178894042969, -257.24493408203125, -249.3719482421875, -241.49899291992188, -233.62603759765625, -225.75306701660156, -217.88009643554688, -210.00714111328125, -202.13418579101562, -194.26121520996094, -186.38824462890625, -178.51528930664062, -170.642333984375, -162.7693634033203, -154.89639282226562, -147.0234375, -139.15048217773438, -131.2775115966797, -123.40454864501953, -115.53158569335938, -107.65862274169922, -99.78565979003906, -91.9126968383789, -84.03973388671875, -76.1667709350586, -68.29380798339844, -60.42084503173828, -52.54786682128906, -44.674903869628906, -36.80194091796875, -28.928977966308594, -21.056015014648438, -13.183052062988281, -5.310089111328125, 2.5628738403320312, 10.435836791992188, 18.308799743652344, 26.1817626953125, 34.054725646972656, 41.92768859863281, 49.80065155029297, 57.673614501953125, 65.54657745361328, 73.41954040527344, 81.2925033569336, 89.16546630859375, 97.0384292602539, 104.91139221191406, 112.78435516357422, 120.65731811523438, 128.5302734375, 136.4032440185547, 144.27621459960938, 152.149169921875, 160.02212524414062, 167.8950958251953, 175.76806640625, 183.64102172851562, 191.51397705078125, 199.38694763183594]}, "gradients/fc2.bias": {"_type": "histogram", "values": [1.0, 0.0, 0.0, 0.0, 0.0, 1.0, 0.0, 0.0, 0.0, 1.0, 0.0, 0.0, 1.0, 1.0, 0.0, 0.0, 1.0, 1.0, 1.0, 1.0, 4.0, 3.0, 4.0, 3.0, 3.0, 2.0, 1.0, 4.0, 2.0, 2.0, 3.0, 1.0, 5.0, 5.0, 6.0, 3.0, 7.0, 1.0, 5.0, 4.0, 5.0, 4.0, 0.0, 10.0, 2.0, 2.0, 6.0, 2.0, 3.0, 0.0, 2.0, 0.0, 2.0, 1.0, 5.0, 2.0, 1.0, 1.0, 0.0, 0.0, 0.0, 1.0, 0.0, 2.0],