{"epoch": 29, "acc_train": 0.099, "train_loss": 2.304611921310425, "acc_val": 0.1, "loss_val": 2.3040671348571777, "_timestamp": 1699925373.5730293, "_runtime": 51.4614942073822, "_step": 59, "global_step": 29, "Learning rate": 0.05000000074505806, "Batch size": 256.0, "Train/Accuracy": 0.0989999994635582, "Train/Loss": 2.304611921310425, "Val/Accuracy": 0.10000000149011612, "Val/Loss": 2.3040671348571777, "Model/Norm": 97.82074737548828, "_wandb": {"runtime": 50}}