{"acc": 0.8721, "acc_val": 0.5013, "_timestamp": 1699278517.349325, "_runtime": 173.8143448829651, "_step": 80, "_wandb": {"runtime": 173}}