{"accuracy": 0.3389042721518987, "epoch": 4, "_timestamp": 1699285474.148705, "_runtime": 0.6675319671630859, "_step": 0, "_wandb": {"runtime": 0}}