{"accuracy": 0.15209651898734178, "epoch": 4, "_timestamp": 1699283562.771506, "_runtime": 0.7186241149902344, "_step": 0, "_wandb": {"runtime": 0}}