{"accuracy": 0.1774129746835443, "epoch": 2, "_timestamp": 1699286087.723637, "_runtime": 0.6777482032775879, "_step": 0, "_wandb": {"runtime": 0}}