{"acc": 0.5366, "acc_val": 0.4894, "_timestamp": 1699296214.127354, "_runtime": 243.08554601669312, "_step": 121, "_wandb": {"runtime": 242}}