{"acc": 0.0999599358974359, "loss": 2.3031835751655776, "_timestamp": 1699272983.0300303, "_runtime": 70.66321015357971, "_step": 99, "val_acc": 0.1, "val_loss": 2.3025883078575133, "_wandb": {"runtime": 69}}