{"acc": 0.4272, "acc_val": 0.4339, "_timestamp": 1699295459.9280124, "_runtime": 180.09281539916992, "_step": 87, "_wandb": {"runtime": 179}}