{"accuracy": 0.15486550632911392, "epoch": 3, "_timestamp": 1699283551.890143, "_runtime": 0.6937088966369629, "_step": 0, "_wandb": {"runtime": 0}}