{"acc": 0.09132, "loss": 11.563347990415535, "_timestamp": 1699817404.86745, "_runtime": 1482.5077168941498, "_step": 11, "_wandb": {"runtime": 2252}}