{"training_loss": 1356.2349499464035, "training_accuracy": 0.38058, "validation_loss": 76.27177774906158, "validation_accuracy": 0.3722, "_timestamp": 1699903086.8028839, "_runtime": 158.33291578292847, "_step": 24, "gradients/graph_3fc4.bias": {"_type": "histogram", "values": [2.0, 0.0, 0.0, 0.0, 0.0, 0.0, 0.0, 1.0, 0.0, 0.0, 0.0, 0.0, 0.0, 0.0, 0.0, 0.0, 0.0, 0.0, 0.0, 0.0, 0.0, 0.0, 0.0, 0.0, 0.0, 0.0, 0.0, 0.0, 0.0, 0.0, 1.0, 0.0, 0.0, 0.0, 0.0, 1.0, 1.0, 0.0, 0.0, 1.0, 0.0, 0.0, 0.0, 0.0, 0.0, 0.0, 1.0, 0.0, 0.0, 0.0, 0.0, 0.0, 0.0, 0.0, 0.0, 1.0, 0.0, 0.0, 0.0, 0.0, 0.0, 0.0, 0.0, 1.0], "bins": [-0.04738841578364372, -0.04589338228106499, -0.04439834505319595, -0.04290331155061722, -0.04140827804803848, -0.03991324454545975, -0.038418207317590714, -0.03692317381501198, -0.03542814031243324, -0.03393310308456421, -0.032438069581985474, -0.03094303607940674, -0.029448000714182854, -0.02795296721160412, -0.026457931846380234, -0.0249628983438015, -0.023467862978577614, -0.02197282761335373, -0.020477794110774994, -0.01898275874555111, -0.017487725242972374, -0.01599268987774849, -0.01449765544384718, -0.01300262100994587, -0.01150758657604456, -0.01001255214214325, -0.00851751770824194, -0.007022482808679342, -0.005527448374778032, -0.004032413940876722, -0.0025373792741447687, -0.001042344723828137, 0.0004526898264884949, 0.0019477243768051267, 0.0034427589271217585, 0.004937793593853712, 0.006432828027755022, 0.00792786292731762, 0.00942289736121893, 0.01091793179512024, 0.01241296622902155, 0.01390800066292286, 0.01540303509682417, 0.01689806953072548, 0.018393104895949364, 0.0198881383985281, 0.021383173763751984, 0.02287820726633072, 0.024373242631554604, 0.025868277996778488, 0.027363311499357224, 0.028858346864581108, 0.030353380367159843, 0.03184841573238373, 0.03334344923496246, 0.0348384827375412, 0.03633351996541023, 0.03782855346798897, 0.0393235869705677, 0.04081862419843674, 0.04231365770101547, 0.04380869120359421, 0.04530372470617294, 0.04679876193404198, 0.04829379543662071]}, "gradients/graph_3fc4.weight": {"_type": "histogram", "values": [1.0, 0.0, 0.0, 0.0, 0.0, 0.0, 0.0, 0.0, 0.0, 0.0, 0.0, 0.0, 0.0, 0.0, 0.0, 1.0, 0.0, 1.0, 0.0, 0.0, 1.0, 0.0, 2.0, 4.0, 3.0, 1.0, 2.0, 1.0, 5.0, 6.0, 5.0, 15.0, 48.0, 180.0, 197.0, 104.0, 29.0, 8.0, 9.0, 3.0, 5.0, 1.0, 2.0, 0.0, 1.0, 0.0, 1.0, 1.0, 0.0, 1.0, 0.0, 0.0, 0.0, 0.0, 0.0, 1.0, 0.0, 0.0, 0.0, 0.0, 0.0, 0.0, 0.0, 1.0], "bins": [-1.223298192024231, -1.1874736547470093, -1.1516491174697876, -1.1158244609832764, -1.0799999237060547, -1.044175386428833, -1.0083508491516113, -0.9725262522697449, -0.9367017149925232, -0.9008771777153015, -0.8650525808334351, -0.8292280435562134, -0.7934035062789917, -0.7575789093971252, -0.7217543721199036, -0.6859297752380371, -0.6501052379608154, -0.6142807006835938, -0.5784561038017273, -0.5426315665245056, -0.5068069696426392, -0.4709824323654175, -0.4351578950881958, -0.39933332800865173, -0.36350876092910767, -0.3276841938495636, -0.29185962677001953, -0.25603508949279785, -0.22021052241325378, -0.18438595533370972, -0.14856140315532684, -0.11273684352636337, -0.07691240310668945, -0.04108784347772598, -0.005263283848762512, 0.030561275780200958, 0.06638583540916443, 0.1022103950381279, 0.13803495466709137, 0.17385950684547424, 0.2096840739250183, 0.24550864100456238, 0.28133320808410645, 0.3171577453613281, 0.3529823124408722, 0.38880687952041626, 0.42463141679763794, 0.460455983877182, 0.4962805509567261, 0.5321050882339478, 0.5679296851158142, 0.6037542223930359, 0.6395788192749023, 0.675403356552124, 0.7112278938293457, 0.7470524907112122, 0.7828770279884338, 0.8187015652656555, 0.854526162147522, 0.8903506994247437, 0.9261752367019653, 0.9619998335838318, 0.9978243708610535, 1.03364896774292, 1.0694735050201416]}, "gradients/graph_3fc3.bias": {"_type": "histogram", "values": [1.0, 0.0, 0.0, 0.0, 1.0, 0.0, 0.0, 0.0, 0.0, 0.0, 0.0, 0.0, 0.0, 0.0, 0.0, 1.0, 1.0, 0.0, 0.0, 1.0, 0.0, 1.0, 3.0, 3.0, 5.0, 7.0, 12.0, 8.0, 5.0, 3.0, 0.0, 0.0, 2.0, 0.0, 1.0, 0.0, 1.0, 0.0, 1.0, 0.0, 0.0, 1.0, 0.0, 0.0, 0.0, 1.0, 1.0, 0.0, 1.0, 0.0, 0.0, 0.0, 0.0, 0.0, 0.0, 0.0, 0.0, 0.0, 0.0, 0.0, 0.0, 1.0, 0.0, 2.0], "bins": [-0.0014756249729543924, -0.001420533750206232, -0.0013654425274580717, -0.0013103513047099113, -0.001255260081961751, -0.0012001689756289124, -0.001145077752880752, -0.0010899865301325917, -0.0010348953073844314, -0.000979804084636271, -0.0009247128618881106, -0.0008696216973476112, -0.0008145304745994508, -0.0007594392518512905, -0.000704348087310791, -0.0006492568645626307, -0.0005941656418144703, -0.0005390744190663099, -0.00048398322542198, -0.0004288920317776501, -0.00037380080902948976, -0.0003187095862813294, -0.0002636183926369995, -0.00020852718444075435, -0.00015343597624450922, -9.834476804826409e-05, -4.325355985201895e-05, 1.1837648344226182e-05, 6.692885654047132e-05, 0.00012202006473671645, 0.00017711127293296158, 0.00023220248112920672, 0.00028729368932545185, 0.0003423849120736122, 0.0003974761057179421, 0.000452567299362272, 0.0005076585221104324, 0.0005627497448585927, 0.0006178409093990922, 0.0006729321321472526, 0.0007280233548954129, 0.0007831145776435733, 0.0008382058003917336, 0.0008932969649322331, 0.0009483881876803935, 0.001003479352220893, 0.0010585705749690533, 0.0011136617977172136, 0.001168753020465374, 0.0012238442432135344, 0.0012789354659616947, 0.001334026688709855, 0.0013891179114580154, 0.001444209017790854, 0.0014993002405390143, 0.0015543914632871747, 0.001609482686035335, 0.0016645739087834954, 0.0017196651315316558, 0.0017747563542798162, 0.0018298474606126547, 0.001884938683360815, 0.0019400299061089754, 0.0019951211288571358, 0.002050212351605296]}, "gradients/graph_3fc3.weight": {"_type": "histogram", "values": [1.0, 0.0, 0.0, 0.0, 0.0, 0.0, 0.0, 0.0, 0.0, 1.0, 0.0, 0.0, 2.0, 0.0, 0.0, 2.0, 1.0, 1.0, 4.0, 3.0, 2.0, 1.0, 4.0, 7.0, 11.0, 10.0, 20.0, 67.0, 829.0, 7026.0, 95.0, 21.0, 13.0, 8.0, 8.0, 9.0, 7.0, 3.0, 5.0, 5.0, 4.0, 1.0, 1.0, 3.0, 2.0, 2.0, 1.0, 2.0, 3.0, 1.0, 0.0, 1.0, 2.0, 0.0, 1.0, 0.0, 0.0, 0.0, 0.0, 0.0, 0.0, 0.0, 0.0, 2.0], "bins": [-0.46858128905296326, -0.45258352160453796, -0.4365857243537903, -0.420587956905365, -0.4045901596546173, -0.388592392206192, -0.37259459495544434, -0.35659682750701904, -0.34059906005859375, -0.32460126280784607, -0.3086034953594208, -0.2926056981086731, -0.2766079306602478, -0.2606101334095001, -0.24461236596107483, -0.22861458361148834, -0.21261680126190186, -0.19661901891231537, -0.18062123656272888, -0.1646234542131424, -0.1486256718635559, -0.13262790441513062, -0.11663012206554413, -0.10063233971595764, -0.08463455736637115, -0.06863677501678467, -0.05263899639248848, -0.03664121776819229, -0.020643435418605804, -0.004645654931664467, 0.01135212555527687, 0.02734990604221821, 0.04334765672683716, 0.059345439076423645, 0.07534322142601013, 0.09134099632501602, 0.10733877867460251, 0.123336561024189, 0.13933433592319489, 0.15533211827278137, 0.17132990062236786, 0.18732768297195435, 0.20332546532154083, 0.21932324767112732, 0.2353210151195526, 0.2513188123703003, 0.2673165798187256, 0.28331437706947327, 0.29931214451789856, 0.31530991196632385, 0.33130770921707153, 0.3473054766654968, 0.3633032739162445, 0.3793010413646698, 0.3952988386154175, 0.4112966060638428, 0.42729437351226807, 0.44329217076301575, 0.45928993821144104, 0.4752877354621887, 0.491285502910614, 0.5072832703590393, 0.5232810974121094, 0.5392788648605347, 0.55527663230896]}, "gradients/graph_3fc2.bias": {"_type": "histogram", "values": [1.0, 0.0, 1.0, 0.0, 0.0, 0.0, 0.0, 1.0, 0.0, 0.0, 1.0, 0.0, 0.0, 0.0, 0.0, 0.0, 0.0, 1.0, 0.0, 2.0, 0.0, 2.0, 1.0, 0.0, 0.0, 0.0, 0.0, 24.0, 78.0, 8.0, 1.0, 0.0, 2.0, 0.0, 1.0, 0.0, 0.0, 0.0, 1.0, 1.0, 0.0, 0.0, 0.0, 1.0, 0.0, 0.0, 0.0, 0.0, 0.0, 0.0, 0.0, 0.0, 0.0, 0.0, 0.0, 0.0, 0.0, 0.0, 0.0, 0.0, 0.0, 0.0, 0.0, 1.0],