{"epoch": 16, "batch": 186, "loss": 1.5966970920562744, "_timestamp": 1699227260.5599213, "_runtime": 202.60117316246033, "_step": 20186, "_wandb": {"runtime": 201}}