{"epoch": 29, "acc_train": 0.1762, "train_loss": 2.1615869998931885, "acc_val": 0.1645, "loss_val": 2.177792549133301, "_timestamp": 1699919664.5755575, "_runtime": 100.76014447212219, "_step": 59, "global_step": 29, "Learning rate": 0.009999999776482582, "Batch size": 64.0, "Train/Accuracy": 0.1762000024318695, "Train/Loss": 2.1615869998931885, "Val/Accuracy": 0.16449999809265137, "Val/Loss": 2.177792549133301, "Model/Norm": 69.7833480834961, "_wandb": {"runtime": 99}}