{"accuracy": 0.09889240506329114, "epoch": 2, "_timestamp": 1699285341.1330693, "_runtime": 0.7388803958892822, "_step": 0, "_wandb": {"runtime": 0}}