{"gradients/fc4.bias": {"_type": "histogram", "values": [1.0, 0.0, 0.0, 1.0, 0.0, 1.0, 0.0, 0.0, 0.0, 0.0, 0.0, 0.0, 0.0, 2.0, 0.0, 0.0, 0.0, 0.0, 1.0, 0.0, 0.0, 1.0, 1.0, 0.0, 0.0, 0.0, 0.0, 0.0, 0.0, 0.0, 0.0, 0.0, 0.0, 0.0, 0.0, 0.0, 1.0, 0.0, 0.0, 0.0, 0.0, 0.0, 0.0, 0.0, 0.0, 0.0, 0.0, 0.0, 0.0, 0.0, 0.0, 0.0, 0.0, 0.0, 0.0, 0.0, 0.0, 0.0, 0.0, 0.0, 0.0, 0.0, 0.0, 1.0], "bins": [-0.12185817956924438, -0.1157713532447815, -0.1096845269203186, -0.10359770059585571, -0.09751087427139282, -0.09142404049634933, -0.08533721417188644, -0.07925038784742355, -0.07316356152296066, -0.06707673519849777, -0.06098990887403488, -0.05490307882428169, -0.0488162524998188, -0.04272942617535591, -0.03664259612560272, -0.03055576980113983, -0.02446894347667694, -0.01838211715221405, -0.01229528896510601, -0.006208461709320545, -0.00012163445353507996, 0.005965192802250385, 0.01205202005803585, 0.01813884824514389, 0.02422567456960678, 0.03031250089406967, 0.03639932721853256, 0.04248615726828575, 0.04857298359274864, 0.05465980991721153, 0.06074663996696472, 0.06683346629142761, 0.0729202926158905, 0.0790071189403534, 0.08509394526481628, 0.09118077158927917, 0.09726759791374207, 0.10335443168878555, 0.10944125801324844, 0.11552808433771133, 0.12161491066217422, 0.1277017444372177, 0.1337885707616806, 0.1398753970861435, 0.14596222341060638, 0.15204904973506927, 0.15813587605953217, 0.16422270238399506, 0.17030952870845795, 0.17639635503292084, 0.18248318135738373, 0.18857000768184662, 0.1946568340063095, 0.2007436603307724, 0.2068304866552353, 0.21291731297969818, 0.21900415420532227, 0.22509098052978516, 0.23117780685424805, 0.23726463317871094, 0.24335145950317383, 0.24943828582763672, 0.2555251121520996, 0.2616119384765625, 0.2676987648010254]}, "_timestamp": 1699911422.434978, "gradients/fc4.weight": {"_type": "histogram", "values": [1.0, 0.0, 1.0, 0.0, 0.0, 0.0, 0.0, 0.0, 0.0, 0.0, 1.0, 0.0, 0.0, 0.0, 0.0, 0.0, 0.0, 0.0, 0.0, 2.0, 2.0, 0.0, 0.0, 1.0, 2.0, 3.0, 2.0, 2.0, 4.0, 2.0, 3.0, 2.0, 5.0, 3.0, 4.0, 4.0, 9.0, 13.0, 8.0, 17.0, 10.0, 23.0, 59.0, 187.0, 90.0, 52.0, 47.0, 21.0, 21.0, 8.0, 10.0, 7.0, 5.0, 1.0, 4.0, 1.0, 0.0, 0.0, 0.0, 0.0, 1.0, 0.0, 1.0, 1.0], "bins": [-5.577569961547852, -5.448294639587402, -5.319019317626953, -5.189744472503662, -5.060469150543213, -4.931193828582764, -4.801918983459473, -4.672643661499023, -4.543368339538574, -4.414093017578125, -4.284817695617676, -4.155542850494385, -4.0262675285339355, -3.8969922065734863, -3.767717123031616, -3.638442039489746, -3.509166717529297, -3.3798913955688477, -3.2506163120269775, -3.1213412284851074, -2.992065906524658, -2.862790584564209, -2.733515501022339, -2.6042404174804688, -2.4749650955200195, -2.3456897735595703, -2.2164146900177, -2.08713960647583, -1.9578642845153809, -1.8285890817642212, -1.6993138790130615, -1.5700386762619019, -1.4407639503479004, -1.3114887475967407, -1.182213544845581, -1.0529383420944214, -0.9236631393432617, -0.794387936592102, -0.6651127338409424, -0.5358375310897827, -0.40656232833862305, -0.2772871255874634, -0.1480119228363037, -0.018736720085144043, 0.11053848266601562, 0.2398136854171753, 0.36908888816833496, 0.49836409091949463, 0.6276392936706543, 0.756914496421814, 0.8861896991729736, 1.0154649019241333, 1.144740104675293, 1.2740153074264526, 1.4032905101776123, 1.532565712928772, 1.6618409156799316, 1.7911161184310913, 1.920391321182251, 2.049666404724121, 2.1789417266845703, 2.3082170486450195, 2.4374921321868896, 2.5667672157287598, 2.696042537689209]}, "gradients/fc3.bias": {"_type": "histogram", "values": [1.0, 0.0, 0.0, 0.0, 0.0, 0.0, 0.0, 0.0, 0.0, 0.0, 0.0, 0.0, 0.0, 0.0, 0.0, 0.0, 0.0, 0.0, 0.0, 0.0, 0.0, 0.0, 0.0, 0.0, 0.0, 0.0, 0.0, 0.0, 0.0, 1.0, 0.0, 1.0, 0.0, 2.0, 4.0, 1.0, 3.0, 2.0, 6.0, 5.0, 6.0, 4.0, 4.0, 3.0, 2.0, 4.0, 2.0, 6.0, 2.0, 1.0, 1.0, 1.0, 1.0, 0.0, 0.0, 0.0, 0.0, 0.0, 0.0, 0.0, 0.0, 0.0, 0.0, 1.0], "bins": [-0.001301336451433599, -0.0012706113047897816, -0.0012398861581459641, -0.0012091611279174685, -0.0011784359812736511, -0.0011477108346298337, -0.0011169856879860163, -0.0010862605413421988, -0.0010555353946983814, -0.0010248103644698858, -0.0009940852178260684, -0.000963360071182251, -0.0009326349245384336, -0.000901909836102277, -0.0008711846894584596, -0.0008404596010223031, -0.0008097344543784857, -0.0007790093077346683, -0.0007482842192985117, -0.0007175590726546943, -0.0006868339842185378, -0.0006561088375747204, -0.000625383690930903, -0.0005946586024947464, -0.000563933455850929, -0.0005332083092071116, -0.0005024832207709551, -0.00047175807412713766, -0.0004410329565871507, -0.0004103078390471637, -0.0003795826924033463, -0.00034885757486335933, -0.0003181325155310333, -0.0002874073979910463, -0.00025668228045105934, -0.00022595713380724192, -0.00019523201626725495, -0.00016450689872726798, -0.00013378176663536578, -0.0001030566418194212, -7.233151700347662e-05, -4.160639218753204e-05, -1.0881267371587455e-05, 1.9843857444357127e-05, 5.056898226030171e-05, 8.129410707624629e-05, 0.00011201923189219087, 0.00014274436398409307, 0.00017346948152408004, 0.000204194599064067, 0.0002349197311559692, 0.0002656448632478714, 0.00029636998078785837, 0.00032709509832784534, 0.00035782024497166276, 0.00038854536251164973, 0.0004192704800516367, 0.00044999559759162366, 0.00048072071513161063, 0.0005114458617754281, 0.0005421709502115846, 0.000572896096855402, 0.0006036212434992194, 0.0006343463319353759, 0.0006650714785791934]}, "gradients/fc3.weight": {"_type": "histogram", "values": [4.0, 5.0, 13.0, 17.0, 27.0, 40.0, 56.0, 94.0, 131.0, 220.0, 279.0, 375.0, 534.0, 655.0, 515.0, 922.0, 1100.0, 948.0, 639.0, 466.0, 292.0, 206.0, 163.0, 110.0, 92.0, 58.0, 46.0, 32.0, 25.0, 14.0, 13.0, 7.0, 6.0, 6.0, 5.0, 7.0, 4.0, 2.0, 5.0, 5.0, 4.0, 2.0, 4.0, 2.0, 4.0, 4.0, 3.0, 4.0, 7.0, 3.0, 1.0, 1.0, 1.0, 1.0, 0.0, 4.0, 3.0, 2.0, 0.0, 1.0, 1.0, 1.0, 0.0, 1.0], "bins": [-0.05394165962934494, -0.05040321499109268, -0.046864766627550125, -0.04332631826400757, -0.03978787362575531, -0.03624942898750305, -0.032710980623960495, -0.029172534123063087, -0.02563408762216568, -0.022095641121268272, -0.018557194620370865, -0.015018748119473457, -0.01148030161857605, -0.007941855117678642, -0.004403408616781235, -0.0008649621158838272, 0.0026734843850135803, 0.006211930885910988, 0.009750377386808395, 0.013288823887705803, 0.01682727038860321, 0.020365716889500618, 0.023904163390398026, 0.027442609891295433, 0.03098105639219284, 0.0345195010304451, 0.038057949393987656, 0.04159639775753021, 0.04513484239578247, 0.04867328703403473, 0.052211735397577286, 0.05575018376111984, 0.059288620948791504, 0.06282706558704376, 0.06636551022529602, 0.06990396231412888, 0.07344240695238113, 0.07698085159063339, 0.08051930367946625, 0.0840577483177185, 0.08759619295597076, 0.09113463759422302, 0.09467308223247528, 0.09821153432130814, 0.1017499789595604, 0.10528842359781265, 0.10882687568664551, 0.11236532032489777, 0.11590376496315002, 0.11944220960140228, 0.12298065423965454, 0.1265190988779068, 0.13005754351615906, 0.1335960030555725, 0.13713444769382477, 0.14067289233207703, 0.14421133697032928, 0.14774978160858154, 0.1512882262468338, 0.15482667088508606, 0.1583651304244995, 0.16190357506275177, 0.16544201970100403, 0.1689804643392563, 0.17251890897750854]}, "gradients/fc2.bias": {"_type": "histogram", "values": [1.0, 0.0, 0.0, 0.0, 0.0, 0.0, 0.0, 1.0, 0.0, 0.0, 0.0, 0.0, 0.0, 0.0, 0.0, 0.0, 0.0, 2.0, 0.0, 0.0, 0.0, 0.0, 0.0, 0.0, 1.0, 0.0, 0.0, 1.0, 0.0, 1.0, 0.0, 0.0, 2.0, 1.0, 5.0, 3.0, 4.0, 6.0, 4.0, 10.0, 6.0, 7.0, 8.0, 7.0, 6.0, 7.0, 13.0, 7.0, 10.0, 3.0, 1.0, 2.0, 4.0, 0.0, 3.0, 1.0, 0.0, 0.0, 0.0, 0.0, 0.0, 0.0, 0.0, 1.0],