{"acc": 0.9154, "acc_val": 0.5012, "_timestamp": 1699279782.3208864, "_runtime": 177.25865530967712, "_step": 100, "_wandb": {"runtime": 176}}