{"epoch": 49, "acc_train": 0.3215, "train_loss": 1.9264194965362549, "acc_val": 0.3069, "loss_val": 1.9629141092300415, "_timestamp": 1699926319.5218952, "_runtime": 64.41731715202332, "_step": 99, "global_step": 49, "Learning rate": 0.004999999888241291, "Batch size": 256.0, "Train/Accuracy": 0.3215000033378601, "Train/Loss": 1.9264194965362549, "Val/Accuracy": 0.3068999946117401, "Val/Loss": 1.9629141092300415, "Model/Norm": 15.261650085449219, "_wandb": {"runtime": 63}}