{"Val Accuracy/Epoch": 0.4247, "Val Loss/Epoch": 32.461204528808594, "_timestamp": 1699944840.420118, "_runtime": 24.966660976409912, "_step": 49, "gradients/graph_14fc3.bias": {"_type": "histogram", "values": [1.0, 1.0, 0.0, 0.0, 0.0, 0.0, 0.0, 1.0, 0.0, 1.0, 0.0, 0.0, 0.0, 0.0, 0.0, 0.0, 0.0, 1.0, 1.0, 0.0, 0.0, 0.0, 1.0, 0.0, 0.0, 0.0, 0.0, 0.0, 1.0, 0.0, 0.0, 0.0, 0.0, 0.0, 0.0, 0.0, 0.0, 0.0, 0.0, 0.0, 0.0, 0.0, 0.0, 0.0, 0.0, 0.0, 1.0, 0.0, 0.0, 0.0, 0.0, 0.0, 0.0, 0.0, 0.0, 0.0, 0.0, 0.0, 0.0, 0.0, 0.0, 0.0, 0.0, 1.0], "bins": [-0.013995258137583733, -0.013348395004868507, -0.012701531872153282, -0.012054668739438057, -0.011407805606722832, -0.010760942474007607, -0.010114078409969807, -0.009467215277254581, -0.008820352144539356, -0.008173489011824131, -0.007526625879108906, -0.006879762280732393, -0.006232899148017168, -0.0055860355496406555, -0.00493917241692543, -0.004292309284210205, -0.00364544615149498, -0.0029985830187797546, -0.0023517198860645294, -0.0017048567533493042, -0.001057993620634079, -0.00041112955659627914, 0.00023573357611894608, 0.0008825967088341713, 0.0015294598415493965, 0.0021763239055871964, 0.0028231870383024216, 0.003470050171017647, 0.004116913303732872, 0.004763776436448097, 0.0054106395691633224, 0.006057502701878548, 0.006704367697238922, 0.007351230829954147, 0.007998093962669373, 0.008644957095384598, 0.009291820228099823, 0.009938683360815048, 0.010585546493530273, 0.011232409626245499, 0.011879273690283298, 0.012526136822998524, 0.013172999955713749, 0.013819863088428974, 0.014466727152466774, 0.015113590285182, 0.015760453417897224, 0.01640731655061245, 0.017054179683327675, 0.0177010428160429, 0.018347905948758125, 0.01899476908147335, 0.019641632214188576, 0.0202884953469038, 0.020935360342264175, 0.0215822234749794, 0.022229086607694626, 0.02287594974040985, 0.023522812873125076, 0.0241696760058403, 0.024816539138555527, 0.025463402271270752, 0.026110265403985977, 0.026757128536701202, 0.027403991669416428]}, "gradients/graph_14fc3.weight": {"_type": "histogram", "values": [1.0, 0.0, 1.0, 2.0, 1.0, 0.0, 3.0, 1.0, 0.0, 2.0, 3.0, 1.0, 3.0, 1.0, 0.0, 1.0, 6.0, 1.0, 6.0, 6.0, 10.0, 11.0, 6.0, 7.0, 17.0, 16.0, 17.0, 18.0, 25.0, 33.0, 27.0, 38.0, 56.0, 47.0, 52.0, 42.0, 33.0, 25.0, 18.0, 11.0, 15.0, 8.0, 11.0, 8.0, 8.0, 13.0, 4.0, 1.0, 2.0, 3.0, 3.0, 2.0, 4.0, 0.0, 2.0, 1.0, 3.0, 1.0, 1.0, 0.0, 0.0, 1.0, 0.0, 1.0], "bins": [-0.04269295930862427, -0.041386622935533524, -0.04008028656244278, -0.038773950189352036, -0.03746761381626129, -0.03616127744317055, -0.0348549410700798, -0.03354860097169876, -0.032242268323898315, -0.030935930088162422, -0.029629593715071678, -0.028323255479335785, -0.02701691910624504, -0.025710582733154297, -0.024404246360063553, -0.02309790998697281, -0.021791573613882065, -0.02048523724079132, -0.019178900867700577, -0.017872564494609833, -0.01656622812151909, -0.015259889885783195, -0.013953553512692451, -0.012647217139601707, -0.011340878903865814, -0.01003454253077507, -0.008728206157684326, -0.007421869784593582, -0.006115533411502838, -0.004809197038412094, -0.00350286066532135, -0.002196524292230606, -0.0008901916444301605, 0.0004161447286605835, 0.0017224811017513275, 0.0030288174748420715, 0.0043351538479328156, 0.00564149022102356, 0.006947826594114304, 0.008254162967205048, 0.009560499340295792, 0.010866837576031685, 0.012173173949122429, 0.013479510322213173, 0.014785848557949066, 0.01609218493103981, 0.017398521304130554, 0.018704857677221298, 0.020011194050312042, 0.021317530423402786, 0.02262386679649353, 0.023930203169584274, 0.02523653954267502, 0.026542875915765762, 0.027849214151501656, 0.0291555505245924, 0.030461886897683144, 0.03176822513341904, 0.03307455778121948, 0.034380897879600525, 0.03568723425269127, 0.03699357062578201, 0.03829990699887276, 0.0396062433719635, 0.040912579745054245]}, "gradients/graph_14fc2.bias": {"_type": "histogram", "values": [2.0, 0.0, 0.0, 0.0, 0.0, 0.0, 0.0, 0.0, 0.0, 1.0, 0.0, 1.0, 2.0, 0.0, 2.0, 0.0, 2.0, 0.0, 4.0, 3.0, 1.0, 2.0, 1.0, 1.0, 1.0, 3.0, 3.0, 2.0, 2.0, 1.0, 4.0, 0.0, 1.0, 4.0, 0.0, 1.0, 1.0, 1.0, 1.0, 1.0, 1.0, 3.0, 2.0, 2.0, 0.0, 1.0, 2.0, 1.0, 0.0, 0.0, 2.0, 0.0, 1.0, 0.0, 0.0, 0.0, 0.0, 0.0, 0.0, 0.0, 0.0, 0.0, 0.0, 1.0], "bins": [-0.014809215441346169, -0.01427275687456131, -0.013736298307776451, -0.013199839740991592, -0.012663381174206734, -0.012126922607421875, -0.011590463109314442, -0.011054004542529583, -0.010517545975744724, -0.009981087408959866, -0.009444628842175007, -0.008908169344067574, -0.008371710777282715, -0.007835252210497856, -0.0072987936437129974, -0.006762335076928139, -0.00622587651014328, -0.005689417943358421, -0.005152959376573563, -0.004616500809788704, -0.004080042243003845, -0.003543582744896412, -0.003007124178111553, -0.0024706656113266945, -0.0019342070445418358, -0.001397748477756977, -0.0008612899109721184, -0.0003248313441872597, 0.00021162815392017365, 0.0007480867207050323, 0.001284545287489891, 0.0018210038542747498, 0.0023574605584144592, 0.002893919125199318, 0.0034303776919841766, 0.003966836258769035, 0.004503294825553894, 0.005039754323661327, 0.005576212890446186, 0.006112671457231045, 0.0066491300240159035, 0.007185588590800762, 0.007722047157585621, 0.00825850572437048, 0.008794965222477913, 0.009331423789262772, 0.00986788235604763, 0.010404340922832489, 0.010940799489617348, 0.011477258056402206, 0.012013716623187065, 0.012550175189971924, 0.013086633756756783, 0.013623092323541641, 0.014159551821649075, 0.014696010388433933, 0.015232468955218792, 0.015768926590681076, 0.016305387020111084, 0.016841845586895943, 0.0173783041536808, 0.01791476272046566, 0.01845122128725052, 0.018987679854035378, 0.019524138420820236]}, "gradients/graph_14fc2.weight": {"_type": "histogram", "values": [1.0, 0.0, 0.0, 0.0, 0.0, 0.0, 0.0, 1.0, 1.0, 0.0, 1.0, 3.0, 2.0, 2.0, 1.0, 2.0, 4.0, 8.0, 1.0, 9.0, 11.0, 14.0, 21.0, 28.0, 22.0, 50.0, 60.0, 89.0, 127.0, 153.0, 229.0, 290.0, 481.0, 820.0, 3161.0, 763.0, 473.0, 312.0, 246.0, 203.0, 140.0, 99.0, 82.0, 54.0, 42.0, 53.0, 30.0, 28.0, 23.0, 6.0, 10.0, 7.0, 4.0, 5.0, 4.0, 1.0, 2.0, 5.0, 2.0, 1.0, 2.0, 2.0, 0.0, 1.0], "bins": [-0.04692234471440315, -0.04555946961045265, -0.04419659078121185, -0.04283371567726135, -0.04147084057331085, -0.04010796546936035, -0.03874508664011955, -0.03738221153616905, -0.03601933643221855, -0.03465645760297775, -0.03329358249902725, -0.03193070739507675, -0.030567830428481102, -0.0292049553245306, -0.027842078357934952, -0.02647920325398445, -0.0251163262873888, -0.023753449320793152, -0.02239057421684265, -0.021027697250247, -0.0196648221462965, -0.01830194517970085, -0.01693907007575035, -0.01557619497179985, -0.014213316142559052, -0.012850441038608551, -0.01148756593465805, -0.010124687105417252, -0.008761812001466751, -0.007398936897516251, -0.00603606179356575, -0.004673182964324951, -0.0033103078603744507, -0.0019474327564239502, -0.0005845539271831512, 0.0007783211767673492, 0.0021411962807178497, 0.0035040713846683502, 0.004866950213909149, 0.00622982531785965, 0.00759270042181015, 0.008955579251050949, 0.01031845435500145, 0.01168132945895195, 0.0130442064255476, 0.0144070815294981, 0.01576995849609375, 0.01713283360004425, 0.0184957105666399, 0.01985858753323555, 0.02122146263718605, 0.0225843396037817, 0.0239472147077322, 0.02531009167432785, 0.02667296677827835, 0.028035843744874, 0.02939872071146965, 0.03076159581542015, 0.03212447091937065, 0.03348734974861145, 0.03485022485256195, 0.03621309995651245, 0.03757597506046295, 0.03893885388970375, 0.04030172899365425]}, "gradients/graph_14fc1.bias": {"_type": "histogram", "values": [1.0, 1.0, 0.0, 0.0, 1.0, 1.0, 1.0, 0.0, 0.0, 3.0, 2.0, 0.0, 5.0, 0.0, 0.0, 1.0, 1.0, 1.0, 4.0, 3.0, 2.0, 3.0, 4.0, 4.0, 2.0, 6.0, 5.0, 22.0, 10.0, 7.0, 3.0, 5.0, 2.0, 4.0, 1.0, 1.0, 1.0, 4.0, 4.0, 2.0, 2.0, 2.0, 0.0, 1.0, 0.0, 0.0, 1.0, 0.0, 0.0, 1.0, 1.0, 0.0, 0.0, 1.0, 1.0, 0.0, 0.0, 0.0, 0.0, 0.0, 0.0, 0.0, 0.0, 1.0],