{"accuracy": 0.29885284810126583, "epoch": 3, "_timestamp": 1699285909.6257367, "_runtime": 0.692375659942627, "_step": 0, "_wandb": {"runtime": 0}}