{"epoch": 49, "accuracy": 0.4087, "_timestamp": 1699906238.0547252, "_runtime": 287.881854057312, "_step": 49, "_wandb": {"runtime": 286}}