{"epoch": 69, "acc_train": 0.3569, "train_loss": 1.7894723415374756, "acc_val": 0.3116, "loss_val": 1.9662386178970337, "_timestamp": 1699928369.692341, "_runtime": 191.70696115493774, "_step": 139, "global_step": 69, "Learning rate": 0.0010000000474974513, "Batch size": 64.0, "Train/Accuracy": 0.35690000653266907, "Train/Loss": 1.7894723415374756, "Val/Accuracy": 0.311599999666214, "Val/Loss": 1.9662386178970337, "Model/Norm": 70.65079498291016, "_wandb": {"runtime": 190}}