{"accuracy": 0.16257911392405064, "epoch": 4, "_timestamp": 1699284738.0147853, "_runtime": 0.7017683982849121, "_step": 0, "_wandb": {"runtime": 0}}