{"accuracy": 0.32772943037974683, "epoch": 2, "_timestamp": 1699285452.0781379, "_runtime": 0.7510449886322021, "_step": 0, "_wandb": {"runtime": 0}}