{"global_step": 49, "_timestamp": 1699791719.2396767, "Learning rate": 0.08823687583208084, "Batch size": 128.0, "Train/Accuracy": 0.350600004196167, "Train/Loss": 1.8273142576217651, "Val/Accuracy": 0.2996000051498413, "Val/Loss": 1.9898484945297241, "Model/Norm": 26.949291229248047, "_runtime": 80.49069881439209, "_step": 49, "_wandb": {"runtime": 78}}