{"accuracy": 0.09889240506329114, "epoch": 2, "_timestamp": 1699283095.8651435, "_runtime": 1.0383646488189697, "_step": 0, "_wandb": {"runtime": 0}}