{"training_loss": 1240.4270638227463, "training_accuracy": 0.4373, "validation_loss": 68.32174324989319, "validation_accuracy": 0.393, "_timestamp": 1699902595.6794739, "_runtime": 143.14892387390137, "_step": 24, "gradients/fc4.bias": {"_type": "histogram", "values": [1.0, 0.0, 0.0, 0.0, 0.0, 0.0, 0.0, 0.0, 0.0, 0.0, 0.0, 0.0, 0.0, 0.0, 0.0, 0.0, 0.0, 0.0, 0.0, 0.0, 0.0, 0.0, 0.0, 0.0, 0.0, 0.0, 0.0, 0.0, 0.0, 0.0, 2.0, 0.0, 1.0, 0.0, 0.0, 0.0, 0.0, 0.0, 0.0, 0.0, 0.0, 0.0, 0.0, 0.0, 0.0, 1.0, 1.0, 0.0, 0.0, 0.0, 2.0, 0.0, 0.0, 0.0, 0.0, 0.0, 0.0, 0.0, 0.0, 0.0, 1.0, 0.0, 0.0, 1.0], "bins": [-0.10150621831417084, -0.0990321934223175, -0.09655817598104477, -0.09408415108919144, -0.0916101336479187, -0.08913610875606537, -0.08666208386421204, -0.0841880664229393, -0.08171404153108597, -0.07924001663923264, -0.0767659991979599, -0.07429197430610657, -0.07181794941425323, -0.0693439319729805, -0.06686990708112717, -0.06439588963985443, -0.0619218647480011, -0.059447843581438065, -0.05697382241487503, -0.0544997975230217, -0.052025776356458664, -0.04955175518989563, -0.0470777302980423, -0.04460370913147926, -0.04212968796491623, -0.039655666798353195, -0.03718164563179016, -0.03470762073993683, -0.032233599573373795, -0.02975957840681076, -0.027285555377602577, -0.024811532348394394, -0.02233751118183136, -0.019863490015268326, -0.017389466986060143, -0.014915444888174534, -0.012441422790288925, -0.009967400692403316, -0.007493378594517708, -0.005019356496632099, -0.0025453343987464905, -7.13123008608818e-05, 0.002402709797024727, 0.0048767318949103355, 0.007350753992795944, 0.009824776090681553, 0.012298798188567162, 0.01477282028645277, 0.01724684238433838, 0.019720863550901413, 0.022194886580109596, 0.02466890960931778, 0.027142930775880814, 0.029616951942443848, 0.03209097683429718, 0.034564998000860214, 0.03703901916742325, 0.03951304033398628, 0.041987061500549316, 0.04446108639240265, 0.04693510755896568, 0.04940912872552872, 0.05188315361738205, 0.054357174783945084, 0.05683119595050812]}, "gradients/fc4.weight": {"_type": "histogram", "values": [1.0, 0.0, 0.0, 0.0, 0.0, 0.0, 0.0, 1.0, 0.0, 1.0, 1.0, 2.0, 0.0, 0.0, 1.0, 0.0, 0.0, 0.0, 0.0, 2.0, 1.0, 1.0, 1.0, 3.0, 0.0, 1.0, 3.0, 0.0, 1.0, 3.0, 1.0, 3.0, 5.0, 4.0, 6.0, 6.0, 7.0, 12.0, 15.0, 16.0, 23.0, 64.0, 257.0, 46.0, 31.0, 15.0, 19.0, 24.0, 11.0, 10.0, 15.0, 8.0, 2.0, 4.0, 2.0, 5.0, 1.0, 3.0, 1.0, 0.0, 0.0, 0.0, 0.0, 1.0], "bins": [-1.12008798122406, -1.0935709476470947, -1.0670539140701294, -1.040536880493164, -1.0140198469161987, -0.9875028729438782, -0.9609858393669128, -0.9344688057899475, -0.9079517722129822, -0.8814347386360168, -0.8549177646636963, -0.828400731086731, -0.8018836975097656, -0.7753666639328003, -0.748849630355835, -0.7223325967788696, -0.6958155632019043, -0.6692985892295837, -0.6427815556526184, -0.6162645220756531, -0.5897474884986877, -0.5632304549217224, -0.5367134213447571, -0.5101964473724365, -0.4836794137954712, -0.45716238021850586, -0.4306453466415405, -0.4041283130645752, -0.37761130928993225, -0.3510942757129669, -0.3245772421360016, -0.29806023836135864, -0.2715432047843933, -0.24502618610858917, -0.21850915253162384, -0.1919921338558197, -0.16547510027885437, -0.13895808160305023, -0.1124410629272461, -0.08592403680086136, -0.059407010674476624, -0.03288998454809189, -0.006372962146997452, 0.020144062116742134, 0.04666108638048172, 0.07317811250686646, 0.0996951311826706, 0.12621216475963593, 0.15272918343544006, 0.1792462021112442, 0.20576323568820953, 0.23228025436401367, 0.258797287940979, 0.28531429171562195, 0.3118313252925873, 0.3383483588695526, 0.36486536264419556, 0.3913823962211609, 0.4178994297981262, 0.44441646337509155, 0.4709334671497345, 0.49745050072669983, 0.5239675045013428, 0.5504845380783081, 0.5770015716552734]}, "gradients/fc3.bias": {"_type": "histogram", "values": [1.0, 0.0, 0.0, 0.0, 0.0, 0.0, 0.0, 0.0, 0.0, 0.0, 0.0, 0.0, 1.0, 0.0, 0.0, 0.0, 1.0, 1.0, 1.0, 0.0, 0.0, 2.0, 2.0, 1.0, 2.0, 1.0, 1.0, 2.0, 1.0, 3.0, 10.0, 6.0, 8.0, 2.0, 1.0, 3.0, 0.0, 2.0, 1.0, 1.0, 1.0, 1.0, 2.0, 0.0, 1.0, 2.0, 1.0, 0.0, 0.0, 0.0, 0.0, 0.0, 0.0, 0.0, 0.0, 0.0, 0.0, 1.0, 0.0, 0.0, 0.0, 0.0, 0.0, 1.0], "bins": [-0.0270673967897892, -0.026220103725790977, -0.025372810661792755, -0.024525517597794533, -0.02367822453379631, -0.022830931469798088, -0.021983638405799866, -0.021136345341801643, -0.02028905227780342, -0.0194417592138052, -0.018594466149806976, -0.017747173085808754, -0.01689988002181053, -0.01605258695781231, -0.015205292962491512, -0.01435799989849329, -0.013510706834495068, -0.012663413770496845, -0.011816120706498623, -0.0109688276425004, -0.010121534578502178, -0.009274241514503956, -0.008426948450505733, -0.007579654920846224, -0.0067323618568480015, -0.005885068792849779, -0.005037775728851557, -0.004190482664853334, -0.0033431893680244684, -0.002495896304026246, -0.001648603123612702, -0.0008013100014068186, 4.5983120799064636e-05, 0.0008932762430049479, 0.0017405693652108312, 0.0025878625456243753, 0.0034351556096225977, 0.004282448906451464, 0.005129741970449686, 0.005977035034447908, 0.006824328098446131, 0.007671621162444353, 0.008518914692103863, 0.009366207756102085, 0.010213500820100307, 0.01106079388409853, 0.011908086948096752, 0.012755380012094975, 0.013602673076093197, 0.01444996614009142, 0.015297259204089642, 0.01614455319941044, 0.01699184626340866, 0.017839139327406883, 0.018686432391405106, 0.019533725455403328, 0.02038101851940155, 0.021228311583399773, 0.022075604647397995, 0.022922897711396217, 0.02377019077539444, 0.024617483839392662, 0.025464776903390884, 0.026312069967389107, 0.02715936303138733]}, "gradients/fc3.weight": {"_type": "histogram", "values": [1.0, 0.0, 0.0, 1.0, 0.0, 0.0, 1.0, 0.0, 3.0, 0.0, 2.0, 0.0, 1.0, 0.0, 2.0, 1.0, 1.0, 4.0, 6.0, 9.0, 8.0, 7.0, 15.0, 14.0, 31.0, 25.0, 39.0, 68.0, 89.0, 132.0, 286.0, 1062.0, 5579.0, 287.0, 175.0, 87.0, 64.0, 47.0, 29.0, 25.0, 12.0, 20.0, 14.0, 9.0, 9.0, 5.0, 4.0, 4.0, 1.0, 1.0, 1.0, 3.0, 1.0, 1.0, 2.0, 0.0, 1.0, 1.0, 0.0, 0.0, 0.0, 0.0, 0.0, 2.0], "bins": [-0.9155095219612122, -0.8870272636413574, -0.8585450649261475, -0.8300628066062927, -0.8015806078910828, -0.773098349571228, -0.7446161508560181, -0.7161338925361633, -0.6876516342163086, -0.6591694355010986, -0.6306871771812439, -0.6022049784660339, -0.5737227201461792, -0.5452405214309692, -0.5167582631111145, -0.48827603459358215, -0.4597938060760498, -0.43131157755851746, -0.4028293490409851, -0.37434712052345276, -0.3458648920059204, -0.3173826336860657, -0.2889004051685333, -0.260418176651001, -0.23193594813346863, -0.20345371961593628, -0.17497149109840393, -0.1464892476797104, -0.11800701916217804, -0.08952479064464569, -0.061042554676532745, -0.0325603224337101, -0.004078090190887451, 0.024404142051935196, 0.05288637429475784, 0.08136861026287079, 0.10985083878040314, 0.13833306729793549, 0.16681531071662903, 0.19529753923416138, 0.22377976775169373, 0.2522619962692261, 0.2807442247867584, 0.30922645330429077, 0.3377087116241455, 0.36619094014167786, 0.3946731686592102, 0.42315539717674255, 0.4516376256942749, 0.48011985421180725, 0.5086020827293396, 0.5370843410491943, 0.5655665397644043, 0.594048798084259, 0.622530996799469, 0.6510132551193237, 0.6794954538345337, 0.7079777121543884, 0.7364599704742432, 0.7649421691894531, 0.7934244275093079, 0.8219066262245178, 0.8503888845443726, 0.8788710832595825, 0.9073533415794373]}, "gradients/fc2.bias": {"_type": "histogram", "values": [1.0, 0.0, 0.0, 0.0, 0.0, 0.0, 0.0, 0.0, 0.0, 0.0, 0.0, 0.0, 0.0, 0.0, 0.0, 0.0, 2.0, 1.0, 0.0, 0.0, 1.0, 0.0, 0.0, 0.0, 2.0, 0.0, 1.0, 1.0, 0.0, 0.0, 1.0, 2.0, 3.0, 4.0, 4.0, 4.0, 3.0, 9.0, 42.0, 12.0, 11.0, 4.0, 3.0, 1.0, 0.0, 0.0, 1.0, 2.0, 1.0, 2.0, 2.0, 0.0, 1.0, 1.0, 1.0, 0.0, 0.0, 1.0, 1.0, 1.0, 0.0, 1.0, 0.0, 1.0],