{"Val Accuracy/Epoch": 0.4246, "Val Loss/Epoch": 32.52854919433594, "_timestamp": 1699910800.305959, "_runtime": 12.535239934921265, "_step": 49, "gradients/graph_2fc3.bias": {"_type": "histogram", "values": [1.0, 0.0, 0.0, 0.0, 0.0, 0.0, 0.0, 0.0, 0.0, 1.0, 0.0, 1.0, 2.0, 0.0, 0.0, 0.0, 0.0, 0.0, 0.0, 1.0, 0.0, 0.0, 0.0, 0.0, 0.0, 0.0, 0.0, 0.0, 0.0, 0.0, 0.0, 0.0, 0.0, 1.0, 1.0, 0.0, 0.0, 0.0, 0.0, 0.0, 0.0, 0.0, 0.0, 0.0, 1.0, 0.0, 0.0, 0.0, 0.0, 0.0, 0.0, 0.0, 0.0, 0.0, 0.0, 0.0, 0.0, 0.0, 0.0, 0.0, 0.0, 0.0, 0.0, 1.0], "bins": [-0.0637962743639946, -0.06115984171628952, -0.05852341279387474, -0.05588698014616966, -0.05325055122375488, -0.050614118576049805, -0.04797768592834473, -0.04534125328063965, -0.04270482435822487, -0.04006839543581009, -0.03743196278810501, -0.03479553014039993, -0.032159097492694855, -0.029522668570280075, -0.026886235922574997, -0.024249807000160217, -0.02161337435245514, -0.01897694170475006, -0.01634051278233528, -0.013704080134630203, -0.011067651212215424, -0.008431218564510345, -0.005794785916805267, -0.0031583569943904877, -0.0005219206213951111, 0.00211450457572937, 0.004750937223434448, 0.007387369871139526, 0.010023802518844604, 0.012660235166549683, 0.015296660363674164, 0.017933093011379242, 0.02056952565908432, 0.023205958306789398, 0.025842390954494476, 0.028478816151618958, 0.031115248799324036, 0.033751681447029114, 0.03638811409473419, 0.03902454674243927, 0.04166097193956375, 0.04429740831255913, 0.04693383723497391, 0.049570269882678986, 0.052206702530384064, 0.05484313145279884, 0.05747956410050392, 0.0601159930229187, 0.06275242567062378, 0.06538885831832886, 0.06802529096603394, 0.07066172361373901, 0.0732981488108635, 0.07593458145856857, 0.07857101410627365, 0.08120744675397873, 0.08384387195110321, 0.08648030459880829, 0.08911673724651337, 0.09175316989421844, 0.09438960254192352, 0.0970260351896286, 0.09966246038675308, 0.10229889303445816, 0.10493532568216324]}, "gradients/graph_2fc3.weight": {"_type": "histogram", "values": [1.0, 0.0, 1.0, 0.0, 0.0, 1.0, 1.0, 2.0, 1.0, 3.0, 3.0, 3.0, 6.0, 9.0, 11.0, 7.0, 18.0, 19.0, 30.0, 38.0, 36.0, 48.0, 54.0, 78.0, 62.0, 44.0, 43.0, 25.0, 26.0, 18.0, 16.0, 4.0, 6.0, 2.0, 6.0, 2.0, 1.0, 4.0, 0.0, 3.0, 1.0, 0.0, 1.0, 0.0, 1.0, 0.0, 0.0, 1.0, 0.0, 1.0, 0.0, 0.0, 1.0, 0.0, 0.0, 0.0, 1.0, 0.0, 0.0, 0.0, 0.0, 0.0, 0.0, 1.0], "bins": [-0.07819698005914688, -0.07484590262174606, -0.07149482518434525, -0.06814374774694443, -0.06479267030954361, -0.06144159287214279, -0.058090511709451675, -0.05473943427205086, -0.05138835683465004, -0.04803727939724922, -0.044686201959848404, -0.041335124522447586, -0.03798404335975647, -0.03463296592235565, -0.031281888484954834, -0.027930811047554016, -0.024579733610153198, -0.02122865617275238, -0.017877578735351562, -0.014526501297950745, -0.011175423860549927, -0.007824346423149109, -0.004473268985748291, -0.0011221915483474731, 0.0022288933396339417, 0.0055799707770347595, 0.008931048214435577, 0.012282125651836395, 0.015633203089237213, 0.01898428052663803, 0.02233535796403885, 0.025686435401439667, 0.02903752028942108, 0.0323885977268219, 0.03573967516422272, 0.039090752601623535, 0.04244183003902435, 0.04579290747642517, 0.04914398491382599, 0.05249506235122681, 0.055846139788627625, 0.05919722467660904, 0.06254830211400986, 0.06589937955141068, 0.06925045698881149, 0.07260153442621231, 0.07595261186361313, 0.07930368930101395, 0.08265476673841476, 0.08600584417581558, 0.0893569216132164, 0.09270799905061722, 0.09605907648801804, 0.09941016137599945, 0.10276123881340027, 0.10611231625080109, 0.1094633936882019, 0.11281447112560272, 0.11616554856300354, 0.11951662600040436, 0.12286770343780518, 0.126218780875206, 0.1295698583126068, 0.13292093575000763, 0.13627201318740845]}, "gradients/graph_2fc2.bias": {"_type": "histogram", "values": [1.0, 1.0, 0.0, 1.0, 0.0, 1.0, 3.0, 0.0, 1.0, 2.0, 1.0, 2.0, 3.0, 1.0, 4.0, 1.0, 4.0, 0.0, 6.0, 1.0, 3.0, 5.0, 2.0, 1.0, 0.0, 3.0, 2.0, 3.0, 1.0, 1.0, 0.0, 0.0, 0.0, 0.0, 0.0, 0.0, 2.0, 0.0, 0.0, 2.0, 1.0, 1.0, 0.0, 1.0, 0.0, 0.0, 0.0, 1.0, 0.0, 0.0, 1.0, 0.0, 0.0, 0.0, 0.0, 0.0, 0.0, 0.0, 0.0, 0.0, 0.0, 0.0, 0.0, 1.0], "bins": [-0.0437912754714489, -0.04151076078414917, -0.03923024237155914, -0.036949727684259415, -0.034669212996959686, -0.03238869458436966, -0.03010817989706993, -0.027827663347125053, -0.025547146797180176, -0.023266630247235298, -0.02098611369729042, -0.018705599009990692, -0.016425082460045815, -0.014144565910100937, -0.011864051222801208, -0.009583532810211182, -0.007303018122911453, -0.005022503435611725, -0.002741985023021698, -0.0004614703357219696, 0.0018190480768680573, 0.004099562764167786, 0.006380077451467514, 0.008660595864057541, 0.01094111055135727, 0.013221625238656998, 0.015502143651247025, 0.017782658338546753, 0.02006317302584648, 0.022343691438436508, 0.024624209851026535, 0.026904720813035965, 0.02918524295091629, 0.03146576136350632, 0.03374627232551575, 0.036026790738105774, 0.0383073091506958, 0.04058782383799553, 0.04286833852529526, 0.045148856937885284, 0.04742937162518501, 0.04970988631248474, 0.05199040472507477, 0.054270919412374496, 0.056551434099674225, 0.05883195251226425, 0.06111246719956398, 0.06339298188686371, 0.06567350029945374, 0.06795401871204376, 0.07023453712463379, 0.07251504808664322, 0.07479556649923325, 0.07707607746124268, 0.0793565958738327, 0.08163711428642273, 0.08391763269901276, 0.08619814366102219, 0.08847866207361221, 0.09075917303562164, 0.09303969144821167, 0.0953202098608017, 0.09760072827339172, 0.09988123923540115, 0.10216175764799118]}, "gradients/graph_2fc2.weight": {"_type": "histogram", "values": [3.0, 1.0, 2.0, 1.0, 6.0, 3.0, 4.0, 12.0, 20.0, 23.0, 29.0, 51.0, 68.0, 102.0, 151.0, 227.0, 350.0, 593.0, 1249.0, 2991.0, 776.0, 447.0, 273.0, 190.0, 141.0, 115.0, 82.0, 58.0, 42.0, 25.0, 30.0, 23.0, 21.0, 14.0, 9.0, 9.0, 12.0, 9.0, 3.0, 4.0, 5.0, 1.0, 2.0, 1.0, 3.0, 1.0, 2.0, 1.0, 1.0, 0.0, 0.0, 2.0, 0.0, 1.0, 0.0, 0.0, 2.0, 0.0, 0.0, 0.0, 0.0, 0.0, 0.0, 1.0], "bins": [-0.06336341798305511, -0.060065168887376785, -0.05676691606640816, -0.05346866697072983, -0.0501704178750515, -0.04687216877937317, -0.04357391595840454, -0.04027566686272621, -0.03697741776704788, -0.033679164946079254, -0.030380915850400925, -0.027082666754722595, -0.023784413933753967, -0.020486164838075638, -0.01718791574239731, -0.01388966292142868, -0.010591413825750351, -0.0072931647300720215, -0.0039949119091033936, -0.0006966665387153625, 0.0026015862822532654, 0.005899839103221893, 0.009198084473609924, 0.012496337294578552, 0.01579459011554718, 0.01909283548593521, 0.02239108830690384, 0.025689341127872467, 0.028987586498260498, 0.032285839319229126, 0.035584092140197754, 0.038882337510585785, 0.04218059033155441, 0.04547884315252304, 0.04877708852291107, 0.0520753413438797, 0.05537359416484833, 0.05867183953523636, 0.06197009235620499, 0.06526834517717361, 0.06856659054756165, 0.07186484336853027, 0.0751630961894989, 0.07846134155988693, 0.08175959438085556, 0.08505784720182419, 0.08835609257221222, 0.09165434539318085, 0.09495259821414948, 0.0982508435845375, 0.10154909640550613, 0.10484734177589417, 0.10814559459686279, 0.11144384741783142, 0.11474210023880005, 0.11804034560918808, 0.12133859843015671, 0.12463684380054474, 0.12793509662151337, 0.131233349442482, 0.13453160226345062, 0.13782984018325806, 0.14112809300422668, 0.1444263458251953, 0.14772459864616394]}, "gradients/graph_2fc1.bias": {"_type": "histogram", "values": [1.0, 1.0, 0.0, 0.0, 1.0, 1.0, 2.0, 2.0, 1.0, 0.0, 1.0, 2.0, 4.0, 4.0, 4.0, 1.0, 5.0, 5.0, 2.0, 2.0, 2.0, 5.0, 4.0, 2.0, 3.0, 4.0, 4.0, 16.0, 2.0, 6.0, 3.0, 5.0, 3.0, 2.0, 0.0, 2.0, 2.0, 2.0, 2.0, 1.0, 2.0, 1.0, 1.0, 2.0, 2.0, 2.0, 1.0, 1.0, 0.0, 1.0, 0.0, 0.0, 0.0, 1.0, 1.0, 1.0, 0.0, 0.0, 1.0, 1.0, 0.0, 0.0, 0.0, 1.0],