{"accuracy": 0.17138053797468356, "epoch": 3, "_timestamp": 1699283636.6618092, "_runtime": 0.6974241733551025, "_step": 0, "_wandb": {"runtime": 0}}