{"accuracy": 0.22923259493670886, "epoch": 1, "_timestamp": 1699284972.0363486, "_runtime": 0.741755485534668, "_step": 0, "_wandb": {"runtime": 0}}