{"epoch": 29, "acc_train": 0.3573, "train_loss": 1.8143346309661865, "acc_val": 0.3133, "loss_val": 1.9259995222091675, "_timestamp": 1699934594.3035927, "_runtime": 144.23790979385376, "_step": 59, "global_step": 29, "Learning rate": 0.009999999776482582, "Batch size": 64.0, "Train/Accuracy": 0.3573000133037567, "Train/Loss": 1.8143346309661865, "Val/Accuracy": 0.3133000135421753, "Val/Loss": 1.9259995222091675, "Model/Norm": 28.97314453125, "_wandb": {"runtime": 143}}