{"acc": 0.4163, "acc_val": 0.4336, "_timestamp": 1699285032.7981455, "_runtime": 277.4619824886322, "_step": 103, "_wandb": {"runtime": 276}}