{"epoch": 69, "acc_train": 0.1012, "train_loss": 2.3064517974853516, "acc_val": 0.1, "loss_val": 2.303771495819092, "_timestamp": 1699922085.4472268, "_runtime": 78.04218864440918, "_step": 139, "global_step": 69, "Learning rate": 0.10000000149011612, "Batch size": 256.0, "Train/Accuracy": 0.10119999945163727, "Train/Loss": 2.3064517974853516, "Val/Accuracy": 0.10000000149011612, "Val/Loss": 2.303771495819092, "Model/Norm": 191.3120880126953, "_wandb": {"runtime": 76}}