{"gradients/fc4.bias": {"_type": "histogram", "values": [1.0, 0.0, 0.0, 0.0, 0.0, 0.0, 0.0, 0.0, 0.0, 0.0, 0.0, 0.0, 0.0, 1.0, 0.0, 0.0, 0.0, 0.0, 0.0, 0.0, 0.0, 0.0, 1.0, 0.0, 1.0, 0.0, 0.0, 1.0, 0.0, 0.0, 0.0, 0.0, 0.0, 1.0, 0.0, 0.0, 0.0, 0.0, 0.0, 0.0, 0.0, 0.0, 0.0, 0.0, 0.0, 0.0, 1.0, 0.0, 0.0, 0.0, 0.0, 0.0, 0.0, 0.0, 0.0, 0.0, 0.0, 0.0, 0.0, 1.0, 0.0, 0.0, 0.0, 2.0], "bins": [-0.15895390510559082, -0.15445561707019806, -0.1499573290348053, -0.14545904099941254, -0.14096076786518097, -0.1364624798297882, -0.13196419179439545, -0.12746590375900269, -0.12296761572360992, -0.11846933513879776, -0.113971047103405, -0.10947275906801224, -0.10497447848320007, -0.10047619044780731, -0.09597790241241455, -0.09147962182760239, -0.08698133379220963, -0.08248304575681686, -0.0779847651720047, -0.07348647713661194, -0.06898818910121918, -0.06448990851640701, -0.05999162048101425, -0.05549333244562149, -0.05099504813551903, -0.046496763825416565, -0.041998475790023804, -0.03750019147992134, -0.03300190716981888, -0.028503619134426117, -0.024005334824323654, -0.019507048651576042, -0.01500876247882843, -0.010510476306080818, -0.006012191064655781, -0.001513905357569456, 0.0029843803495168686, 0.007482666056603193, 0.011980951763689518, 0.016479237005114555, 0.020977523177862167, 0.02547580935060978, 0.02997409552335739, 0.034472379833459854, 0.03897066414356232, 0.04346895217895508, 0.04796723648905754, 0.0524655245244503, 0.056963808834552765, 0.06146209314465523, 0.06596037745475769, 0.07045866549015045, 0.07495695352554321, 0.07945523411035538, 0.08395352214574814, 0.0884518101811409, 0.09295009076595306, 0.09744837880134583, 0.10194666683673859, 0.10644495487213135, 0.11094323545694351, 0.11544152349233627, 0.11993981152772903, 0.1244380921125412, 0.12893638014793396]}, "_timestamp": 1699912972.2811975, "gradients/fc4.weight": {"_type": "histogram", "values": [1.0, 0.0, 2.0, 0.0, 0.0, 2.0, 0.0, 0.0, 3.0, 0.0, 4.0, 5.0, 5.0, 3.0, 7.0, 9.0, 6.0, 15.0, 9.0, 11.0, 15.0, 20.0, 21.0, 18.0, 24.0, 18.0, 25.0, 17.0, 13.0, 11.0, 29.0, 36.0, 37.0, 24.0, 22.0, 34.0, 31.0, 24.0, 24.0, 16.0, 18.0, 14.0, 12.0, 12.0, 10.0, 9.0, 2.0, 3.0, 4.0, 6.0, 2.0, 2.0, 1.0, 0.0, 0.0, 0.0, 1.0, 1.0, 0.0, 1.0, 0.0, 0.0, 0.0, 1.0], "bins": [-0.13500939309597015, -0.1306287795305252, -0.12624816596508026, -0.12186754494905472, -0.11748692393302917, -0.11310631036758423, -0.10872569680213928, -0.10434507578611374, -0.09996446222066879, -0.09558384865522385, -0.0912032276391983, -0.08682261407375336, -0.08244200050830841, -0.07806137949228287, -0.07368076592683792, -0.06930014491081238, -0.06491953134536743, -0.06053891405463219, -0.05615829676389694, -0.051777683198451996, -0.04739706590771675, -0.043016448616981506, -0.03863583505153656, -0.034255217760801315, -0.02987460047006607, -0.025493983179330826, -0.02111336775124073, -0.016732752323150635, -0.01235213503241539, -0.00797151867300272, -0.0035909023135900497, 0.0007897140458226204, 0.005170315504074097, 0.009550931863486767, 0.013931548222899437, 0.018312163650989532, 0.022692780941724777, 0.027073398232460022, 0.03145401179790497, 0.03583462908864021, 0.04021524637937546, 0.0445958636701107, 0.04897648096084595, 0.053357094526290894, 0.05773771181702614, 0.06211832910776138, 0.06649894267320633, 0.07087956368923187, 0.07526017725467682, 0.07964079082012177, 0.08402141183614731, 0.08840202540159225, 0.0927826464176178, 0.09716325998306274, 0.10154387354850769, 0.10592449456453323, 0.11030510812997818, 0.11468572169542313, 0.11906634271144867, 0.12344695627689362, 0.12782756984233856, 0.1322081834077835, 0.13658881187438965, 0.1409694254398346, 0.14535003900527954]}, "gradients/fc3.bias": {"_type": "histogram", "values": [1.0, 0.0, 0.0, 1.0, 0.0, 0.0, 0.0, 1.0, 0.0, 0.0, 0.0, 1.0, 1.0, 0.0, 1.0, 0.0, 1.0, 3.0, 0.0, 2.0, 2.0, 0.0, 0.0, 1.0, 3.0, 2.0, 2.0, 0.0, 2.0, 1.0, 2.0, 0.0, 2.0, 1.0, 2.0, 1.0, 1.0, 1.0, 5.0, 1.0, 1.0, 5.0, 1.0, 3.0, 2.0, 2.0, 3.0, 0.0, 2.0, 0.0, 2.0, 0.0, 0.0, 0.0, 0.0, 0.0, 1.0, 0.0, 0.0, 0.0, 0.0, 0.0, 0.0, 1.0], "bins": [-0.0020167483016848564, -0.0019647518638521433, -0.0019127553096041083, -0.0018607587553560734, -0.0018087622011080384, -0.0017567657632753253, -0.0017047692090272903, -0.0016527726547792554, -0.0016007761005312204, -0.0015487796626985073, -0.0014967831084504724, -0.0014447865542024374, -0.0013927901163697243, -0.0013407935621216893, -0.0012887970078736544, -0.0012368005700409412, -0.0011848040157929063, -0.0011328074615448713, -0.0010808110237121582, -0.0010288144694641232, -0.0009768179152160883, -0.0009248214191757143, -0.0008728249231353402, -0.0008208283688873053, -0.0007688318728469312, -0.0007168353768065572, -0.0006648388225585222, -0.0006128423265181482, -0.0005608458304777741, -0.0005088492762297392, -0.00045685278018936515, -0.00040485625504516065, -0.00035285972990095615, -0.00030086320475675166, -0.00024886667961254716, -0.00019687018357217312, -0.00014487365842796862, -9.287714055972174e-05, -4.0880622691474855e-05, 1.1115895176772028e-05, 6.311241304501891e-05, 0.0001151089309132658, 0.00016710544878151268, 0.00021910195937380195, 0.00027109848451800644, 0.00032309500966221094, 0.000375091505702585, 0.0004270880308467895, 0.000479084555990994, 0.000531081052031368, 0.000583077606279403, 0.000635074102319777, 0.000687070656567812, 0.000739067152608186, 0.00079106364864856, 0.000843060202896595, 0.000895056698936969, 0.0009470531949773431, 0.000999049749225378, 0.001051046303473413, 0.0011030427413061261, 0.001155039295554161, 0.001207035849802196, 0.0012590322876349092, 0.001311028841882944]}, "gradients/fc3.weight": {"_type": "histogram", "values": [1.0, 1.0, 0.0, 0.0, 0.0, 1.0, 0.0, 0.0, 0.0, 0.0, 0.0, 0.0, 2.0, 0.0, 1.0, 1.0, 1.0, 2.0, 5.0, 2.0, 0.0, 1.0, 2.0, 3.0, 3.0, 6.0, 3.0, 4.0, 10.0, 14.0, 10.0, 11.0, 15.0, 34.0, 42.0, 48.0, 87.0, 127.0, 205.0, 405.0, 1990.0, 4595.0, 295.0, 104.0, 58.0, 40.0, 18.0, 15.0, 10.0, 3.0, 1.0, 7.0, 1.0, 1.0, 4.0, 1.0, 0.0, 0.0, 0.0, 0.0, 1.0, 0.0, 0.0, 1.0], "bins": [-0.15239953994750977, -0.14868484437465668, -0.1449701488018036, -0.1412554532289505, -0.1375407576560974, -0.13382606208324432, -0.13011136651039124, -0.12639667093753815, -0.12268196791410446, -0.11896727234125137, -0.11525257676839828, -0.1115378811955452, -0.10782317817211151, -0.10410848259925842, -0.10039378702640533, -0.09667909145355225, -0.09296439588069916, -0.08924970030784607, -0.08553500473499298, -0.08182030916213989, -0.0781056135892868, -0.07439091056585312, -0.07067621499300003, -0.06696151942014694, -0.06324682384729385, -0.059532128274440765, -0.05581743270158768, -0.05210273340344429, -0.0483880378305912, -0.04467334225773811, -0.04095864295959473, -0.03724394738674164, -0.03352925926446915, -0.02981456369161606, -0.02609986625611782, -0.022385168820619583, -0.018670473247766495, -0.014955776743590832, -0.011241080239415169, -0.007526383735239506, -0.0038116872310638428, -9.699072688817978e-05, 0.003617705777287483, 0.007332402281463146, 0.01104709878563881, 0.014761795289814472, 0.018476491793990135, 0.022191189229488373, 0.02590588480234146, 0.02962058037519455, 0.03333527594804764, 0.037049975246191025, 0.04076467081904411, 0.0444793663918972, 0.04819406569004059, 0.05190876126289368, 0.055623456835746765, 0.059338152408599854, 0.06305284798145294, 0.06676754355430603, 0.07048223912715912, 0.0741969421505928, 0.07791163772344589, 0.08162633329629898, 0.08534102886915207]}, "gradients/fc2.bias": {"_type": "histogram", "values": [1.0, 0.0, 0.0, 1.0, 1.0, 1.0, 0.0, 1.0, 2.0, 3.0, 3.0, 6.0, 8.0, 62.0, 9.0, 4.0, 3.0, 3.0, 3.0, 2.0, 2.0, 1.0, 2.0, 0.0, 2.0, 0.0, 0.0, 1.0, 2.0, 0.0, 0.0, 0.0, 0.0, 0.0, 0.0, 0.0, 0.0, 0.0, 1.0, 0.0, 0.0, 0.0, 0.0, 1.0, 0.0, 0.0, 2.0, 0.0, 0.0, 0.0, 0.0, 0.0, 0.0, 0.0, 0.0, 0.0, 0.0, 0.0, 0.0, 0.0, 0.0, 0.0, 0.0, 1.0],