{"epoch": 69, "acc_train": 0.4445, "train_loss": 1.5817869901657104, "acc_val": 0.3738, "loss_val": 1.7699068784713745, "_timestamp": 1699950417.8796551, "_runtime": 87.19403123855591, "_step": 139, "global_step": 69, "Learning rate": 0.009999999776482582, "Batch size": 256.0, "Train/Accuracy": 0.44449999928474426, "Train/Loss": 1.5817869901657104, "Val/Accuracy": 0.37380000948905945, "Val/Loss": 1.7699068784713745, "Model/Norm": 32.16875457763672, "_wandb": {"runtime": 85}}