{"acc": 0.10044070512820513, "loss": 2.300106585331452, "_timestamp": 1699272829.4447477, "_runtime": 54.22650361061096, "_step": 99, "val_acc": 0.0999, "val_loss": 2.3025762915611265, "_wandb": {"runtime": 53}}