{"accuracy": 0.11570411392405064, "epoch": 18, "_timestamp": 1699282743.1791227, "_runtime": 0.6849455833435059, "_step": 0, "_wandb": {"runtime": 0}}