{"epoch": 59, "accuracy": 0.1001, "_timestamp": 1699920310.0566642, "_runtime": 84.3578531742096, "_step": 59, "_wandb": {"runtime": 82}}