{"accuracy": 0.285996835443038, "epoch": 2, "_timestamp": 1699285158.9503813, "_runtime": 0.6467933654785156, "_step": 0, "_wandb": {"runtime": 0}}