{"accuracy": 0.13380142405063292, "epoch": 1, "_timestamp": 1699282994.3884122, "_runtime": 0.711989164352417, "_step": 0, "_wandb": {"runtime": 0}}