{"accuracy": 0.21469541139240506, "epoch": 0, "_timestamp": 1699284315.2959, "_runtime": 0.7057750225067139, "_step": 0, "_wandb": {"runtime": 0}}