{"accuracy": 0.09889240506329114, "epoch": 2, "_timestamp": 1699285632.401773, "_runtime": 0.6628708839416504, "_step": 0, "_wandb": {"runtime": 0}}