{"acc": 0.9733, "acc_val": 0.5149, "_timestamp": 1699331136.0927112, "_runtime": 33837.07589530945, "_step": 124, "_wandb": {"runtime": 33834}}