{"epoch": 49, "acc_train": 0.381, "train_loss": 1.7387953996658325, "acc_val": 0.3302, "loss_val": 1.898355484008789, "_timestamp": 1699934754.193248, "_runtime": 90.6625120639801, "_step": 99, "global_step": 49, "Learning rate": 0.0010000000474974513, "Batch size": 128.0, "Train/Accuracy": 0.38100001215934753, "Val/Accuracy": 0.3301999866962433, "Train/Loss": 1.7387953996658325, "Val/Loss": 1.898355484008789, "Model/Norm": 42.45081329345703, "_wandb": {"runtime": 89}}