{"epoch": 49, "acc_train": 0.0997, "train_loss": 2.3064370155334473, "acc_val": 0.1, "loss_val": 2.3092992305755615, "_timestamp": 1699926935.4430413, "_runtime": 65.01909637451172, "_step": 99, "global_step": 49, "Learning rate": 0.10000000149011612, "Batch size": 256.0, "Train/Accuracy": 0.09969999641180038, "Val/Accuracy": 0.10000000149011612, "Train/Loss": 2.3064370155334473, "Val/Loss": 2.3092992305755615, "Model/Norm": 200.1011505126953, "_wandb": {"runtime": 63}}