{"epoch": 29, "acc_train": 0.1008, "train_loss": 2.308692693710327, "acc_val": 0.1, "loss_val": 2.3067471981048584, "_timestamp": 1699932825.0848827, "_runtime": 67.84273767471313, "_step": 59, "global_step": 29, "Learning rate": 0.10000000149011612, "Batch size": 128.0, "Train/Accuracy": 0.10080000013113022, "Train/Loss": 2.308692693710327, "Val/Accuracy": 0.10000000149011612, "Val/Loss": 2.3067471981048584, "Model/Norm": 190.4355010986328, "_wandb": {"runtime": 66}}