{"accuracy": 0.3136867088607595, "epoch": 4, "_timestamp": 1699285921.0710142, "_runtime": 0.9597892761230469, "_step": 0, "_wandb": {"runtime": 0}}