{"epoch": 10, "accuracy": 0.1, "_timestamp": 1699921117.8375185, "_runtime": 20.47039246559143, "_step": 10, "_wandb": {"runtime": 20}}