{"acc": 0.6153, "acc_val": 0.4887, "_timestamp": 1699294871.4772983, "_runtime": 192.58175325393677, "_step": 101, "_wandb": {"runtime": 192}}