{"epoch": 59, "accuracy": 0.1, "_timestamp": 1699916256.0711622, "_runtime": 118.66951727867126, "_step": 59, "_wandb": {"runtime": 117}}