{"acc": 0.9645, "acc_val": 0.5222, "_timestamp": 1699294409.483743, "_runtime": 226.62016797065735, "_step": 113, "_wandb": {"runtime": 226}}