{"epoch": 69, "acc_train": 0.3175, "train_loss": 1.8841147422790527, "acc_val": 0.2673, "loss_val": 2.054790496826172, "_timestamp": 1699928109.3309212, "_runtime": 160.64075708389282, "_step": 139, "global_step": 69, "Learning rate": 0.10000000149011612, "Batch size": 128.0, "Train/Accuracy": 0.3174999952316284, "Train/Loss": 1.8841147422790527, "Val/Accuracy": 0.267300009727478, "Val/Loss": 2.054790496826172, "Model/Norm": 68.31739044189453, "_wandb": {"runtime": 159}}