{"gradients/fc4.bias": {"_type": "histogram", "values": [1.0, 0.0, 0.0, 0.0, 0.0, 0.0, 0.0, 0.0, 0.0, 0.0, 0.0, 0.0, 0.0, 0.0, 1.0, 0.0, 0.0, 0.0, 0.0, 0.0, 0.0, 0.0, 0.0, 0.0, 0.0, 0.0, 0.0, 1.0, 0.0, 0.0, 0.0, 0.0, 0.0, 1.0, 1.0, 0.0, 0.0, 0.0, 0.0, 1.0, 0.0, 1.0, 0.0, 0.0, 0.0, 0.0, 0.0, 0.0, 0.0, 0.0, 1.0, 0.0, 0.0, 0.0, 1.0, 0.0, 0.0, 0.0, 0.0, 0.0, 0.0, 0.0, 0.0, 1.0], "bins": [-0.16958355903625488, -0.16487610340118408, -0.16016864776611328, -0.15546119213104248, -0.15075373649597168, -0.14604629576206207, -0.14133884012699127, -0.13663138449192047, -0.13192392885684967, -0.12721647322177887, -0.12250901758670807, -0.11780156940221786, -0.11309411376714706, -0.10838665813207626, -0.10367920994758606, -0.09897175431251526, -0.09426429867744446, -0.08955684304237366, -0.08484938740730286, -0.08014193922281265, -0.07543448358774185, -0.07072702795267105, -0.06601957976818085, -0.061312124133110046, -0.056604668498039246, -0.051897212862968445, -0.04718976095318794, -0.04248230904340744, -0.03777485340833664, -0.03306739777326584, -0.028359945863485336, -0.023652492091059685, -0.018945053219795227, -0.014237599447369576, -0.009530145674943924, -0.004822691902518272, -0.00011523813009262085, 0.004592215642333031, 0.009299669414758682, 0.014007123187184334, 0.018714576959609985, 0.023422030732035637, 0.02812948450446129, 0.03283693641424179, 0.03754439204931259, 0.04225184768438339, 0.046959299594163895, 0.0516667515039444, 0.0563742071390152, 0.061081662774086, 0.0657891184091568, 0.070496566593647, 0.0752040222287178, 0.0799114778637886, 0.08461892604827881, 0.08932638168334961, 0.09403383731842041, 0.09874129295349121, 0.10344874858856201, 0.10815619677305222, 0.11286365240812302, 0.11757110804319382, 0.12227855622768402, 0.12698601186275482, 0.13169346749782562]}, "_timestamp": 1699910879.4508967, "gradients/fc4.weight": {"_type": "histogram", "values": [1.0, 0.0, 0.0, 0.0, 0.0, 0.0, 0.0, 0.0, 1.0, 0.0, 0.0, 0.0, 2.0, 1.0, 3.0, 1.0, 0.0, 0.0, 0.0, 2.0, 1.0, 1.0, 3.0, 2.0, 2.0, 3.0, 4.0, 6.0, 10.0, 9.0, 7.0, 8.0, 15.0, 25.0, 134.0, 238.0, 57.0, 24.0, 24.0, 17.0, 15.0, 9.0, 3.0, 2.0, 1.0, 2.0, 1.0, 0.0, 2.0, 2.0, 0.0, 0.0, 0.0, 0.0, 0.0, 0.0, 0.0, 1.0, 0.0, 0.0, 0.0, 0.0, 0.0, 1.0], "bins": [-0.3385814428329468, -0.3288976550102234, -0.3192138969898224, -0.3095301389694214, -0.299846351146698, -0.2901625633239746, -0.2804788053035736, -0.2707950472831726, -0.2611112594604492, -0.25142747163772583, -0.24174371361732483, -0.23205994069576263, -0.22237616777420044, -0.21269239485263824, -0.20300862193107605, -0.19332484900951385, -0.18364107608795166, -0.17395730316638947, -0.16427353024482727, -0.15458975732326508, -0.14490598440170288, -0.13522221148014069, -0.1255384385585785, -0.1158546656370163, -0.1061708927154541, -0.0964871197938919, -0.08680334687232971, -0.07711957395076752, -0.06743580102920532, -0.05775202810764313, -0.04806825518608093, -0.03838448226451874, -0.028700709342956543, -0.019016936421394348, -0.009333163499832153, 0.0003506094217300415, 0.010034382343292236, 0.01971815526485443, 0.029401928186416626, 0.03908570110797882, 0.048769474029541016, 0.05845324695110321, 0.0681370198726654, 0.0778207927942276, 0.0875045657157898, 0.09718833863735199, 0.10687211155891418, 0.11655588448047638, 0.12623965740203857, 0.13592343032360077, 0.14560720324516296, 0.15529097616672516, 0.16497474908828735, 0.17465852200984955, 0.18434229493141174, 0.19402606785297394, 0.20370984077453613, 0.21339361369609833, 0.22307738661766052, 0.23276115953922272, 0.2424449324607849, 0.2521287202835083, 0.2618124783039093, 0.2714962363243103, 0.2811800241470337]}, "gradients/fc3.bias": {"_type": "histogram", "values": [1.0, 0.0, 0.0, 0.0, 0.0, 0.0, 0.0, 0.0, 0.0, 1.0, 2.0, 1.0, 1.0, 2.0, 2.0, 2.0, 0.0, 0.0, 1.0, 2.0, 1.0, 0.0, 3.0, 1.0, 5.0, 2.0, 10.0, 4.0, 2.0, 1.0, 3.0, 2.0, 3.0, 1.0, 1.0, 0.0, 2.0, 1.0, 0.0, 0.0, 1.0, 1.0, 0.0, 0.0, 1.0, 0.0, 0.0, 0.0, 0.0, 0.0, 0.0, 1.0, 0.0, 0.0, 0.0, 0.0, 1.0, 0.0, 1.0, 0.0, 0.0, 0.0, 0.0, 1.0], "bins": [-0.01844293810427189, -0.01773937977850437, -0.017035821452736855, -0.016332263126969337, -0.01562870480120182, -0.014925146475434303, -0.014221588149666786, -0.013518029823899269, -0.012814471498131752, -0.012110913172364235, -0.011407354846596718, -0.0107037965208292, -0.010000238195061684, -0.009296679869294167, -0.00859312154352665, -0.007889563217759132, -0.007186004891991615, -0.006482446566224098, -0.005778888240456581, -0.005075329914689064, -0.004371771588921547, -0.00366821326315403, -0.0029646549373865128, -0.0022610966116189957, -0.0015575382858514786, -0.0008539799600839615, -0.0001504216343164444, 0.0005531366914510727, 0.0012566950172185898, 0.001960253342986107, 0.002663811668753624, 0.003367369994521141, 0.004070926457643509, 0.004774484783411026, 0.005478043109178543, 0.00618160143494606, 0.006885159760713577, 0.007588718086481094, 0.008292276412248611, 0.008995834738016129, 0.009699393063783646, 0.010402951389551163, 0.01110650971531868, 0.011810068041086197, 0.012513626366853714, 0.013217184692621231, 0.013920743018388748, 0.014624301344156265, 0.015327859669923782, 0.0160314179956913, 0.016734976321458817, 0.017438534647226334, 0.01814209297299385, 0.018845651298761368, 0.019549209624528885, 0.020252767950296402, 0.02095632627606392, 0.021659884601831436, 0.022363442927598953, 0.02306700125336647, 0.023770559579133987, 0.024474117904901505, 0.02517767623066902, 0.02588123455643654, 0.026584792882204056]}, "gradients/fc3.weight": {"_type": "histogram", "values": [1.0, 0.0, 0.0, 0.0, 0.0, 1.0, 1.0, 0.0, 0.0, 0.0, 0.0, 0.0, 0.0, 1.0, 0.0, 4.0, 2.0, 3.0, 3.0, 7.0, 4.0, 11.0, 9.0, 15.0, 9.0, 14.0, 23.0, 40.0, 54.0, 297.0, 7357.0, 122.0, 58.0, 34.0, 29.0, 18.0, 9.0, 13.0, 8.0, 7.0, 5.0, 3.0, 5.0, 5.0, 3.0, 1.0, 2.0, 0.0, 5.0, 1.0, 3.0, 1.0, 0.0, 0.0, 1.0, 0.0, 2.0, 0.0, 0.0, 0.0, 0.0, 0.0, 0.0, 1.0], "bins": [-0.22895768284797668, -0.22142773866653442, -0.21389779448509216, -0.2063678503036499, -0.19883790612220764, -0.19130796194076538, -0.18377801775932312, -0.17624807357788086, -0.1687181293964386, -0.16118818521499634, -0.15365824103355408, -0.14612829685211182, -0.13859835267066956, -0.1310684084892273, -0.12353847175836563, -0.11600852757692337, -0.10847858339548111, -0.10094863921403885, -0.09341869503259659, -0.08588875085115433, -0.07835880666971207, -0.0708288624882698, -0.06329891830682755, -0.05576897785067558, -0.04823903366923332, -0.04070908948779106, -0.0331791453063488, -0.02564920298755169, -0.01811925880610943, -0.010589314624667168, -0.0030593713745474815, 0.004470572341233492, 0.012000516057014465, 0.019530460238456726, 0.027060404419898987, 0.03459034860134125, 0.04212029278278351, 0.04965023323893547, 0.05718017742037773, 0.06471012532711029, 0.07224006950855255, 0.07977000623941422, 0.08729995042085648, 0.09482989460229874, 0.102359838783741, 0.10988978296518326, 0.11741972714662552, 0.12494967132806778, 0.13247960805892944, 0.1400095522403717, 0.14753949642181396, 0.15506944060325623, 0.1625993847846985, 0.17012932896614075, 0.177659273147583, 0.18518921732902527, 0.19271916151046753, 0.2002491056919098, 0.20777904987335205, 0.2153089940547943, 0.22283893823623657, 0.23036888241767883, 0.2378988265991211, 0.24542877078056335, 0.2529587149620056]}, "gradients/fc2.bias": {"_type": "histogram", "values": [1.0, 0.0, 0.0, 0.0, 0.0, 0.0, 0.0, 1.0, 0.0, 0.0, 1.0, 2.0, 0.0, 0.0, 0.0, 0.0, 0.0, 0.0, 2.0, 1.0, 2.0, 3.0, 0.0, 1.0, 98.0, 1.0, 1.0, 1.0, 1.0, 0.0, 1.0, 0.0, 1.0, 1.0, 0.0, 2.0, 0.0, 0.0, 1.0, 0.0, 1.0, 0.0, 0.0, 0.0, 0.0, 0.0, 0.0, 1.0, 0.0, 1.0, 0.0, 1.0, 1.0, 0.0, 0.0, 0.0, 0.0, 0.0, 0.0, 0.0, 0.0, 0.0, 0.0, 1.0],