{"acc": 0.5207, "acc_val": 0.4793, "_timestamp": 1699286005.0857444, "_runtime": 279.05640149116516, "_step": 119, "_wandb": {"runtime": 278}}