{"epoch": 4, "batch": 792, "loss": 2.2807178497314453, "_timestamp": 1699227334.7891965, "_runtime": 54.060795545578, "_step": 5792, "_wandb": {"runtime": 52}}