{"gradients/fc4.bias": {"_type": "histogram", "values": [1.0, 0.0, 0.0, 0.0, 0.0, 0.0, 0.0, 0.0, 0.0, 0.0, 0.0, 0.0, 0.0, 0.0, 0.0, 0.0, 0.0, 0.0, 0.0, 0.0, 0.0, 0.0, 0.0, 0.0, 0.0, 0.0, 0.0, 0.0, 0.0, 0.0, 1.0, 0.0, 0.0, 0.0, 0.0, 0.0, 1.0, 0.0, 1.0, 0.0, 0.0, 1.0, 0.0, 0.0, 0.0, 1.0, 1.0, 0.0, 0.0, 0.0, 0.0, 1.0, 0.0, 0.0, 0.0, 0.0, 0.0, 0.0, 0.0, 0.0, 0.0, 1.0, 0.0, 1.0], "bins": [-0.1038905680179596, -0.10138778388500214, -0.09888500720262527, -0.09638222306966782, -0.09387943893671036, -0.0913766622543335, -0.08887387812137604, -0.08637109398841858, -0.08386830985546112, -0.08136553317308426, -0.0788627490401268, -0.07635996490716934, -0.07385718822479248, -0.07135440409183502, -0.06885161995887756, -0.0663488432765007, -0.06384605914354324, -0.06134327873587608, -0.058840494602918625, -0.056337714195251465, -0.053834930062294006, -0.051332149654626846, -0.048829369246959686, -0.04632658511400223, -0.04382380470633507, -0.04132102429866791, -0.03881824016571045, -0.03631545975804329, -0.03381267935037613, -0.03130989521741867, -0.02880711480975151, -0.0263043325394392, -0.023801542818546295, -0.021298760548233986, -0.018795978277921677, -0.016293197870254517, -0.013790415599942207, -0.011287633329629898, -0.008784851990640163, -0.0062820701859891415, -0.0037792883813381195, -0.0012765065766870975, 0.0012262752279639244, 0.0037290570326149464, 0.006231838837265968, 0.008734621107578278, 0.011237402446568012, 0.013740183785557747, 0.016242966055870056, 0.018745748326182365, 0.021248530596494675, 0.023751311004161835, 0.026254093274474144, 0.028756875544786453, 0.03125965595245361, 0.03376244008541107, 0.03626522049307823, 0.03876800090074539, 0.04127078503370285, 0.04377356544137001, 0.04627634584903717, 0.04877912998199463, 0.05128191038966179, 0.05378469452261925, 0.05628747493028641]}, "_timestamp": 1699911603.3847613, "gradients/fc4.weight": {"_type": "histogram", "values": [1.0, 0.0, 0.0, 0.0, 0.0, 0.0, 1.0, 0.0, 0.0, 0.0, 0.0, 0.0, 0.0, 0.0, 1.0, 0.0, 0.0, 1.0, 1.0, 1.0, 1.0, 0.0, 0.0, 3.0, 1.0, 1.0, 1.0, 2.0, 0.0, 2.0, 2.0, 3.0, 4.0, 4.0, 3.0, 1.0, 4.0, 155.0, 338.0, 49.0, 16.0, 12.0, 5.0, 3.0, 5.0, 2.0, 4.0, 3.0, 1.0, 3.0, 1.0, 0.0, 1.0, 1.0, 1.0, 0.0, 1.0, 0.0, 0.0, 0.0, 0.0, 0.0, 0.0, 1.0], "bins": [-1.4421532154083252, -1.4044129848480225, -1.3666727542877197, -1.328932523727417, -1.2911922931671143, -1.2534520626068115, -1.2157118320465088, -1.177971601486206, -1.1402313709259033, -1.102491021156311, -1.0647507905960083, -1.0270105600357056, -0.9892703294754028, -0.9515300989151001, -0.9137898683547974, -0.8760496377944946, -0.8383094072341919, -0.8005691766738892, -0.7628289461135864, -0.7250887155532837, -0.687348484992981, -0.6496081948280334, -0.6118679642677307, -0.574127733707428, -0.5363875031471252, -0.4986472725868225, -0.4609070420265198, -0.42316678166389465, -0.3854265511035919, -0.3476863205432892, -0.30994606018066406, -0.27220582962036133, -0.23446571826934814, -0.1967254877090454, -0.15898524224758148, -0.12124500423669815, -0.08350476622581482, -0.04576452821493149, -0.008024290204048157, 0.029715947806835175, 0.0674561858177185, 0.10519642382860184, 0.14293666183948517, 0.1806769073009491, 0.21841713786125183, 0.25615736842155457, 0.2938976287841797, 0.3316378593444824, 0.36937808990478516, 0.4071183204650879, 0.4448585510253906, 0.48259881138801575, 0.5203390121459961, 0.5580793023109436, 0.5958195328712463, 0.6335597634315491, 0.6712999939918518, 0.7090402245521545, 0.7467804551124573, 0.78452068567276, 0.8222609758377075, 0.8600012063980103, 0.897741436958313, 0.9354816675186157, 0.9732218980789185]}, "gradients/fc3.bias": {"_type": "histogram", "values": [1.0, 0.0, 0.0, 0.0, 0.0, 0.0, 0.0, 0.0, 0.0, 0.0, 0.0, 0.0, 0.0, 0.0, 0.0, 1.0, 0.0, 1.0, 0.0, 1.0, 0.0, 0.0, 0.0, 0.0, 0.0, 0.0, 1.0, 0.0, 0.0, 0.0, 0.0, 0.0, 0.0, 0.0, 1.0, 1.0, 5.0, 45.0, 1.0, 1.0, 2.0, 0.0, 0.0, 0.0, 0.0, 0.0, 0.0, 0.0, 0.0, 0.0, 0.0, 0.0, 0.0, 0.0, 0.0, 0.0, 2.0, 0.0, 0.0, 0.0, 0.0, 0.0, 0.0, 1.0], "bins": [-0.014284800738096237, -0.013904090970754623, -0.01352338120341301, -0.013142671436071396, -0.012761961668729782, -0.012381252832710743, -0.01200054306536913, -0.011619833298027515, -0.011239123530685902, -0.010858413763344288, -0.010477703996002674, -0.01009699422866106, -0.009716285392642021, -0.009335575625300407, -0.008954865857958794, -0.00857415609061718, -0.008193446323275566, -0.007812736555933952, -0.0074320267885923386, -0.007051317486912012, -0.006670607719570398, -0.0062898979522287846, -0.005909188650548458, -0.005528478883206844, -0.0051477691158652306, -0.004767059348523617, -0.004386349581182003, -0.0040056402795016766, -0.003624930512160063, -0.003244220744818449, -0.002863511210307479, -0.002482801675796509, -0.0021020909771323204, -0.0017213813262060285, -0.0013406716752797365, -0.0009599620243534446, -0.0005792523734271526, -0.0001985427225008607, 0.00018216692842543125, 0.0005628765793517232, 0.0009435862302780151, 0.001324295881204307, 0.001705005532130599, 0.002085715066641569, 0.002466424833983183, 0.0028471346013247967, 0.003227844135835767, 0.003608553670346737, 0.003989263437688351, 0.0043699732050299644, 0.004750682972371578, 0.005131392274051905, 0.0055121020413935184, 0.005892811808735132, 0.006273521110415459, 0.0066542308777570724, 0.007034940645098686, 0.0074156504124403, 0.007796360179781914, 0.008177069947123528, 0.008557779714465141, 0.00893848855048418, 0.009319198317825794, 0.009699908085167408, 0.010080617852509022]}, "gradients/fc3.weight": {"_type": "histogram", "values": [1.0, 0.0, 0.0, 1.0, 0.0, 1.0, 0.0, 1.0, 0.0, 1.0, 1.0, 1.0, 0.0, 2.0, 4.0, 1.0, 2.0, 1.0, 2.0, 4.0, 0.0, 2.0, 2.0, 4.0, 2.0, 1.0, 4.0, 8.0, 9.0, 6.0, 11.0, 8.0, 8.0, 14.0, 23.0, 26.0, 46.0, 7731.0, 132.0, 30.0, 17.0, 12.0, 13.0, 8.0, 14.0, 6.0, 4.0, 9.0, 1.0, 3.0, 2.0, 0.0, 3.0, 0.0, 2.0, 2.0, 0.0, 1.0, 0.0, 3.0, 0.0, 0.0, 1.0, 1.0], "bins": [-1.5770844221115112, -1.535220980644226, -1.4933576583862305, -1.4514942169189453, -1.4096308946609497, -1.3677674531936646, -1.325904130935669, -1.2840406894683838, -1.2421772480010986, -1.200313925743103, -1.1584504842758179, -1.1165871620178223, -1.074723720550537, -1.0328603982925415, -0.9909969568252563, -0.949133574962616, -0.9072701930999756, -0.8654068112373352, -0.8235434293746948, -0.7816800475120544, -0.7398166656494141, -0.6979532241821289, -0.6560898423194885, -0.6142264604568481, -0.5723630785942078, -0.5304996967315674, -0.488636314868927, -0.44677290320396423, -0.40490952134132385, -0.36304613947868347, -0.3211827278137207, -0.2793193459510803, -0.2374560832977295, -0.1955927014350891, -0.15372930467128754, -0.11186591535806656, -0.07000252604484558, -0.028139136731624603, 0.013724252581596375, 0.05558764189481735, 0.09745103120803833, 0.1393144130706787, 0.18117780983448029, 0.22304120659828186, 0.26490458846092224, 0.3067679703235626, 0.3486313819885254, 0.39049476385116577, 0.43235814571380615, 0.47422152757644653, 0.5160849094390869, 0.5579482913017273, 0.5998116731643677, 0.6416751146316528, 0.6835384964942932, 0.7254018783569336, 0.767265260219574, 0.8091286420822144, 0.8509920239448547, 0.8928554058074951, 0.9347188472747803, 0.9765822291374207, 1.018445611000061, 1.0603089332580566, 1.1021723747253418]}, "gradients/fc2.bias": {"_type": "histogram", "values": [1.0, 0.0, 0.0, 1.0, 0.0, 0.0, 0.0, 0.0, 0.0, 0.0, 0.0, 0.0, 1.0, 2.0, 0.0, 0.0, 0.0, 1.0, 3.0, 0.0, 0.0, 2.0, 0.0, 0.0, 0.0, 0.0, 0.0, 2.0, 0.0, 0.0, 0.0, 2.0, 2.0, 90.0, 3.0, 1.0, 1.0, 1.0, 0.0, 2.0, 0.0, 2.0, 0.0, 2.0, 2.0, 1.0, 1.0, 2.0, 0.0, 1.0, 0.0, 0.0, 0.0, 0.0, 0.0, 1.0, 0.0, 0.0, 0.0, 0.0, 0.0, 0.0, 0.0, 1.0],