{"acc": 0.9069, "acc_val": 0.5065, "_timestamp": 1699295720.1624455, "_runtime": 239.62137246131897, "_step": 115, "_wandb": {"runtime": 239}}