{"epoch": 29, "acc_train": 0.2636, "train_loss": 2.084751844406128, "acc_val": 0.2587, "loss_val": 2.0954253673553467, "_timestamp": 1699929340.2539766, "_runtime": 50.8635835647583, "_step": 59, "global_step": 29, "Learning rate": 0.0010000000474974513, "Batch size": 256.0, "Train/Accuracy": 0.2635999917984009, "Train/Loss": 2.084751844406128, "Val/Accuracy": 0.25870001316070557, "Val/Loss": 2.0954253673553467, "Model/Norm": 9.932981491088867, "_wandb": {"runtime": 49}}