{"acc": 0.9415, "acc_val": 0.5107, "_timestamp": 1699287130.7594798, "_runtime": 164.02079677581787, "_step": 78, "_wandb": {"runtime": 163}}