{"epoch": 49, "accuracy": 0.4228, "_timestamp": 1699912746.499805, "_runtime": 191.42598485946655, "_step": 49, "_wandb": {"runtime": 189}}