{"epoch": 29, "acc_train": 0.1634, "train_loss": 2.192207098007202, "acc_val": 0.1584, "loss_val": 2.211743116378784, "_timestamp": 1699933186.5580564, "_runtime": 100.72263741493225, "_step": 59, "global_step": 29, "Learning rate": 0.009999999776482582, "Batch size": 64.0, "Train/Accuracy": 0.16339999437332153, "Val/Accuracy": 0.15839999914169312, "Train/Loss": 2.192207098007202, "Val/Loss": 2.211743116378784, "Model/Norm": 38.12454605102539, "_wandb": {"runtime": 99}}