{"acc": 0.9865, "acc_val": 0.531, "_timestamp": 1699281346.6766415, "_runtime": 182.6741864681244, "_step": 91, "_wandb": {"runtime": 182}}