{"epoch": 49, "acc_train": 0.3238, "train_loss": 1.867903232574463, "acc_val": 0.2757, "loss_val": 2.0882487297058105, "_timestamp": 1699934964.099359, "_runtime": 139.45483803749084, "_step": 99, "global_step": 49, "Learning rate": 0.05000000074505806, "Batch size": 64.0, "Train/Accuracy": 0.3237999975681305, "Train/Loss": 1.867903232574463, "Val/Accuracy": 0.27570000290870667, "Val/Loss": 2.0882487297058105, "Model/Norm": 63.4539680480957, "_wandb": {"runtime": 137}}