{"acc": 0.8647, "acc_val": 0.52, "_timestamp": 1699295081.7557936, "_runtime": 200.0959815979004, "_step": 100, "_wandb": {"runtime": 199}}