{"accuracy": 0.15793117088607594, "epoch": 4, "_timestamp": 1699284463.6275594, "_runtime": 0.6878163814544678, "_step": 0, "_wandb": {"runtime": 0}}