{"batch loss": 1.725132942199707, "_timestamp": 1699294186.9358766, "_runtime": 56.58620858192444, "_step": 625, "loss": 0.023518997209072114, "epoch": 0, "_wandb": {"runtime": 55}}