{"epoch": 69, "acc_train": 0.4526, "train_loss": 1.54830801486969, "acc_val": 0.3344, "loss_val": 1.9607738256454468, "_timestamp": 1699922640.3845284, "_runtime": 183.16957640647888, "_step": 139, "global_step": 69, "Learning rate": 0.009999999776482582, "Batch size": 64.0, "Train/Accuracy": 0.45260000228881836, "Train/Loss": 1.54830801486969, "Val/Accuracy": 0.3343999981880188, "Val/Loss": 1.9607738256454468, "Model/Norm": 53.23927307128906, "_wandb": {"runtime": 182}}