{"parameters/fc1.weight": {"_type": "histogram", "values": [8.0, 9.0, 18.0, 18.0, 25.0, 33.0, 37.0, 48.0, 71.0, 78.0, 94.0, 109.0, 155.0, 210.0, 249.0, 319.0, 334.0, 393.0, 470.0, 519.0, 554.0, 631.0, 825.0, 1060.0, 1342.0, 1670.0, 2234.0, 3140.0, 4818.0, 8324.0, 18750.0, 78900.0, 236053.0, 17940.0, 8026.0, 4301.0, 2567.0, 1635.0, 1153.0, 733.0, 590.0, 528.0, 436.0, 360.0, 251.0, 231.0, 164.0, 138.0, 129.0, 101.0, 105.0, 81.0, 59.0, 82.0, 73.0, 55.0, 55.0, 48.0, 23.0, 23.0, 9.0, 6.0, 3.0, 5.0], "bins": [-0.33947744965553284, -0.3288987874984741, -0.3183201551437378, -0.3077414929866791, -0.29716283082962036, -0.28658419847488403, -0.2760055363178253, -0.2654268741607666, -0.2548482418060303, -0.24426957964897156, -0.23369093239307404, -0.2231122851371765, -0.2125336229801178, -0.20195497572422028, -0.19137632846832275, -0.18079766631126404, -0.17021901905536652, -0.159640371799469, -0.14906170964241028, -0.13848306238651276, -0.12790441513061523, -0.11732575297355652, -0.106747105717659, -0.09616845846176147, -0.08558979630470276, -0.07501116394996643, -0.06443250179290771, -0.053853839635849, -0.04327520728111267, -0.032696545124053955, -0.02211788296699524, -0.011539250612258911, -0.0009605884552001953, 0.00961807370185852, 0.02019670605659485, 0.030775368213653564, 0.04135403037071228, 0.05193266272544861, 0.06251132488250732, 0.07308998703956604, 0.08366861939430237, 0.09424728155136108, 0.1048259288072586, 0.11540457606315613, 0.12598323822021484, 0.13656188547611237, 0.1471405327320099, 0.1577191948890686, 0.16829784214496613, 0.17887648940086365, 0.18945515155792236, 0.20003379881381989, 0.2106124460697174, 0.22119110822677612, 0.23176975548267365, 0.24234840273857117, 0.2529270648956299, 0.2635056972503662, 0.2740843594074249, 0.28466302156448364, 0.29524165391921997, 0.3058203160762787, 0.3163989782333374, 0.32697761058807373, 0.33755627274513245]}, "_timestamp": 1699911916.85064, "parameters/fc1.bias": {"_type": "histogram", "values": [1.0, 0.0, 1.0, 1.0, 0.0, 0.0, 0.0, 0.0, 0.0, 1.0, 0.0, 0.0, 0.0, 0.0, 0.0, 0.0, 0.0, 1.0, 5.0, 0.0, 1.0, 7.0, 9.0, 12.0, 11.0, 27.0, 59.0, 291.0, 54.0, 7.0, 8.0, 7.0, 1.0, 1.0, 2.0, 1.0, 0.0, 0.0, 1.0, 0.0, 0.0, 0.0, 0.0, 0.0, 0.0, 0.0, 0.0, 0.0, 0.0, 0.0, 0.0, 0.0, 0.0, 1.0, 0.0, 0.0, 0.0, 0.0, 0.0, 0.0, 0.0, 0.0, 1.0, 1.0], "bins": [-0.3899528980255127, -0.3758676052093506, -0.3617822825908661, -0.347696989774704, -0.33361169695854187, -0.3195263743400574, -0.30544108152389526, -0.29135578870773315, -0.27727049589157104, -0.26318520307540894, -0.24909988045692444, -0.23501458764076233, -0.22092927992343903, -0.20684398710727692, -0.1927586793899536, -0.1786733865737915, -0.1645880788564682, -0.1505027711391449, -0.1364174783229828, -0.12233218550682068, -0.10824686288833618, -0.09416157007217407, -0.08007627725601196, -0.06599098443984985, -0.051905661821365356, -0.03782036900520325, -0.023735076189041138, -0.00964975357055664, 0.004435539245605469, 0.018520832061767578, 0.03260612487792969, 0.046691447496414185, 0.060776740312576294, 0.0748620331287384, 0.0889473557472229, 0.10303264856338501, 0.11711794137954712, 0.13120323419570923, 0.14528855681419373, 0.15937384963035583, 0.17345914244651794, 0.18754446506500244, 0.20162975788116455, 0.21571505069732666, 0.22980034351348877, 0.24388566613197327, 0.2579709589481354, 0.2720562517642975, 0.286141574382782, 0.3002268671989441, 0.3143121600151062, 0.3283974528312683, 0.3424827456474304, 0.3565680682659149, 0.370653361082077, 0.3847386837005615, 0.39882397651672363, 0.41290926933288574, 0.42699456214904785, 0.44107985496520996, 0.45516517758369446, 0.46925047039985657, 0.4833357632160187, 0.4974210858345032, 0.5115063786506653]}, "parameters/fc2.weight": {"_type": "histogram", "values": [1.0, 3.0, 3.0, 1.0, 5.0, 8.0, 13.0, 30.0, 28.0, 31.0, 103.0, 130.0, 174.0, 222.0, 262.0, 293.0, 305.0, 344.0, 351.0, 365.0, 379.0, 359.0, 342.0, 374.0, 353.0, 406.0, 386.0, 421.0, 448.0, 444.0, 498.0, 590.0, 607.0, 683.0, 755.0, 932.0, 1098.0, 1346.0, 2078.0, 4055.0, 111795.0, 17.0, 7.0, 4.0, 2.0, 1.0, 1.0, 2.0, 3.0, 1.0, 2.0, 3.0, 1.0, 1.0, 0.0, 0.0, 1.0, 2.0, 1.0, 0.0, 0.0, 0.0, 1.0, 1.0], "bins": [-2.454406976699829, -2.3937196731567383, -2.3330326080322266, -2.2723453044891357, -2.211658000946045, -2.150970697402954, -2.0902836322784424, -2.0295963287353516, -1.9689090251922607, -1.9082218408584595, -1.8475346565246582, -1.7868473529815674, -1.7261601686477661, -1.6654729843139648, -1.604785680770874, -1.5440983772277832, -1.483411192893982, -1.4227240085601807, -1.3620367050170898, -1.3013495206832886, -1.2406622171401978, -1.1799750328063965, -1.1192877292633057, -1.0586005449295044, -0.9979133605957031, -0.9372260570526123, -0.876538872718811, -0.8158515691757202, -0.755164384841919, -0.6944770812988281, -0.6337898969650269, -0.573102593421936, -0.5124152898788452, -0.45172810554504395, -0.3910408020019531, -0.33035361766815186, -0.26966631412506104, -0.20897912979125977, -0.14829182624816895, -0.08760464191436768, -0.026917338371276855, 0.033769845962524414, 0.09445703029632568, 0.1551443338394165, 0.21583151817321777, 0.2765188217163086, 0.33720600605010986, 0.3978933095932007, 0.45858049392700195, 0.519267737865448, 0.579954981803894, 0.6406422257423401, 0.7013294696807861, 0.7620166540145874, 0.8227038979530334, 0.8833911418914795, 0.9440783858299255, 1.0047656297683716, 1.0654528141021729, 1.1261401176452637, 1.186827301979065, 1.2475146055221558, 1.308201789855957, 1.3688890933990479, 1.4295762777328491]}, "parameters/fc2.bias": {"_type": "histogram", "values": [1.0, 0.0, 0.0, 1.0, 0.0, 0.0, 0.0, 0.0, 0.0, 0.0, 1.0, 1.0, 0.0, 0.0, 0.0, 1.0, 0.0, 0.0, 0.0, 0.0, 1.0, 0.0, 0.0, 0.0, 1.0, 0.0, 0.0, 0.0, 0.0, 0.0, 0.0, 0.0, 0.0, 1.0, 0.0, 0.0, 0.0, 0.0, 0.0, 0.0, 0.0, 0.0, 0.0, 1.0, 0.0, 0.0, 0.0, 0.0, 0.0, 1.0, 2.0, 0.0, 0.0, 2.0, 0.0, 1.0, 1.0, 1.0, 1.0, 0.0, 4.0, 2.0, 9.0, 223.0], "bins": [-1.0405199527740479, -1.0240875482559204, -1.007655143737793, -0.9912226796150208, -0.9747902750968933, -0.9583578705787659, -0.9419254064559937, -0.9254930019378662, -0.9090605974197388, -0.8926281929016113, -0.8761957287788391, -0.8597633242607117, -0.8433308601379395, -0.826898455619812, -0.8104660511016846, -0.7940336465835571, -0.7776012420654297, -0.7611687779426575, -0.74473637342453, -0.7283039093017578, -0.7118715047836304, -0.6954391002655029, -0.6790066957473755, -0.662574291229248, -0.6461418271064758, -0.6297094225883484, -0.6132769584655762, -0.5968445539474487, -0.5804121494293213, -0.5639797449111938, -0.5475473403930664, -0.5311148762702942, -0.5146824717521667, -0.4982500672340393, -0.48181766271591187, -0.46538519859313965, -0.4489527940750122, -0.43252038955688477, -0.4160879850387573, -0.3996555209159851, -0.38322311639785767, -0.3667907118797302, -0.350358247756958, -0.33392584323883057, -0.3174934387207031, -0.3010610342025757, -0.28462857007980347, -0.268196165561676, -0.2517637610435486, -0.23533132672309875, -0.21889890730381012, -0.20246648788452148, -0.18603406846523285, -0.16960163414478302, -0.15316921472549438, -0.13673679530620575, -0.12030437588691711, -0.10387195646762848, -0.08743953704833984, -0.07100711017847061, -0.054574690759181976, -0.03814227133989334, -0.021709848195314407, -0.005277426913380623, 0.011154994368553162]}, "parameters/fc4.weight": {"_type": "histogram", "values": [5.0, 3.0, 13.0, 6.0, 9.0, 19.0, 19.0, 18.0, 17.0, 21.0, 13.0, 14.0, 18.0, 6.0, 15.0, 17.0, 14.0, 16.0, 19.0, 23.0, 18.0, 32.0, 26.0, 57.0, 875.0, 154.0, 113.0, 90.0, 62.0, 66.0, 58.0, 61.0, 50.0, 49.0, 43.0, 42.0, 49.0, 48.0, 43.0, 42.0, 30.0, 36.0, 36.0, 23.0, 24.0, 25.0, 23.0, 18.0, 31.0, 7.0, 9.0, 6.0, 4.0, 6.0, 7.0, 4.0, 1.0, 3.0, 3.0, 0.0, 0.0, 0.0, 0.0, 1.0],