{"acc": 0.09733573717948718, "loss": 2.3026665186270687, "_timestamp": 1699273196.5326412, "_runtime": 61.64496827125549, "_step": 99, "val_acc": 0.1001, "val_loss": 2.302580976486206, "_wandb": {"runtime": 60}}