{"epoch": 49, "acc_train": 0.0986, "train_loss": 2.3514394760131836, "acc_val": 0.1, "loss_val": 2.3538990020751953, "_timestamp": 1699920084.9595006, "_runtime": 88.79217743873596, "_step": 99, "global_step": 49, "Learning rate": 0.10000000149011612, "Batch size": 128.0, "Train/Accuracy": 0.09860000014305115, "Train/Loss": 2.3514394760131836, "Val/Accuracy": 0.10000000149011612, "Val/Loss": 2.3538990020751953, "Model/Norm": 4202.4765625, "_wandb": {"runtime": 87}}