{"epoch": 69, "acc_train": 0.3426, "train_loss": 1.8657679557800293, "acc_val": 0.3127, "loss_val": 1.930607795715332, "_timestamp": 1699933500.0386035, "_runtime": 111.78784847259521, "_step": 139, "global_step": 69, "Learning rate": 0.009999999776482582, "Batch size": 128.0, "Train/Accuracy": 0.3425999879837036, "Train/Loss": 1.8657679557800293, "Val/Accuracy": 0.3127000033855438, "Val/Loss": 1.930607795715332, "Model/Norm": 20.76395606994629, "_wandb": {"runtime": 110}}