{"training_loss": 1276.7674655914307, "training_accuracy": 0.42428, "validation_loss": 80.06277096271515, "validation_accuracy": 0.3827, "_timestamp": 1699903783.2866325, "_runtime": 165.53594660758972, "_step": 24, "gradients/graph_7fc4.bias": {"_type": "histogram", "values": [1.0, 0.0, 0.0, 0.0, 0.0, 0.0, 0.0, 0.0, 0.0, 0.0, 0.0, 0.0, 0.0, 0.0, 0.0, 0.0, 0.0, 0.0, 0.0, 0.0, 0.0, 0.0, 0.0, 0.0, 0.0, 0.0, 1.0, 0.0, 1.0, 1.0, 0.0, 1.0, 0.0, 0.0, 1.0, 0.0, 0.0, 0.0, 0.0, 0.0, 0.0, 1.0, 0.0, 0.0, 1.0, 0.0, 1.0, 0.0, 0.0, 0.0, 0.0, 0.0, 0.0, 0.0, 0.0, 0.0, 0.0, 0.0, 0.0, 0.0, 0.0, 0.0, 0.0, 1.0], "bins": [-0.07974385470151901, -0.07744132727384567, -0.07513880729675293, -0.07283627986907959, -0.07053375989198685, -0.06823123246431351, -0.06592871248722076, -0.06362618505954742, -0.06132366135716438, -0.05902113765478134, -0.0567186139523983, -0.05441609025001526, -0.05211356282234192, -0.04981103911995888, -0.047508515417575836, -0.045205991715192795, -0.04290346801280975, -0.04060094431042671, -0.03829842060804367, -0.03599589690566063, -0.03369337320327759, -0.03139084577560425, -0.029088322073221207, -0.026785798370838165, -0.024483274668455124, -0.022180750966072083, -0.01987822726368904, -0.01757570169866085, -0.01527317799627781, -0.012970654293894768, -0.010668129660189152, -0.008365605026483536, -0.006063088774681091, -0.0037605646066367626, -0.001458040438592434, 0.0008444837294518948, 0.0031470078974962234, 0.005449532065540552, 0.007752056233584881, 0.010054580867290497, 0.012357104569673538, 0.01465962827205658, 0.01696215197443962, 0.01926467753946781, 0.021567201241850853, 0.023869724944233894, 0.026172250509262085, 0.028474774211645126, 0.030777297914028168, 0.03307982161641121, 0.03538234531879425, 0.03768486902117729, 0.03998739272356033, 0.04228992015123367, 0.044592443853616714, 0.046894967555999756, 0.0491974912583828, 0.05150001496076584, 0.05380253866314888, 0.05610506236553192, 0.05840758979320526, 0.0607101134955883, 0.06301263719797134, 0.06531515717506409, 0.06761768460273743]}, "gradients/graph_7fc4.weight": {"_type": "histogram", "values": [1.0, 0.0, 0.0, 1.0, 0.0, 0.0, 0.0, 3.0, 0.0, 0.0, 0.0, 1.0, 1.0, 2.0, 6.0, 3.0, 4.0, 2.0, 3.0, 1.0, 4.0, 1.0, 4.0, 6.0, 8.0, 8.0, 11.0, 11.0, 14.0, 17.0, 23.0, 32.0, 31.0, 34.0, 28.0, 21.0, 21.0, 48.0, 52.0, 46.0, 42.0, 24.0, 24.0, 20.0, 11.0, 14.0, 2.0, 4.0, 7.0, 7.0, 6.0, 4.0, 7.0, 5.0, 4.0, 2.0, 1.0, 2.0, 1.0, 1.0, 2.0, 1.0, 0.0, 1.0], "bins": [-0.4445350170135498, -0.4323047697544098, -0.4200744926929474, -0.4078442454338074, -0.39561399817466736, -0.38338375091552734, -0.37115347385406494, -0.3589232265949249, -0.3466929793357849, -0.3344627022743225, -0.3222324550151825, -0.3100022077560425, -0.29777196049690247, -0.28554168343544006, -0.27331143617630005, -0.26108118891716003, -0.24885092675685883, -0.23662066459655762, -0.2243904173374176, -0.2121601551771164, -0.19992990791797638, -0.18769964575767517, -0.17546939849853516, -0.16323913633823395, -0.15100887417793274, -0.13877862691879272, -0.12654836475849152, -0.1143181174993515, -0.10208785533905029, -0.08985760062932968, -0.07762734591960907, -0.06539709120988846, -0.05316683650016785, -0.040936581790447235, -0.028706325218081474, -0.016476068645715714, -0.004245813935995102, 0.007984441705048084, 0.02021469734609127, 0.03244495391845703, 0.04467520862817764, 0.056905463337898254, 0.06913571804761887, 0.08136597275733948, 0.09359623491764069, 0.1058264896273613, 0.11805674433708191, 0.13028699159622192, 0.14251725375652313, 0.15474751591682434, 0.16697776317596436, 0.17920802533626556, 0.19143827259540558, 0.2036685347557068, 0.2158987820148468, 0.228129044175148, 0.24035930633544922, 0.25258955359458923, 0.26481980085372925, 0.27705007791519165, 0.28928032517433167, 0.3015105724334717, 0.3137408196926117, 0.3259710967540741, 0.3382013440132141]}, "gradients/graph_7fc3.bias": {"_type": "histogram", "values": [1.0, 0.0, 1.0, 0.0, 0.0, 0.0, 0.0, 0.0, 0.0, 0.0, 0.0, 3.0, 0.0, 0.0, 1.0, 0.0, 0.0, 1.0, 0.0, 2.0, 0.0, 1.0, 2.0, 1.0, 0.0, 2.0, 2.0, 3.0, 7.0, 5.0, 6.0, 4.0, 5.0, 1.0, 2.0, 2.0, 1.0, 3.0, 1.0, 1.0, 0.0, 2.0, 0.0, 0.0, 0.0, 1.0, 0.0, 1.0, 0.0, 0.0, 0.0, 0.0, 0.0, 0.0, 0.0, 0.0, 0.0, 1.0, 0.0, 0.0, 0.0, 0.0, 0.0, 1.0], "bins": [-0.00024230989220086485, -0.00023424375103786588, -0.00022617759532295167, -0.0002181114541599527, -0.00021004531299695373, -0.00020197917183395475, -0.00019391303067095578, -0.00018584687495604157, -0.0001777807337930426, -0.00016971459263004363, -0.00016164843691512942, -0.00015358229575213045, -0.00014551615458913147, -0.0001374500134261325, -0.00012938387226313353, -0.00012131771654821932, -0.00011325157538522035, -0.00010518543422222137, -9.711928578326479e-05, -8.90531373443082e-05, -8.098699618130922e-05, -7.292085501831025e-05, -6.485470657935366e-05, -5.678856177837588e-05, -4.87224169773981e-05, -4.0656272176420316e-05, -3.2590127375442535e-05, -2.4523982574464753e-05, -1.6457837773486972e-05, -8.39169297250919e-06, -3.25548171531409e-07, 7.740596629446372e-06, 1.5806726878508925e-05, 2.3872871679486707e-05, 3.193901648046449e-05, 4.000516128144227e-05, 4.807130608242005e-05, 5.613745088339783e-05, 6.420359568437561e-05, 7.22697441233322e-05, 8.033588528633118e-05, 8.840202644933015e-05, 9.646817488828674e-05, 0.00010453432332724333, 0.0001126004644902423, 0.00012066660565324128, 0.00012873276136815548, 0.00013679890253115445, 0.00014486504369415343, 0.0001529311848571524, 0.00016099732602015138, 0.00016906348173506558, 0.00017712962289806455, 0.00018519576406106353, 0.00019326191977597773, 0.0002013280609389767, 0.00020939420210197568, 0.00021746034326497465, 0.00022552648442797363, 0.00023359264014288783, 0.0002416587813058868, 0.0002497249224688858, 0.0002577910781838, 0.00026585720479488373, 0.00027392336050979793]}, "gradients/graph_7fc3.weight": {"_type": "histogram", "values": [1.0, 0.0, 1.0, 0.0, 0.0, 0.0, 0.0, 0.0, 0.0, 1.0, 2.0, 1.0, 1.0, 1.0, 0.0, 0.0, 1.0, 5.0, 0.0, 1.0, 2.0, 3.0, 0.0, 5.0, 5.0, 4.0, 10.0, 26.0, 68.0, 1053.0, 6838.0, 88.0, 26.0, 12.0, 7.0, 5.0, 4.0, 4.0, 4.0, 4.0, 1.0, 2.0, 1.0, 1.0, 0.0, 0.0, 1.0, 0.0, 0.0, 0.0, 0.0, 0.0, 0.0, 0.0, 1.0, 0.0, 1.0, 0.0, 0.0, 0.0, 0.0, 0.0, 0.0, 1.0], "bins": [-0.4966578483581543, -0.4801427125930786, -0.46362757682800293, -0.44711247086524963, -0.43059733510017395, -0.41408219933509827, -0.39756709337234497, -0.3810519576072693, -0.3645368218421936, -0.3480216860771179, -0.33150655031204224, -0.31499144434928894, -0.29847630858421326, -0.2819611728191376, -0.2654460668563843, -0.2489309310913086, -0.2324157953262329, -0.21590065956115723, -0.19938553869724274, -0.18287041783332825, -0.16635528206825256, -0.14984014630317688, -0.1333250254392624, -0.1168098971247673, -0.10029476881027222, -0.08377964049577713, -0.06726451218128204, -0.05074938386678696, -0.03423425555229187, -0.017719127237796783, -0.0012039989233016968, 0.01531112939119339, 0.03182625770568848, 0.04834138602018356, 0.06485651433467865, 0.08137164264917374, 0.09788677096366882, 0.11440189927816391, 0.130917027592659, 0.1474321484565735, 0.16394728422164917, 0.18046241998672485, 0.19697754085063934, 0.21349266171455383, 0.23000779747962952, 0.2465229332447052, 0.2630380392074585, 0.2795531749725342, 0.29606831073760986, 0.31258344650268555, 0.32909858226776123, 0.3456136882305145, 0.3621288239955902, 0.3786439597606659, 0.3951590657234192, 0.4116742014884949, 0.42818933725357056, 0.44470447301864624, 0.4612196087837219, 0.4777347147464752, 0.4942498505115509, 0.5107649564743042, 0.5272800922393799, 0.5437952280044556, 0.5603103637695312]}, "gradients/graph_7fc2.bias": {"_type": "histogram", "values": [1.0, 0.0, 0.0, 0.0, 0.0, 0.0, 0.0, 0.0, 1.0, 0.0, 0.0, 0.0, 0.0, 0.0, 0.0, 0.0, 0.0, 1.0, 0.0, 0.0, 0.0, 1.0, 1.0, 0.0, 2.0, 0.0, 0.0, 0.0, 1.0, 1.0, 0.0, 0.0, 2.0, 0.0, 1.0, 2.0, 1.0, 3.0, 0.0, 5.0, 77.0, 6.0, 4.0, 3.0, 3.0, 1.0, 1.0, 3.0, 0.0, 1.0, 0.0, 1.0, 1.0, 0.0, 0.0, 1.0, 0.0, 0.0, 0.0, 0.0, 1.0, 1.0, 0.0, 1.0],