{"accuracy": 0.1840387658227848, "epoch": 2, "_timestamp": 1699284624.5869884, "_runtime": 0.6815755367279053, "_step": 0, "_wandb": {"runtime": 0}}