{"training_loss": 1722.6232647895813, "training_accuracy": 0.21472, "validation_loss": 88.63197588920593, "validation_accuracy": 0.22, "_timestamp": 1699904619.8284028, "_runtime": 159.380854845047, "_step": 24, "gradients/graph_12fc4.bias": {"_type": "histogram", "values": [1.0, 0.0, 0.0, 1.0, 0.0, 0.0, 0.0, 0.0, 0.0, 0.0, 0.0, 0.0, 0.0, 0.0, 0.0, 1.0, 0.0, 0.0, 0.0, 0.0, 0.0, 0.0, 1.0, 0.0, 0.0, 0.0, 0.0, 0.0, 0.0, 0.0, 0.0, 0.0, 0.0, 0.0, 1.0, 0.0, 0.0, 0.0, 0.0, 0.0, 0.0, 1.0, 0.0, 0.0, 0.0, 0.0, 0.0, 0.0, 0.0, 0.0, 1.0, 1.0, 1.0, 0.0, 0.0, 0.0, 0.0, 0.0, 0.0, 0.0, 0.0, 0.0, 0.0, 1.0], "bins": [-0.0626755803823471, -0.060809794813394547, -0.05894400551915169, -0.05707821995019913, -0.05521243438124657, -0.05334664508700371, -0.05148085951805115, -0.04961507394909859, -0.04774928465485573, -0.04588349908590317, -0.04401771351695061, -0.04215192422270775, -0.04028613865375519, -0.03842035308480263, -0.03655456379055977, -0.03468877822160721, -0.03282298892736435, -0.03095720335841179, -0.02909141778945923, -0.02722563035786152, -0.02535984292626381, -0.02349405735731125, -0.02162826992571354, -0.01976248249411583, -0.01789669692516327, -0.01603090949356556, -0.01416512206196785, -0.012299335561692715, -0.01043354906141758, -0.00856776162981987, -0.006701975129544735, -0.004836188163608313, -0.0029704011976718903, -0.0011046143481507897, 0.0007611725013703108, 0.0026269592344760895, 0.004492746200412512, 0.006358533166348934, 0.00822431966662407, 0.010090107098221779, 0.011955893598496914, 0.013821680098772049, 0.01568746753036976, 0.017553254961967468, 0.01941904053092003, 0.02128482796251774, 0.023150615394115448, 0.02501640096306801, 0.026882188394665718, 0.028747975826263428, 0.030613761395215988, 0.03247955068945885, 0.03434533625841141, 0.03621112182736397, 0.03807691112160683, 0.03994269669055939, 0.04180848225951195, 0.043674271553754807, 0.04554005712270737, 0.04740584269165993, 0.049271631985902786, 0.05113741755485535, 0.05300320312380791, 0.054868992418050766, 0.056734777987003326]}, "gradients/graph_12fc4.weight": {"_type": "histogram", "values": [3.0, 0.0, 1.0, 1.0, 1.0, 0.0, 1.0, 0.0, 0.0, 1.0, 0.0, 0.0, 0.0, 1.0, 2.0, 1.0, 2.0, 2.0, 1.0, 0.0, 2.0, 3.0, 3.0, 1.0, 5.0, 1.0, 1.0, 8.0, 0.0, 6.0, 8.0, 8.0, 12.0, 11.0, 14.0, 31.0, 260.0, 112.0, 31.0, 19.0, 12.0, 8.0, 9.0, 13.0, 2.0, 7.0, 5.0, 2.0, 4.0, 3.0, 2.0, 1.0, 3.0, 2.0, 3.0, 2.0, 2.0, 1.0, 3.0, 0.0, 0.0, 0.0, 0.0, 3.0], "bins": [-1.2282270193099976, -1.1947863101959229, -1.1613454818725586, -1.1279047727584839, -1.0944640636444092, -1.061023235321045, -1.0275825262069702, -0.9941418170928955, -0.960701048374176, -0.9272602796554565, -0.8938195705413818, -0.8603788018226624, -0.8269380331039429, -0.7934973239898682, -0.7600565552711487, -0.726615846157074, -0.6931750774383545, -0.659734308719635, -0.6262935996055603, -0.5928528308868408, -0.5594121217727661, -0.5259713530540466, -0.49253058433532715, -0.45908984541893005, -0.42564910650253296, -0.39220836758613586, -0.35876762866973877, -0.3253268599510193, -0.2918861210346222, -0.2584453821182251, -0.2250046283006668, -0.19156387448310852, -0.15812313556671143, -0.12468238919973373, -0.09124164283275604, -0.05780089646577835, -0.02436015009880066, 0.009080596268177032, 0.042521342635154724, 0.07596208900213242, 0.10940283536911011, 0.1428435742855072, 0.1762843281030655, 0.20972508192062378, 0.24316582083702087, 0.27660655975341797, 0.31004732847213745, 0.34348806738853455, 0.37692880630493164, 0.41036954522132874, 0.44381028413772583, 0.4772510528564453, 0.51069176197052, 0.5441325306892395, 0.577573299407959, 0.6110140085220337, 0.6444547772407532, 0.6778955459594727, 0.7113362550735474, 0.7447770237922668, 0.7782177925109863, 0.811658501625061, 0.8450992703437805, 0.8785399794578552, 0.9119807481765747]}, "gradients/graph_12fc3.bias": {"_type": "histogram", "values": [1.0, 0.0, 0.0, 0.0, 1.0, 1.0, 1.0, 0.0, 0.0, 1.0, 1.0, 0.0, 0.0, 0.0, 0.0, 0.0, 0.0, 0.0, 1.0, 0.0, 0.0, 0.0, 1.0, 2.0, 0.0, 1.0, 3.0, 3.0, 3.0, 15.0, 4.0, 2.0, 2.0, 3.0, 1.0, 2.0, 2.0, 1.0, 1.0, 0.0, 1.0, 0.0, 2.0, 2.0, 0.0, 0.0, 0.0, 2.0, 0.0, 0.0, 1.0, 0.0, 0.0, 1.0, 0.0, 0.0, 0.0, 0.0, 0.0, 0.0, 0.0, 1.0, 0.0, 1.0], "bins": [-0.013089874759316444, -0.012651153840124607, -0.01221243292093277, -0.011773712001740932, -0.011334991082549095, -0.010896270163357258, -0.01045754924416542, -0.010018828324973583, -0.009580107405781746, -0.009141386486589909, -0.008702665567398071, -0.008263944648206234, -0.007825223729014397, -0.007386502344161272, -0.006947781424969435, -0.006509060505777597, -0.00607033958658576, -0.005631618667393923, -0.0051928977482020855, -0.004754176829010248, -0.004315455909818411, -0.00387673475779593, -0.0034380138386040926, -0.0029992929194122553, -0.002560572000220418, -0.0021218510810285807, -0.0016831301618367434, -0.0012444091262295842, -0.0008056882070377469, -0.00036696725874207914, 7.175368955358863e-05, 0.0005104746669530869, 0.0009491955861449242, 0.0013879165053367615, 0.0018266374245285988, 0.002265358343720436, 0.0027040792629122734, 0.0031428004149347544, 0.0035815213341265917, 0.004020242020487785, 0.004458962939679623, 0.004897684324532747, 0.005336405243724585, 0.005775126162916422, 0.006213847082108259, 0.0066525680013000965, 0.007091288920491934, 0.007530009839683771, 0.007968731224536896, 0.008407452143728733, 0.00884617306292057, 0.009284893982112408, 0.009723614901304245, 0.010162335820496082, 0.01060105673968792, 0.011039777658879757, 0.011478498578071594, 0.011917219497263432, 0.012355940416455269, 0.012794661335647106, 0.013233382254838943, 0.01367210317403078, 0.014110824093222618, 0.014549545012414455, 0.014988265931606293]}, "gradients/graph_12fc3.weight": {"_type": "histogram", "values": [1.0, 0.0, 0.0, 2.0, 0.0, 0.0, 1.0, 2.0, 2.0, 2.0, 4.0, 2.0, 2.0, 2.0, 1.0, 3.0, 7.0, 6.0, 5.0, 10.0, 8.0, 8.0, 6.0, 13.0, 19.0, 16.0, 14.0, 29.0, 32.0, 31.0, 58.0, 84.0, 214.0, 536.0, 5828.0, 543.0, 232.0, 110.0, 84.0, 55.0, 48.0, 37.0, 22.0, 13.0, 13.0, 15.0, 9.0, 15.0, 12.0, 9.0, 4.0, 4.0, 3.0, 2.0, 5.0, 3.0, 1.0, 2.0, 0.0, 0.0, 0.0, 2.0, 0.0, 1.0], "bins": [-1.0162962675094604, -0.986755907535553, -0.9572155475616455, -0.9276752471923828, -0.8981348872184753, -0.8685945272445679, -0.8390541672706604, -0.8095138072967529, -0.7799735069274902, -0.7504331469535828, -0.7208927869796753, -0.6913524270057678, -0.6618120670318604, -0.6322717070579529, -0.6027314066886902, -0.5731910467147827, -0.5436506867408752, -0.5141103267669678, -0.4845699965953827, -0.4550296366214752, -0.42548930644989014, -0.39594894647598267, -0.3664085865020752, -0.3368682563304901, -0.30732789635658264, -0.27778753638267517, -0.2482472062110901, -0.21870684623718262, -0.18916650116443634, -0.15962615609169006, -0.1300857961177826, -0.10054545104503632, -0.07100504636764526, -0.04146469756960869, -0.011924348771572113, 0.017616000026464462, 0.04715634882450104, 0.07669669389724731, 0.10623704642057419, 0.13577739894390106, 0.16531774401664734, 0.19485808908939362, 0.2243984341621399, 0.25393879413604736, 0.28347915410995483, 0.3130194842815399, 0.3425598442554474, 0.37210017442703247, 0.40164053440093994, 0.4311808943748474, 0.4607212245464325, 0.49026158452033997, 0.519801914691925, 0.5493422746658325, 0.57888263463974, 0.6084229946136475, 0.6379632949829102, 0.6675036549568176, 0.6970440149307251, 0.7265843749046326, 0.75612473487854, 0.7856650948524475, 0.8152053952217102, 0.8447457551956177, 0.8742861151695251]}, "gradients/graph_12fc2.bias": {"_type": "histogram", "values": [1.0, 1.0, 0.0, 0.0, 0.0, 0.0, 0.0, 0.0, 2.0, 1.0, 4.0, 0.0, 1.0, 0.0, 1.0, 3.0, 5.0, 5.0, 3.0, 1.0, 2.0, 9.0, 10.0, 17.0, 21.0, 8.0, 6.0, 5.0, 2.0, 1.0, 3.0, 1.0, 3.0, 2.0, 2.0, 2.0, 0.0, 2.0, 1.0, 1.0, 0.0, 0.0, 0.0, 0.0, 0.0, 0.0, 0.0, 0.0, 1.0, 0.0, 0.0, 0.0, 0.0, 0.0, 0.0, 0.0, 0.0, 0.0, 0.0, 0.0, 0.0, 0.0, 0.0, 1.0],