{"acc": 0.2251, "acc_val": 0.2357, "_timestamp": 1699345813.1849988, "_runtime": 90.61739683151245, "_step": 25, "_wandb": {"runtime": 92}}