{"accuracy": 0.23407832278481014, "epoch": 1, "_timestamp": 1699284329.1340964, "_runtime": 0.6775054931640625, "_step": 0, "_wandb": {"runtime": 0}}