{"accuracy": 0.14013053797468356, "epoch": 1, "_timestamp": 1699284703.0243955, "_runtime": 0.6566774845123291, "_step": 0, "_wandb": {"runtime": 0}}