{"accuracy": 0.140625, "epoch": 0, "_timestamp": 1699283516.4942403, "_runtime": 2.4894561767578125, "_step": 0, "_wandb": {"runtime": 0}}