{"gradients/fc4.bias": {"_type": "histogram", "values": [1.0, 0.0, 0.0, 0.0, 1.0, 0.0, 0.0, 0.0, 0.0, 0.0, 0.0, 0.0, 0.0, 0.0, 0.0, 0.0, 0.0, 0.0, 0.0, 0.0, 0.0, 1.0, 0.0, 0.0, 0.0, 0.0, 0.0, 0.0, 0.0, 0.0, 0.0, 0.0, 0.0, 0.0, 0.0, 0.0, 0.0, 0.0, 0.0, 0.0, 0.0, 0.0, 0.0, 0.0, 0.0, 0.0, 0.0, 0.0, 0.0, 1.0, 1.0, 0.0, 0.0, 1.0, 0.0, 0.0, 0.0, 1.0, 0.0, 1.0, 0.0, 0.0, 0.0, 2.0], "bins": [-0.15184570848941803, -0.14827275276184082, -0.1446997970342636, -0.1411268413066864, -0.1375538855791092, -0.13398092985153198, -0.13040797412395477, -0.12683501839637756, -0.12326206266880035, -0.11968909949064255, -0.11611614376306534, -0.11254318803548813, -0.10897023230791092, -0.10539727658033371, -0.1018243208527565, -0.09825136512517929, -0.09467840939760208, -0.09110545367002487, -0.08753249794244766, -0.08395954221487045, -0.08038658648729324, -0.07681363075971603, -0.07324067503213882, -0.06966771930456161, -0.06609475612640381, -0.0625218003988266, -0.05894884839653969, -0.05537589266896248, -0.05180293321609497, -0.04822997748851776, -0.04465702176094055, -0.04108406603336334, -0.03751111030578613, -0.03393815457820892, -0.030365198850631714, -0.026792241260409355, -0.023219285532832146, -0.019646329805254936, -0.016073372215032578, -0.012500416487455368, -0.008927460759878159, -0.005354504566639662, -0.001781548373401165, 0.0017914078198373318, 0.0053643640130758286, 0.008937319740653038, 0.012510276399552822, 0.016083233058452606, 0.019656188786029816, 0.023229144513607025, 0.026802100241184235, 0.030375057831406593, 0.033948011696338654, 0.03752097114920616, 0.04109392687678337, 0.04466688260436058, 0.04823983833193779, 0.051812794059515, 0.05538574978709221, 0.05895870551466942, 0.06253166496753693, 0.06610462069511414, 0.06967757642269135, 0.07325053215026855, 0.07682348787784576]}, "_timestamp": 1699912585.4721503, "gradients/fc4.weight": {"_type": "histogram", "values": [1.0, 0.0, 0.0, 0.0, 0.0, 0.0, 0.0, 0.0, 0.0, 0.0, 0.0, 0.0, 0.0, 0.0, 0.0, 0.0, 0.0, 0.0, 0.0, 0.0, 0.0, 0.0, 0.0, 0.0, 0.0, 1.0, 0.0, 0.0, 0.0, 0.0, 0.0, 0.0, 0.0, 0.0, 0.0, 61.0, 293.0, 150.0, 114.0, 17.0, 1.0, 0.0, 0.0, 0.0, 0.0, 1.0, 0.0, 0.0, 0.0, 0.0, 0.0, 0.0, 0.0, 0.0, 0.0, 0.0, 0.0, 0.0, 0.0, 0.0, 0.0, 0.0, 0.0, 1.0], "bins": [-2.682516574859619, -2.610138177871704, -2.537760019302368, -2.465381622314453, -2.393003225326538, -2.320624828338623, -2.248246669769287, -2.175868272781372, -2.103489875793457, -2.031111717224121, -1.958733320236206, -1.886354923248291, -1.8139766454696655, -1.7415982484817505, -1.669219970703125, -1.59684157371521, -1.5244632959365845, -1.452085018157959, -1.379706621170044, -1.3073283433914185, -1.2349499464035034, -1.162571668624878, -1.090193271636963, -1.0178149938583374, -0.9454366564750671, -0.8730583190917969, -0.8006799817085266, -0.7283016443252563, -0.6559233665466309, -0.5835450291633606, -0.5111666917800903, -0.43878835439682007, -0.3664100170135498, -0.29403167963027954, -0.22165335714817047, -0.1492750346660614, -0.07689669728279114, -0.004518367350101471, 0.0678599625825882, 0.14023828506469727, 0.21261662244796753, 0.2849949598312378, 0.35737329721450806, 0.42975160479545593, 0.5021299123764038, 0.5745082497596741, 0.6468865871429443, 0.7192649245262146, 0.7916432619094849, 0.8640215992927551, 0.9363999366760254, 1.0087782144546509, 1.081156611442566, 1.1535348892211914, 1.2259132862091064, 1.298291563987732, 1.3706698417663574, 1.4430482387542725, 1.515426516532898, 1.587804913520813, 1.6601831912994385, 1.7325615882873535, 1.804939866065979, 1.877318263053894, 1.9496965408325195]}, "gradients/fc3.bias": {"_type": "histogram", "values": [2.0, 0.0, 0.0, 1.0, 1.0, 0.0, 0.0, 0.0, 0.0, 0.0, 1.0, 0.0, 3.0, 0.0, 0.0, 0.0, 0.0, 1.0, 0.0, 2.0, 2.0, 1.0, 2.0, 1.0, 0.0, 1.0, 2.0, 3.0, 3.0, 4.0, 2.0, 5.0, 3.0, 4.0, 0.0, 0.0, 2.0, 1.0, 1.0, 0.0, 3.0, 0.0, 0.0, 1.0, 2.0, 0.0, 1.0, 1.0, 2.0, 2.0, 0.0, 1.0, 0.0, 1.0, 0.0, 1.0, 0.0, 0.0, 0.0, 0.0, 0.0, 0.0, 0.0, 1.0], "bins": [-0.0010033033322542906, -0.0009713861509226263, -0.0009394689695909619, -0.0009075517300516367, -0.0008756345487199724, -0.000843717367388308, -0.0008118001860566437, -0.0007798830047249794, -0.0007479657651856542, -0.0007160485838539898, -0.0006841314025223255, -0.0006522142211906612, -0.0006202970398589969, -0.0005883798585273325, -0.0005564626189880073, -0.000524545437656343, -0.0004926282563246787, -0.00046071107499301434, -0.00042879386455751956, -0.00039687668322585523, -0.00036495947279036045, -0.0003330422914586961, -0.0003011251101270318, -0.000269207899691537, -0.0002372907183598727, -0.00020537352247629315, -0.0001734563265927136, -0.00014153914526104927, -0.00010962194937746972, -7.770475349389017e-05, -4.578756488626823e-05, -1.3870372640667483e-05, 1.8046819604933262e-05, 4.996401185053401e-05, 8.188120409613475e-05, 0.00011379839270375669, 0.00014571558858733624, 0.0001776327844709158, 0.00020954996580258012, 0.00024146716168615967, 0.0002733843575697392, 0.00030530153890140355, 0.0003372187493368983, 0.00036913593066856265, 0.000401053112000227, 0.00043297032243572176, 0.0004648875037673861, 0.0004968047142028809, 0.0005287218955345452, 0.0005606390768662095, 0.0005925562581978738, 0.0006244734977371991, 0.0006563906790688634, 0.0006883078604005277, 0.000720225041732192, 0.0007521422230638564, 0.0007840594043955207, 0.0008159766439348459, 0.0008478938252665102, 0.0008798110065981746, 0.0009117281879298389, 0.0009436453692615032, 0.0009755626088008285, 0.0010074797319248319, 0.001039396971464157]}, "gradients/fc3.weight": {"_type": "histogram", "values": [1.0, 1.0, 1.0, 3.0, 1.0, 1.0, 1.0, 2.0, 13.0, 19.0, 240.0, 1651.0, 4912.0, 1068.0, 223.0, 30.0, 16.0, 0.0, 1.0, 3.0, 1.0, 1.0, 0.0, 0.0, 0.0, 1.0, 0.0, 0.0, 0.0, 0.0, 0.0, 0.0, 0.0, 0.0, 0.0, 0.0, 0.0, 0.0, 0.0, 0.0, 0.0, 0.0, 0.0, 1.0, 0.0, 0.0, 0.0, 0.0, 0.0, 0.0, 0.0, 0.0, 0.0, 0.0, 0.0, 0.0, 0.0, 0.0, 0.0, 0.0, 0.0, 0.0, 0.0, 1.0], "bins": [-0.09932219237089157, -0.09127335250377655, -0.08322451263666153, -0.07517567276954651, -0.06712682545185089, -0.05907798931002617, -0.05102914571762085, -0.04298030585050583, -0.03493146598339081, -0.026882626116275787, -0.018833784386515617, -0.010784943588078022, -0.0027361027896404266, 0.005312738008797169, 0.013361578807234764, 0.021410420536994934, 0.029459260404109955, 0.037508100271224976, 0.045556940138339996, 0.053605783730745316, 0.061654623597860336, 0.06970346719026566, 0.07775230705738068, 0.0858011469244957, 0.09384998679161072, 0.10189882665872574, 0.10994766652584076, 0.11799650639295578, 0.1260453462600708, 0.13409419357776642, 0.14214302599430084, 0.15019187331199646, 0.15824073553085327, 0.1662895828485489, 0.1743384152650833, 0.18238726258277893, 0.19043609499931335, 0.19848494231700897, 0.2065337747335434, 0.214582622051239, 0.22263145446777344, 0.23068030178546906, 0.23872914910316467, 0.2467779815196991, 0.2548268139362335, 0.26287567615509033, 0.27092450857162476, 0.2789733409881592, 0.2870221734046936, 0.2950710356235504, 0.30311986804008484, 0.31116870045661926, 0.3192175626754761, 0.3272663950920105, 0.3353152275085449, 0.34336405992507935, 0.35141292214393616, 0.3594617545604706, 0.367510586977005, 0.3755594491958618, 0.38360828161239624, 0.39165711402893066, 0.3997059464454651, 0.4077548086643219, 0.4158036410808563]}, "gradients/fc2.bias": {"_type": "histogram", "values": [1.0, 0.0, 0.0, 0.0, 0.0, 0.0, 0.0, 0.0, 0.0, 0.0, 0.0, 0.0, 0.0, 0.0, 0.0, 0.0, 0.0, 0.0, 0.0, 0.0, 0.0, 0.0, 0.0, 0.0, 0.0, 0.0, 1.0, 0.0, 0.0, 0.0, 0.0, 0.0, 1.0, 0.0, 0.0, 0.0, 0.0, 0.0, 0.0, 0.0, 0.0, 0.0, 0.0, 0.0, 0.0, 0.0, 1.0, 1.0, 9.0, 14.0, 10.0, 14.0, 16.0, 16.0, 13.0, 11.0, 4.0, 4.0, 5.0, 1.0, 4.0, 0.0, 1.0, 1.0],