{"Val Accuracy/Epoch": 0.4049, "Val Loss/Epoch": 33.54336166381836, "_timestamp": 1699944473.1220748, "_runtime": 20.636709928512573, "_step": 49, "gradients/fc3.bias": {"_type": "histogram", "values": [1.0, 0.0, 0.0, 0.0, 0.0, 0.0, 0.0, 0.0, 0.0, 0.0, 1.0, 1.0, 0.0, 1.0, 0.0, 0.0, 0.0, 0.0, 1.0, 0.0, 0.0, 0.0, 0.0, 0.0, 0.0, 1.0, 0.0, 0.0, 0.0, 0.0, 0.0, 0.0, 0.0, 0.0, 0.0, 0.0, 1.0, 1.0, 0.0, 0.0, 0.0, 0.0, 0.0, 0.0, 0.0, 0.0, 0.0, 0.0, 0.0, 0.0, 0.0, 0.0, 0.0, 0.0, 0.0, 1.0, 0.0, 0.0, 0.0, 0.0, 0.0, 0.0, 0.0, 1.0], "bins": [-0.04800606891512871, -0.046244967728853226, -0.044483862817287445, -0.04272276163101196, -0.04096166044473648, -0.039200559258461, -0.03743945434689522, -0.035678353160619736, -0.033917248249053955, -0.03215614706277847, -0.03039504587650299, -0.02863394282758236, -0.026872839778661728, -0.025111738592386246, -0.023350635543465614, -0.021589534357190132, -0.0198284313082695, -0.01806732825934887, -0.016306225210428238, -0.014545124024152756, -0.012784022837877274, -0.011022917926311493, -0.00926181674003601, -0.0075007155537605286, -0.005739610642194748, -0.003978509455919266, -0.0022174082696437836, -0.0004563070833683014, 0.0013047978281974792, 0.0030658990144729614, 0.004827000200748444, 0.006588105112314224, 0.008349202573299408, 0.01011030375957489, 0.01187140867114067, 0.013632509857416153, 0.015393611043691635, 0.017154715955257416, 0.018915817141532898, 0.02067691832780838, 0.022438019514083862, 0.024199124425649643, 0.025960225611925125, 0.027721326798200607, 0.029482431709766388, 0.03124353289604187, 0.03300463408231735, 0.034765735268592834, 0.036526840180158615, 0.038287945091724396, 0.04004904627799988, 0.04181014746427536, 0.04357124865055084, 0.045332349836826324, 0.047093454748392105, 0.04885455593466759, 0.05061566084623337, 0.05237676203250885, 0.05413786321878433, 0.055898964405059814, 0.057660069316625595, 0.05942117050290108, 0.06118227168917656, 0.06294337660074234, 0.06470447778701782]}, "gradients/fc3.weight": {"_type": "histogram", "values": [2.0, 0.0, 0.0, 0.0, 2.0, 0.0, 0.0, 1.0, 0.0, 1.0, 4.0, 2.0, 1.0, 7.0, 7.0, 9.0, 10.0, 15.0, 17.0, 25.0, 24.0, 38.0, 38.0, 45.0, 67.0, 83.0, 51.0, 38.0, 39.0, 22.0, 15.0, 18.0, 11.0, 6.0, 5.0, 10.0, 5.0, 4.0, 4.0, 1.0, 2.0, 2.0, 3.0, 0.0, 0.0, 3.0, 0.0, 0.0, 1.0, 0.0, 0.0, 0.0, 0.0, 0.0, 0.0, 1.0, 0.0, 0.0, 0.0, 0.0, 0.0, 0.0, 0.0, 1.0], "bins": [-0.06190967932343483, -0.0594375878572464, -0.05696550011634827, -0.054493408650159836, -0.052021317183971405, -0.04954922944307327, -0.04707713797688484, -0.04460504651069641, -0.04213295876979828, -0.039660871028900146, -0.037188779562711716, -0.034716688096523285, -0.03224460035562515, -0.029772508889436722, -0.02730041742324829, -0.02482832968235016, -0.022356238216161728, -0.019884146749973297, -0.017412059009075165, -0.014939967542886734, -0.012467879801988602, -0.009995788335800171, -0.00752369686961174, -0.005051609128713608, -0.002579517662525177, -0.00010742619633674622, 0.002364661544561386, 0.004836749285459518, 0.007308844476938248, 0.00978093221783638, 0.012253019958734512, 0.014725115150213242, 0.017197206616401672, 0.019669294357299805, 0.022141389548778534, 0.024613477289676666, 0.0270855650305748, 0.029557660222053528, 0.03202974796295166, 0.03450183570384979, 0.03697392717003822, 0.039446018636226654, 0.041918106377124786, 0.04439019784331322, 0.04686228930950165, 0.04933437705039978, 0.05180646851658821, 0.05427855625748634, 0.056750647723674774, 0.059222739189863205, 0.06169482693076134, 0.06416691839694977, 0.0666390061378479, 0.06911109387874603, 0.07158318907022476, 0.0740552768111229, 0.07652737200260162, 0.07899945974349976, 0.08147154748439789, 0.08394363522529602, 0.08641573041677475, 0.08888781815767288, 0.09135990589857101, 0.09383200109004974, 0.09630408883094788]}, "gradients/fc2.bias": {"_type": "histogram", "values": [1.0, 0.0, 1.0, 0.0, 0.0, 2.0, 1.0, 1.0, 3.0, 1.0, 2.0, 0.0, 2.0, 2.0, 0.0, 0.0, 1.0, 2.0, 0.0, 0.0, 3.0, 2.0, 0.0, 2.0, 4.0, 3.0, 1.0, 4.0, 3.0, 2.0, 3.0, 1.0, 0.0, 2.0, 1.0, 3.0, 0.0, 0.0, 2.0, 0.0, 0.0, 1.0, 3.0, 2.0, 0.0, 0.0, 0.0, 0.0, 0.0, 0.0, 0.0, 0.0, 0.0, 1.0, 0.0, 0.0, 0.0, 0.0, 0.0, 0.0, 1.0, 0.0, 0.0, 1.0], "bins": [-0.043121665716171265, -0.04152708873152733, -0.03993251174688339, -0.038337934762239456, -0.03674335777759552, -0.035148780792951584, -0.03355420380830765, -0.03195963054895401, -0.030365051701664925, -0.02877047471702099, -0.027175897732377052, -0.025581320747733116, -0.02398674562573433, -0.022392168641090393, -0.020797591656446457, -0.01920301467180252, -0.017608437687158585, -0.01601386070251465, -0.014419283717870712, -0.012824706733226776, -0.01123012974858284, -0.009635552763938904, -0.008040975779294968, -0.0064463987946510315, -0.004851825535297394, -0.0032572485506534576, -0.0016626715660095215, -6.809458136558533e-05, 0.0015264824032783508, 0.003121059387922287, 0.004715636372566223, 0.006310213357210159, 0.007904786616563797, 0.009499363601207733, 0.01109394058585167, 0.012688517570495605, 0.014283094555139542, 0.015877671539783478, 0.017472248524427414, 0.01906682550907135, 0.020661402493715286, 0.022255975753068924, 0.02385055273771286, 0.025445129722356796, 0.027039706707000732, 0.02863428369164467, 0.030228860676288605, 0.03182343766093254, 0.03341801464557648, 0.03501259163022041, 0.03660716861486435, 0.038201745599508286, 0.03979632258415222, 0.04139089584350586, 0.042985476553440094, 0.04458004981279373, 0.046174630522727966, 0.047769203782081604, 0.04936378449201584, 0.050958357751369476, 0.05255293473601341, 0.05414751172065735, 0.055742088705301285, 0.05733666568994522, 0.05893124267458916]}, "gradients/fc2.weight": {"_type": "histogram", "values": [1.0, 1.0, 3.0, 2.0, 6.0, 1.0, 1.0, 1.0, 4.0, 8.0, 7.0, 10.0, 7.0, 14.0, 9.0, 13.0, 31.0, 24.0, 35.0, 49.0, 62.0, 73.0, 110.0, 144.0, 228.0, 283.0, 462.0, 809.0, 2800.0, 1221.0, 525.0, 344.0, 236.0, 168.0, 116.0, 82.0, 71.0, 57.0, 37.0, 31.0, 18.0, 11.0, 14.0, 14.0, 13.0, 5.0, 6.0, 1.0, 1.0, 2.0, 5.0, 3.0, 0.0, 2.0, 1.0, 1.0, 1.0, 4.0, 0.0, 1.0, 1.0, 0.0, 0.0, 2.0], "bins": [-0.05734037607908249, -0.05536097288131714, -0.05338156968355179, -0.05140216648578644, -0.04942276328802109, -0.04744336009025574, -0.04546395689249039, -0.04348455369472504, -0.041505150496959686, -0.039525747299194336, -0.037546344101428986, -0.035566940903663635, -0.033587537705898285, -0.031608134508132935, -0.029628731310367584, -0.027649328112602234, -0.025669924914836884, -0.023690521717071533, -0.021711118519306183, -0.019731715321540833, -0.017752312123775482, -0.015772908926010132, -0.013793505728244781, -0.011814102530479431, -0.00983469933271408, -0.00785529613494873, -0.00587589293718338, -0.00389648973941803, -0.0019170865416526794, 6.23166561126709e-05, 0.0020417198538780212, 0.004021123051643372, 0.006000518798828125, 0.007979921996593475, 0.009959325194358826, 0.011938728392124176, 0.013918131589889526, 0.015897534787654877, 0.017876937985420227, 0.019856341183185577, 0.021835744380950928, 0.023815147578716278, 0.02579455077648163, 0.02777395397424698, 0.02975335717201233, 0.03173276036977768, 0.03371216356754303, 0.03569156676530838, 0.03767096996307373, 0.03965037316083908, 0.04162977635860443, 0.04360917955636978, 0.04558858275413513, 0.04756798595190048, 0.04954738914966583, 0.05152679234743118, 0.05350619554519653, 0.055485598742961884, 0.057465001940727234, 0.059444405138492584, 0.061423808336257935, 0.06340321153402328, 0.06538261473178864, 0.06736201792955399, 0.06934142112731934]}, "gradients/fc1.bias": {"_type": "histogram", "values": [2.0, 0.0, 0.0, 0.0, 0.0, 5.0, 1.0, 1.0, 1.0, 3.0, 4.0, 3.0, 4.0, 6.0, 7.0, 4.0, 6.0, 4.0, 6.0, 13.0, 17.0, 2.0, 5.0, 2.0, 5.0, 1.0, 3.0, 0.0, 1.0, 1.0, 3.0, 1.0, 0.0, 0.0, 1.0, 1.0, 2.0, 0.0, 0.0, 1.0, 3.0, 1.0, 0.0, 2.0, 2.0, 0.0, 1.0, 0.0, 1.0, 0.0, 0.0, 0.0, 0.0, 1.0, 0.0, 0.0, 0.0, 0.0, 0.0, 0.0, 0.0, 0.0, 0.0, 1.0],