{"acc": 0.7041, "acc_val": 0.503, "_timestamp": 1699279374.9923384, "_runtime": 178.5449423789978, "_step": 95, "_wandb": {"runtime": 177}}