{"accuracy": 0.27501977848101267, "epoch": 0, "_timestamp": 1699284784.2116337, "_runtime": 0.649486780166626, "_step": 0, "_wandb": {"runtime": 0}}