{"gradients/graph_14fc4.bias": {"_type": "histogram", "values": [1.0, 0.0, 0.0, 0.0, 0.0, 0.0, 0.0, 0.0, 0.0, 0.0, 0.0, 0.0, 0.0, 0.0, 0.0, 0.0, 0.0, 0.0, 0.0, 0.0, 0.0, 0.0, 0.0, 0.0, 0.0, 0.0, 0.0, 0.0, 0.0, 1.0, 1.0, 0.0, 0.0, 0.0, 0.0, 0.0, 1.0, 1.0, 0.0, 0.0, 0.0, 2.0, 0.0, 1.0, 0.0, 0.0, 0.0, 0.0, 0.0, 0.0, 1.0, 0.0, 0.0, 0.0, 0.0, 0.0, 0.0, 0.0, 0.0, 0.0, 0.0, 0.0, 0.0, 1.0], "bins": [-0.15764638781547546, -0.15343564748764038, -0.1492249071598053, -0.1450141817331314, -0.14080344140529633, -0.13659270107746124, -0.13238196074962616, -0.12817122042179108, -0.12396048754453659, -0.11974974721670151, -0.11553901433944702, -0.11132827401161194, -0.10711753368377686, -0.10290680080652237, -0.09869606047868729, -0.0944853276014328, -0.09027458727359772, -0.08606384694576263, -0.08185311406850815, -0.07764237374067307, -0.07343164086341858, -0.0692209005355835, -0.06501016020774841, -0.06079942360520363, -0.056588687002658844, -0.05237795040011406, -0.048167213797569275, -0.04395647346973419, -0.03974573686718941, -0.03553500026464462, -0.03132425993680954, -0.027113523334264755, -0.022902771830558777, -0.018692035228013992, -0.014481296762824059, -0.0102705592289567, -0.00605982169508934, -0.001849084161221981, 0.002361653372645378, 0.006572390906512737, 0.010783128440380096, 0.014993865974247456, 0.019204603508114815, 0.02341534197330475, 0.027626078575849533, 0.03183681517839432, 0.0360475555062294, 0.040258292108774185, 0.04446902871131897, 0.048679765313863754, 0.05289050191640854, 0.05710124224424362, 0.061311978846788406, 0.06552271544933319, 0.06973345577716827, 0.07394418865442276, 0.07815492898225784, 0.08236566931009293, 0.08657640218734741, 0.0907871425151825, 0.09499788284301758, 0.09920861572027206, 0.10341935604810715, 0.10763008892536163, 0.11184082925319672]}, "_timestamp": 1699905046.133178, "gradients/graph_14fc4.weight": {"_type": "histogram", "values": [1.0, 0.0, 0.0, 0.0, 1.0, 0.0, 0.0, 0.0, 0.0, 1.0, 0.0, 0.0, 1.0, 1.0, 1.0, 0.0, 0.0, 0.0, 1.0, 1.0, 0.0, 0.0, 5.0, 7.0, 6.0, 77.0, 513.0, 5.0, 4.0, 4.0, 2.0, 2.0, 0.0, 1.0, 2.0, 0.0, 1.0, 0.0, 0.0, 0.0, 0.0, 0.0, 0.0, 0.0, 1.0, 0.0, 1.0, 0.0, 0.0, 0.0, 0.0, 0.0, 0.0, 0.0, 0.0, 0.0, 0.0, 0.0, 0.0, 0.0, 0.0, 0.0, 0.0, 1.0], "bins": [-0.5858262181282043, -0.5634335875511169, -0.5410410165786743, -0.5186483860015869, -0.4962557554244995, -0.4738631546497345, -0.4514705538749695, -0.4290779232978821, -0.40668532252311707, -0.38429272174835205, -0.36190009117126465, -0.33950749039649963, -0.3171148896217346, -0.2947222590446472, -0.2723296582698822, -0.249937042593956, -0.22754442691802979, -0.20515181124210358, -0.18275919556617737, -0.16036659479141235, -0.13797397911548615, -0.11558136343955994, -0.09318875521421432, -0.07079614698886871, -0.048403531312942505, -0.026010919362306595, -0.003618307411670685, 0.018774304538965225, 0.041166916489601135, 0.06355953216552734, 0.08595214039087296, 0.10834474861621857, 0.1307373046875, 0.1531299203634262, 0.17552253603935242, 0.19791513681411743, 0.22030775249004364, 0.24270036816596985, 0.26509296894073486, 0.28748559951782227, 0.3098782002925873, 0.3322708010673523, 0.3546634316444397, 0.3770560324192047, 0.3994486331939697, 0.42184126377105713, 0.44423386454582214, 0.46662649512290955, 0.48901909589767456, 0.511411726474762, 0.5338042974472046, 0.556196928024292, 0.5785895586013794, 0.600982129573822, 0.6233747601509094, 0.6457673907279968, 0.6681599617004395, 0.6905525922775269, 0.7129452228546143, 0.7353378534317017, 0.7577304244041443, 0.7801230549812317, 0.8025156855583191, 0.8249082565307617, 0.8473008871078491]}, "gradients/graph_14fc3.bias": {"_type": "histogram", "values": [1.0, 0.0, 0.0, 0.0, 0.0, 0.0, 0.0, 0.0, 0.0, 2.0, 3.0, 4.0, 1.0, 27.0, 14.0, 1.0, 2.0, 2.0, 1.0, 1.0, 0.0, 0.0, 0.0, 0.0, 1.0, 0.0, 0.0, 1.0, 0.0, 0.0, 0.0, 0.0, 0.0, 0.0, 0.0, 1.0, 0.0, 0.0, 0.0, 0.0, 0.0, 0.0, 0.0, 0.0, 0.0, 0.0, 0.0, 0.0, 0.0, 0.0, 0.0, 0.0, 0.0, 0.0, 0.0, 0.0, 1.0, 0.0, 0.0, 0.0, 0.0, 0.0, 0.0, 1.0], "bins": [-0.0051089185290038586, -0.004742627032101154, -0.00437633553519845, -0.004010044503957033, -0.003643753007054329, -0.0032774615101516247, -0.0029111700132489204, -0.00254487874917686, -0.0021785872522741556, -0.0018122958717867732, -0.0014460044912993908, -0.0010797129943966866, -0.0007134216139093041, -0.0003471302043180913, 1.9161205273121595e-05, 0.00038545261486433446, 0.0007517440244555473, 0.0011180354049429297, 0.0014843267854303122, 0.0018506182823330164, 0.002216909546405077, 0.0025832010433077812, 0.0029494925402104855, 0.003315783804282546, 0.0036820753011852503, 0.004048366565257311, 0.004414658062160015, 0.004780949559062719, 0.005147241055965424, 0.005513532552868128, 0.005879823584109545, 0.006246115081012249, 0.006612406112253666, 0.00697869760915637, 0.007344989106059074, 0.007711280137300491, 0.008077572099864483, 0.0084438631311059, 0.008810154162347317, 0.009176446124911308, 0.009542737156152725, 0.009909029118716717, 0.010275320149958134, 0.01064161118119955, 0.011007903143763542, 0.011374194175004959, 0.01174048613756895, 0.012106777168810368, 0.012473069131374359, 0.012839360162615776, 0.013205651193857193, 0.013571943156421185, 0.013938234187662601, 0.014304526150226593, 0.01467081718146801, 0.015037108212709427, 0.015403400175273418, 0.01576969213783741, 0.016135983169078827, 0.016502274200320244, 0.01686856523156166, 0.017234856262803078, 0.017601149156689644, 0.01796744018793106, 0.018333731219172478]}, "gradients/graph_14fc3.weight": {"_type": "histogram", "values": [1.0, 0.0, 1.0, 0.0, 0.0, 1.0, 1.0, 0.0, 1.0, 2.0, 6.0, 7.0, 28.0, 61.0, 7323.0, 544.0, 70.0, 40.0, 22.0, 11.0, 10.0, 5.0, 5.0, 6.0, 6.0, 2.0, 4.0, 5.0, 1.0, 3.0, 2.0, 2.0, 3.0, 3.0, 2.0, 0.0, 0.0, 0.0, 1.0, 0.0, 0.0, 1.0, 0.0, 0.0, 1.0, 1.0, 0.0, 0.0, 1.0, 0.0, 1.0, 1.0, 0.0, 1.0, 0.0, 1.0, 1.0, 0.0, 0.0, 1.0, 1.0, 1.0, 0.0, 1.0], "bins": [-0.2593834102153778, -0.24203240871429443, -0.22468142211437225, -0.20733043551445007, -0.1899794340133667, -0.17262843251228333, -0.15527744591236115, -0.13792645931243896, -0.12057545781135559, -0.10322446376085281, -0.08587346971035004, -0.06852247565984726, -0.05117148160934448, -0.033820487558841705, -0.016469493508338928, 0.0008815005421638489, 0.018232494592666626, 0.0355834886431694, 0.05293448269367218, 0.07028547674417496, 0.08763647079467773, 0.10498746484518051, 0.12233845889568329, 0.13968944549560547, 0.15704044699668884, 0.17439144849777222, 0.1917424350976944, 0.20909342169761658, 0.22644442319869995, 0.24379542469978333, 0.2611464262008667, 0.2784973978996277, 0.29584836959838867, 0.31319937109947205, 0.3305503726005554, 0.3479013442993164, 0.3652523458003998, 0.38260334730148315, 0.39995431900024414, 0.4173053205013275, 0.4346563220024109, 0.45200732350349426, 0.46935832500457764, 0.4867092967033386, 0.5040602684020996, 0.5214112997055054, 0.5387622714042664, 0.5561133027076721, 0.5734642744064331, 0.5908152461051941, 0.6081662774085999, 0.6255172491073608, 0.6428682804107666, 0.6602192521095276, 0.6775702238082886, 0.6949212551116943, 0.7122722268104553, 0.7296231985092163, 0.7469742298126221, 0.7643252015113831, 0.781676173210144, 0.7990272045135498, 0.8163781762123108, 0.8337292075157166, 0.8510801792144775]}, "gradients/graph_14fc2.bias": {"_type": "histogram", "values": [1.0, 0.0, 1.0, 0.0, 0.0, 0.0, 0.0, 0.0, 0.0, 1.0, 2.0, 0.0, 0.0, 1.0, 0.0, 0.0, 2.0, 0.0, 0.0, 1.0, 5.0, 4.0, 8.0, 15.0, 52.0, 14.0, 2.0, 5.0, 2.0, 4.0, 1.0, 0.0, 0.0, 1.0, 0.0, 0.0, 0.0, 1.0, 0.0, 1.0, 0.0, 0.0, 0.0, 0.0, 0.0, 0.0, 0.0, 0.0, 1.0, 1.0, 0.0, 0.0, 1.0, 0.0, 0.0, 0.0, 0.0, 0.0, 0.0, 0.0, 0.0, 0.0, 0.0, 1.0],