{"accuracy": 0.10057357594936708, "epoch": 1, "_timestamp": 1699284883.5422926, "_runtime": 0.7261955738067627, "_step": 0, "_wandb": {"runtime": 0}}