{"epoch": 69, "acc_train": 0.0995, "train_loss": 2.312530279159546, "acc_val": 0.1, "loss_val": 2.310795545578003, "_timestamp": 1699930649.3765695, "_runtime": 215.03723859786987, "_step": 139, "global_step": 69, "Learning rate": 0.10000000149011612, "Batch size": 64.0, "Train/Accuracy": 0.09950000047683716, "Train/Loss": 2.312530279159546, "Val/Accuracy": 0.10000000149011612, "Val/Loss": 2.310795545578003, "Model/Norm": 197.56790161132812, "_wandb": {"runtime": 213}}