{"accuracy": 0.1437895569620253, "epoch": 1, "_timestamp": 1699283614.8901942, "_runtime": 0.6550862789154053, "_step": 0, "_wandb": {"runtime": 0}}