{"epoch": 49, "acc_train": 0.2705, "train_loss": 2.009206771850586, "acc_val": 0.251, "loss_val": 2.054943084716797, "_timestamp": 1699927533.3802156, "_runtime": 90.62073469161987, "_step": 99, "global_step": 49, "Learning rate": 0.10000000149011612, "Batch size": 128.0, "Train/Accuracy": 0.2705000042915344, "Train/Loss": 2.009206771850586, "Val/Accuracy": 0.25099998712539673, "Val/Loss": 2.054943084716797, "Model/Norm": 46.8234748840332, "_wandb": {"runtime": 88}}