{"acc": 0.313272, "loss": 9.818149266802536, "_timestamp": 1699815118.5282156, "_runtime": 6907.459102630615, "_step": 13, "_wandb": {"runtime": 958}}