{"accuracy": 0.10363924050632911, "epoch": 3, "_timestamp": 1699286001.9078686, "_runtime": 0.7013976573944092, "_step": 0, "_wandb": {"runtime": 0}}