{"accuracy": 0.15130537974683544, "epoch": 4, "_timestamp": 1699283763.3146627, "_runtime": 0.7174737453460693, "_step": 0, "_wandb": {"runtime": 0}}