{"epoch": 5, "batch": 108, "loss": 2.142505407333374, "_timestamp": 1699227402.9031513, "_runtime": 55.43387222290039, "_step": 6358, "_wandb": {"runtime": 54}}