{"acc": 0.2649, "acc_val": 0.2629, "_timestamp": 1699290770.1770735, "_runtime": 343.62979459762573, "_step": 110, "_wandb": {"runtime": 343}}