{"accuracy": 0.21400316455696203, "epoch": 2, "_timestamp": 1699284983.2028193, "_runtime": 0.6783342361450195, "_step": 0, "_wandb": {"runtime": 0}}