{"acc": 0.9906, "acc_val": 0.5314, "_timestamp": 1699291647.7968147, "_runtime": 242.0472376346588, "_step": 104, "_wandb": {"runtime": 241}}