{"accuracy": 0.1138251582278481, "epoch": 0, "_timestamp": 1699285050.5965621, "_runtime": 0.68113112449646, "_step": 0, "_wandb": {"runtime": 0}}