{"gradients/fc4.bias": {"_type": "histogram", "values": [1.0, 0.0, 0.0, 0.0, 0.0, 0.0, 0.0, 0.0, 0.0, 0.0, 0.0, 0.0, 0.0, 0.0, 0.0, 0.0, 0.0, 0.0, 0.0, 0.0, 0.0, 0.0, 1.0, 0.0, 0.0, 0.0, 0.0, 0.0, 0.0, 0.0, 0.0, 0.0, 0.0, 0.0, 0.0, 0.0, 0.0, 1.0, 0.0, 0.0, 0.0, 0.0, 0.0, 0.0, 0.0, 0.0, 0.0, 1.0, 2.0, 0.0, 0.0, 0.0, 0.0, 0.0, 0.0, 0.0, 0.0, 2.0, 1.0, 0.0, 0.0, 0.0, 0.0, 1.0], "bins": [-0.19733881950378418, -0.1928558349609375, -0.18837285041809082, -0.18388986587524414, -0.17940688133239746, -0.17492389678955078, -0.1704409122467041, -0.16595792770385742, -0.16147494316101074, -0.15699194371700287, -0.1525089591741562, -0.1480259746313095, -0.14354299008846283, -0.13906000554561615, -0.13457702100276947, -0.1300940364599228, -0.1256110519170761, -0.12112806737422943, -0.11664508283138275, -0.11216209828853607, -0.10767911374568939, -0.10319612175226212, -0.09871313720941544, -0.09423015266656876, -0.08974716812372208, -0.0852641835808754, -0.08078119903802872, -0.07629821449518204, -0.07181522250175476, -0.06733223795890808, -0.0628492534160614, -0.05836626887321472, -0.05388326942920685, -0.04940028488636017, -0.04491730034351349, -0.04043431207537651, -0.03595132753252983, -0.03146834298968315, -0.026985356584191322, -0.022502370178699493, -0.018019385635852814, -0.01353640016168356, -0.009053414687514305, -0.004570429213345051, -8.744373917579651e-05, 0.004395541734993458, 0.008878527209162712, 0.013361512683331966, 0.01784449815750122, 0.0223274827003479, 0.02681046910583973, 0.03129345551133156, 0.03577644005417824, 0.04025942459702492, 0.044742412865161896, 0.049225397408008575, 0.053708381950855255, 0.058191366493701935, 0.06267435103654861, 0.0671573355793953, 0.07164032757282257, 0.07612331211566925, 0.08060629665851593, 0.08508928120136261, 0.08957226574420929]}, "_timestamp": 1699911865.8449795, "gradients/fc4.weight": {"_type": "histogram", "values": [2.0, 1.0, 0.0, 0.0, 3.0, 4.0, 7.0, 9.0, 3.0, 9.0, 14.0, 16.0, 12.0, 22.0, 41.0, 47.0, 63.0, 62.0, 36.0, 32.0, 17.0, 21.0, 23.0, 17.0, 17.0, 11.0, 12.0, 13.0, 6.0, 8.0, 3.0, 5.0, 6.0, 7.0, 6.0, 9.0, 6.0, 8.0, 7.0, 6.0, 5.0, 4.0, 4.0, 3.0, 6.0, 3.0, 0.0, 2.0, 3.0, 0.0, 1.0, 1.0, 3.0, 1.0, 1.0, 0.0, 0.0, 1.0, 2.0, 1.0, 2.0, 3.0, 1.0, 2.0], "bins": [-0.09074956178665161, -0.08657127618789673, -0.08239298313856125, -0.07821469753980637, -0.07403640449047089, -0.069858118891716, -0.06567983329296112, -0.06150154396891594, -0.05732325464487076, -0.05314496532082558, -0.048966675996780396, -0.04478839039802551, -0.04061010107398033, -0.03643181174993515, -0.03225352615118027, -0.028075236827135086, -0.023896947503089905, -0.019718658179044724, -0.015540370717644691, -0.011362082324922085, -0.007183793932199478, -0.0030055055394768715, 0.0011727828532457352, 0.005351071245968342, 0.009529359638690948, 0.013707648031413555, 0.017885936424136162, 0.022064223885536194, 0.026242513209581375, 0.030420802533626556, 0.03459908813238144, 0.03877737745642662, 0.042955681681632996, 0.04713397100567818, 0.05131226032972336, 0.05549054592847824, 0.05966883525252342, 0.0638471245765686, 0.06802541017532349, 0.07220370322465897, 0.07638198882341385, 0.08056027442216873, 0.08473856747150421, 0.0889168530702591, 0.09309513866901398, 0.09727343171834946, 0.10145171731710434, 0.10563001036643982, 0.1098082959651947, 0.11398658156394958, 0.11816487461328506, 0.12234316021203995, 0.12652145326137543, 0.1306997388601303, 0.1348780244588852, 0.13905631005764008, 0.14323461055755615, 0.14741289615631104, 0.15159118175506592, 0.1557694673538208, 0.15994775295257568, 0.16412603855133057, 0.16830433905124664, 0.17248262465000153, 0.1766609102487564]}, "gradients/fc3.bias": {"_type": "histogram", "values": [1.0, 1.0, 0.0, 1.0, 0.0, 2.0, 0.0, 1.0, 1.0, 2.0, 4.0, 1.0, 2.0, 0.0, 1.0, 1.0, 1.0, 1.0, 0.0, 0.0, 1.0, 3.0, 1.0, 0.0, 1.0, 0.0, 0.0, 3.0, 3.0, 2.0, 3.0, 6.0, 3.0, 1.0, 1.0, 0.0, 0.0, 2.0, 0.0, 2.0, 0.0, 0.0, 1.0, 2.0, 0.0, 0.0, 0.0, 0.0, 2.0, 0.0, 0.0, 0.0, 2.0, 0.0, 0.0, 0.0, 0.0, 0.0, 2.0, 0.0, 1.0, 1.0, 0.0, 1.0], "bins": [-0.0005048695020377636, -0.00048817196511663496, -0.00047147442819550633, -0.00045477692037820816, -0.00043807938345707953, -0.0004213818465359509, -0.0004046843387186527, -0.0003879868017975241, -0.00037128926487639546, -0.00035459172795526683, -0.0003378941910341382, -0.00032119668321684003, -0.0003044991462957114, -0.00028780160937458277, -0.0002711041015572846, -0.00025440656463615596, -0.00023770902771502733, -0.0002210114907938987, -0.0002043139684246853, -0.0001876164460554719, -0.00017091890913434327, -0.00015422137221321464, -0.00013752384984400123, -0.00012082632019883022, -0.0001041287905536592, -8.743126090848818e-05, -7.073373126331717e-05, -5.403620161814615e-05, -3.7338671972975135e-05, -2.064114232780412e-05, -3.943612682633102e-06, 1.2753916962537915e-05, 2.9451504815369844e-05, 4.614903446054086e-05, 6.284656410571188e-05, 7.95440937508829e-05, 9.624162339605391e-05, 0.00011293915304122493, 0.00012963668268639594, 0.00014633420505560935, 0.00016303174197673798, 0.0001797292788978666, 0.00019642680126708, 0.0002131243236362934, 0.00022982186055742204, 0.00024651939747855067, 0.00026321690529584885, 0.0002799144422169775, 0.0002966119791381061, 0.00031330951605923474, 0.00033000705298036337, 0.00034670456079766154, 0.0003634020977187902, 0.0003800996346399188, 0.000396797142457217, 0.0004134946793783456, 0.00043019221629947424, 0.00044688975322060287, 0.0004635872901417315, 0.0004802847979590297, 0.0004969823639839888, 0.0005136798718012869, 0.0005303773796185851, 0.0005470749456435442, 0.0005637724534608424]}, "gradients/fc3.weight": {"_type": "histogram", "values": [1.0, 0.0, 2.0, 3.0, 0.0, 1.0, 1.0, 3.0, 3.0, 4.0, 5.0, 8.0, 6.0, 11.0, 8.0, 12.0, 25.0, 29.0, 24.0, 27.0, 23.0, 35.0, 35.0, 43.0, 48.0, 57.0, 93.0, 109.0, 141.0, 237.0, 422.0, 2564.0, 3214.0, 285.0, 199.0, 104.0, 74.0, 74.0, 44.0, 24.0, 38.0, 24.0, 17.0, 13.0, 13.0, 13.0, 15.0, 4.0, 8.0, 6.0, 8.0, 7.0, 5.0, 6.0, 2.0, 5.0, 0.0, 4.0, 0.0, 2.0, 1.0, 0.0, 1.0, 2.0], "bins": [-0.07882345467805862, -0.07636057585477829, -0.07389770448207855, -0.07143482565879822, -0.06897194683551788, -0.06650907546281815, -0.06404619663953781, -0.061583321541547775, -0.05912044644355774, -0.0566575713455677, -0.05419469624757767, -0.05173181742429733, -0.0492689423263073, -0.04680606722831726, -0.044343188405036926, -0.04188031330704689, -0.039417438209056854, -0.03695456311106682, -0.03449168801307678, -0.03202880918979645, -0.029565934091806412, -0.027103058993816376, -0.02464018203318119, -0.022177305072546005, -0.01971442997455597, -0.017251554876565933, -0.014788677915930748, -0.012325801886618137, -0.009862925857305527, -0.007400049827992916, -0.0049371737986803055, -0.002474297769367695, -1.1429190635681152e-05, 0.0024514468386769295, 0.00491432286798954, 0.007377198897302151, 0.009840074926614761, 0.012302950955927372, 0.014765826985239983, 0.017228703945875168, 0.019691579043865204, 0.02215445414185524, 0.024617331102490425, 0.02708020806312561, 0.029543083161115646, 0.03200595825910568, 0.03446883708238602, 0.03693171218037605, 0.03939458727836609, 0.041857462376356125, 0.04432033747434616, 0.046783216297626495, 0.04924609139561653, 0.05170896649360657, 0.0541718453168869, 0.05663472041487694, 0.059097595512866974, 0.06156047061085701, 0.06402334570884705, 0.06648622453212738, 0.06894910335540771, 0.07141197472810745, 0.07387485355138779, 0.07633772492408752, 0.07880060374736786]}, "gradients/fc2.bias": {"_type": "histogram", "values": [1.0, 0.0, 1.0, 0.0, 0.0, 0.0, 0.0, 0.0, 0.0, 0.0, 2.0, 2.0, 0.0, 1.0, 0.0, 1.0, 0.0, 1.0, 4.0, 3.0, 4.0, 2.0, 4.0, 3.0, 58.0, 6.0, 6.0, 2.0, 4.0, 3.0, 1.0, 1.0, 1.0, 2.0, 0.0, 1.0, 0.0, 0.0, 0.0, 3.0, 1.0, 0.0, 2.0, 3.0, 0.0, 0.0, 0.0, 0.0, 1.0, 0.0, 0.0, 0.0, 1.0, 0.0, 1.0, 0.0, 1.0, 0.0, 0.0, 0.0, 0.0, 0.0, 0.0, 1.0],