{"epoch": 69, "acc_train": 0.1009, "train_loss": 2.304918050765991, "acc_val": 0.1, "loss_val": 2.3047122955322266, "_timestamp": 1699922232.702373, "_runtime": 78.04226207733154, "_step": 139, "global_step": 69, "Learning rate": 0.05000000074505806, "Batch size": 256.0, "Train/Accuracy": 0.10090000182390213, "Train/Loss": 2.304918050765991, "Val/Accuracy": 0.10000000149011612, "Val/Loss": 2.3047122955322266, "Model/Norm": 103.08523559570312, "_wandb": {"runtime": 76}}