{"acc": 0.9653, "acc_val": 0.5185, "_timestamp": 1699279985.0417984, "_runtime": 192.51403641700745, "_step": 122, "_wandb": {"runtime": 191}}