{"train_acc": 0.4773, "train_loss": 1.4798, "_timestamp": 1699913542.726209, "_runtime": 110.92452502250671, "_step": 19799, "validation_acc": 0.4104, "validation_loss": 1.662, "Model/Norm": 47.630794525146484, "loss_per_batch": 1.5949, "_wandb": {"runtime": 114}}