{"batch loss": 2.302422523498535, "_timestamp": 1699296492.9094312, "_runtime": 213.80033326148987, "_step": 587, "loss": 0.008994790348104941, "epoch": 2, "_wandb": {"runtime": 211}}