{"epoch": 49, "accuracy": 0.3429, "_timestamp": 1699908113.3952196, "_runtime": 197.3978316783905, "_step": 49, "_wandb": {"runtime": 195}}