{"epoch": 69, "acc_train": 0.4501, "train_loss": 1.5475672483444214, "acc_val": 0.3361, "loss_val": 1.9826112985610962, "_timestamp": 1699926591.5505354, "_runtime": 75.34683442115784, "_step": 139, "global_step": 69, "Learning rate": 0.05000000074505806, "Batch size": 256.0, "Train/Accuracy": 0.45010000467300415, "Train/Loss": 1.5475672483444214, "Val/Accuracy": 0.3361000120639801, "Val/Loss": 1.9826112985610962, "Model/Norm": 58.311180114746094, "_wandb": {"runtime": 74}}