{"Val Accuracy/Epoch": 0.3952, "Val Loss/Epoch": 34.07994079589844, "_timestamp": 1699910879.4687638, "_runtime": 13.973082780838013, "_step": 49, "gradients/graph_6fc3.bias": {"_type": "histogram", "values": [1.0, 0.0, 0.0, 0.0, 1.0, 0.0, 0.0, 0.0, 0.0, 0.0, 0.0, 0.0, 0.0, 0.0, 0.0, 0.0, 1.0, 0.0, 0.0, 0.0, 1.0, 0.0, 0.0, 0.0, 0.0, 0.0, 1.0, 0.0, 0.0, 0.0, 0.0, 0.0, 0.0, 0.0, 0.0, 1.0, 0.0, 0.0, 0.0, 1.0, 1.0, 0.0, 0.0, 0.0, 0.0, 0.0, 0.0, 0.0, 0.0, 0.0, 0.0, 0.0, 0.0, 0.0, 0.0, 0.0, 0.0, 0.0, 0.0, 1.0, 0.0, 0.0, 0.0, 1.0], "bins": [-0.02353304997086525, -0.022766629233956337, -0.022000208497047424, -0.021233785897493362, -0.02046736516058445, -0.019700944423675537, -0.018934523686766624, -0.018168102949857712, -0.01740168035030365, -0.016635259613394737, -0.015868838876485825, -0.015102418139576912, -0.014335997402668, -0.013569575734436512, -0.0128031549975276, -0.012036733329296112, -0.0112703125923872, -0.010503891855478287, -0.0097374701872468, -0.008971049450337887, -0.0082046277821064, -0.007438207045197487, -0.006671786308288574, -0.0059053655713796616, -0.005138944834470749, -0.004372522234916687, -0.0036061014980077744, -0.0028396807610988617, -0.002073260024189949, -0.0013068392872810364, -0.0005404166877269745, 0.00022600404918193817, 0.0009924247860908508, 0.0017588455229997635, 0.002525266259908676, 0.003291688859462738, 0.004058109596371651, 0.004824530333280563, 0.005590951070189476, 0.006357371807098389, 0.0071237944066524506, 0.007890215143561363, 0.008656635880470276, 0.009423056617379189, 0.010189477354288101, 0.010955899022519588, 0.011722319759428501, 0.012488741427659988, 0.013255162164568901, 0.014021582901477814, 0.014788004569709301, 0.015554425306618214, 0.0163208469748497, 0.017087267711758614, 0.017853688448667526, 0.01862010918557644, 0.01938652992248535, 0.020152952522039413, 0.020919373258948326, 0.02168579399585724, 0.02245221473276615, 0.023218635469675064, 0.023985058069229126, 0.02475147880613804, 0.02551789954304695]}, "gradients/graph_6fc3.weight": {"_type": "histogram", "values": [1.0, 0.0, 0.0, 0.0, 0.0, 0.0, 0.0, 2.0, 0.0, 0.0, 1.0, 0.0, 0.0, 2.0, 0.0, 0.0, 2.0, 1.0, 4.0, 2.0, 2.0, 4.0, 5.0, 3.0, 4.0, 4.0, 11.0, 9.0, 5.0, 14.0, 13.0, 14.0, 25.0, 22.0, 36.0, 31.0, 34.0, 47.0, 74.0, 30.0, 33.0, 34.0, 30.0, 23.0, 14.0, 15.0, 15.0, 10.0, 8.0, 12.0, 7.0, 5.0, 4.0, 8.0, 7.0, 4.0, 1.0, 1.0, 3.0, 1.0, 0.0, 1.0, 0.0, 2.0], "bins": [-0.09791049361228943, -0.09534795582294464, -0.09278541058301926, -0.09022287279367447, -0.08766033500432968, -0.0850977897644043, -0.08253525197505951, -0.07997271418571472, -0.07741017639636993, -0.07484763115644455, -0.07228509336709976, -0.06972254812717438, -0.06716001033782959, -0.0645974725484848, -0.062034931033849716, -0.05947239324450493, -0.05690985172986984, -0.054347310215234756, -0.05178477242588997, -0.04922223091125488, -0.046659693121910095, -0.04409715160727501, -0.04153461009263992, -0.038972072303295135, -0.03640953078866005, -0.03384698927402496, -0.031284451484680176, -0.028721913695335388, -0.026159368455410004, -0.023596830666065216, -0.02103429287672043, -0.018471747636795044, -0.015909217298030853, -0.013346679508686066, -0.010784134268760681, -0.008221596479415894, -0.005659058690071106, -0.0030965134501457214, -0.0005339756608009338, 0.0020285621285438538, 0.00459110364317894, 0.007153645157814026, 0.009716182947158813, 0.0122787244617939, 0.014841265976428986, 0.017403803765773773, 0.01996634528040886, 0.022528883069753647, 0.025091424584388733, 0.02765396609902382, 0.030216503888368607, 0.03277904540300369, 0.03534158319234848, 0.037904124706983566, 0.04046666622161865, 0.04302920401096344, 0.045591745525598526, 0.04815428704023361, 0.0507168248295784, 0.053279366344213486, 0.05584190785884857, 0.05840444564819336, 0.060966987162828445, 0.06352952867746353, 0.06609206646680832]}, "gradients/graph_6fc2.bias": {"_type": "histogram", "values": [1.0, 0.0, 0.0, 0.0, 0.0, 0.0, 1.0, 1.0, 0.0, 0.0, 0.0, 3.0, 1.0, 0.0, 2.0, 0.0, 3.0, 0.0, 2.0, 2.0, 1.0, 0.0, 2.0, 4.0, 1.0, 2.0, 3.0, 5.0, 2.0, 2.0, 2.0, 2.0, 0.0, 3.0, 0.0, 2.0, 1.0, 1.0, 1.0, 3.0, 1.0, 0.0, 0.0, 1.0, 0.0, 2.0, 2.0, 1.0, 0.0, 0.0, 1.0, 0.0, 1.0, 0.0, 0.0, 0.0, 0.0, 0.0, 0.0, 0.0, 0.0, 1.0, 0.0, 1.0], "bins": [-0.013260351493954659, -0.012791724875569344, -0.012323098257184029, -0.011854471638798714, -0.011385845020413399, -0.010917218402028084, -0.010448591783642769, -0.009979965165257454, -0.009511338546872139, -0.009042711928486824, -0.008574085310101509, -0.008105458691716194, -0.0076368325389921665, -0.007168205920606852, -0.006699579302221537, -0.006230952683836222, -0.005762326065450907, -0.005293699912726879, -0.004825073294341564, -0.004356446675956249, -0.0038878200575709343, -0.0034191934391856194, -0.0029505668208003044, -0.0024819402024149895, -0.0020133135840296745, -0.0015446869656443596, -0.0010760603472590446, -0.0006074337288737297, -0.00013880711048841476, 0.0003298195078969002, 0.0007984461262822151, 0.00126707274466753, 0.001735699363052845, 0.00220432598143816, 0.002672952599823475, 0.00314157921820879, 0.0036102058365941048, 0.00407883245497942, 0.004547459073364735, 0.00501608569175005, 0.0054847123101353645, 0.0059533389285206795, 0.006421965546905994, 0.006890592165291309, 0.007359218783676624, 0.00782784540206194, 0.008296472020447254, 0.008765098638832569, 0.00923372432589531, 0.009702350944280624, 0.01017097756266594, 0.010639604181051254, 0.01110823079943657, 0.011576857417821884, 0.012045484036207199, 0.012514110654592514, 0.012982737272977829, 0.013451363891363144, 0.013919990509748459, 0.014388617128133774, 0.014857243746519089, 0.015325870364904404, 0.01579449698328972, 0.016263123601675034, 0.01673175022006035]}, "gradients/graph_6fc2.weight": {"_type": "histogram", "values": [1.0, 0.0, 1.0, 0.0, 0.0, 1.0, 0.0, 1.0, 1.0, 0.0, 4.0, 1.0, 5.0, 5.0, 5.0, 3.0, 15.0, 11.0, 22.0, 23.0, 31.0, 57.0, 98.0, 140.0, 209.0, 465.0, 931.0, 2608.0, 1627.0, 828.0, 409.0, 231.0, 135.0, 89.0, 70.0, 38.0, 29.0, 16.0, 19.0, 15.0, 11.0, 9.0, 3.0, 7.0, 0.0, 2.0, 1.0, 3.0, 3.0, 3.0, 2.0, 1.0, 1.0, 0.0, 0.0, 0.0, 0.0, 0.0, 1.0, 0.0, 0.0, 0.0, 0.0, 1.0], "bins": [-0.07197844982147217, -0.06939936429262161, -0.06682028621435165, -0.0642412006855011, -0.06166211515665054, -0.059083033353090286, -0.05650395154953003, -0.053924866020679474, -0.05134578421711922, -0.04876670241355896, -0.046187616884708405, -0.04360853508114815, -0.04102945327758789, -0.038450367748737335, -0.03587128594517708, -0.03329220041632652, -0.030713118612766266, -0.02813403680920601, -0.025554951280355453, -0.022975869476795197, -0.02039678394794464, -0.017817702144384384, -0.015238620340824127, -0.012659534811973572, -0.010080453008413315, -0.007501371204853058, -0.0049222856760025024, -0.002343200147151947, 0.00023587793111801147, 0.002814963459968567, 0.005394048988819122, 0.00797312706708908, 0.01055220514535904, 0.013131290674209595, 0.015710368752479553, 0.01828945428133011, 0.020868539810180664, 0.023447617888450623, 0.026026703417301178, 0.028605788946151733, 0.03118487074971199, 0.03376395255327225, 0.0363430380821228, 0.03892211988568306, 0.04150120168924332, 0.04408028721809387, 0.04665936902165413, 0.049238454550504684, 0.05181753635406494, 0.0543966181576252, 0.056975703686475754, 0.05955478549003601, 0.062133871018886566, 0.06471295654773712, 0.06729203462600708, 0.06987112015485764, 0.07245020568370819, 0.07502928376197815, 0.0776083692908287, 0.08018745481967926, 0.08276653289794922, 0.08534561842679977, 0.08792470395565033, 0.09050378203392029, 0.09308286756277084]}, "gradients/graph_6fc1.bias": {"_type": "histogram", "values": [1.0, 0.0, 0.0, 0.0, 0.0, 0.0, 0.0, 0.0, 0.0, 0.0, 1.0, 1.0, 1.0, 1.0, 1.0, 2.0, 1.0, 2.0, 1.0, 1.0, 0.0, 2.0, 1.0, 3.0, 0.0, 4.0, 4.0, 4.0, 8.0, 7.0, 7.0, 6.0, 9.0, 14.0, 6.0, 8.0, 4.0, 2.0, 5.0, 4.0, 3.0, 4.0, 2.0, 1.0, 2.0, 1.0, 0.0, 0.0, 3.0, 0.0, 0.0, 0.0, 0.0, 0.0, 0.0, 0.0, 0.0, 0.0, 0.0, 0.0, 0.0, 0.0, 0.0, 1.0],