{"accuracy": 0.10344145569620253, "epoch": 0, "_timestamp": 1699284872.6035004, "_runtime": 0.6719052791595459, "_step": 0, "_wandb": {"runtime": 0}}