{"batch loss": 2.3028972148895264, "_timestamp": 1699295656.63651, "_runtime": 157.99720883369446, "_step": 1172, "loss": 0.01798898684195219, "epoch": 2, "_wandb": {"runtime": 157}}