{"epoch": 29, "acc_train": 0.2121, "train_loss": 2.1256484985351562, "acc_val": 0.2159, "loss_val": 2.1396241188049316, "_timestamp": 1699928640.0749366, "_runtime": 66.54985451698303, "_step": 59, "global_step": 29, "Learning rate": 0.0010000000474974513, "Batch size": 128.0, "Train/Accuracy": 0.21209999918937683, "Train/Loss": 2.1256484985351562, "Val/Accuracy": 0.2159000039100647, "Val/Loss": 2.1396241188049316, "Model/Norm": 94.56261444091797, "_wandb": {"runtime": 65}}