{"epoch": 69, "acc_train": 0.4051, "train_loss": 1.6636059284210205, "acc_val": 0.3118, "loss_val": 2.058448076248169, "_timestamp": 1699924951.968166, "_runtime": 109.44146013259888, "_step": 139, "global_step": 69, "Learning rate": 0.05000000074505806, "Batch size": 128.0, "Train/Accuracy": 0.4050999879837036, "Val/Accuracy": 0.3118000030517578, "Train/Loss": 1.6636059284210205, "Val/Loss": 2.058448076248169, "Model/Norm": 68.97954559326172, "_wandb": {"runtime": 108}}