{"accuracy": 0.17869857594936708, "epoch": 3, "_timestamp": 1699286101.4557164, "_runtime": 0.7308802604675293, "_step": 0, "_wandb": {"runtime": 0}}