{"acc": 0.6863, "acc_val": 0.5018, "_timestamp": 1699289601.9625762, "_runtime": 194.1208052635193, "_step": 81, "_wandb": {"runtime": 193}}