{"accuracy": 0.0959256329113924, "epoch": 2, "_timestamp": 1699283922.2400277, "_runtime": 0.7980926036834717, "_step": 0, "_wandb": {"runtime": 0}}