{"epoch": 49, "acc_train": 0.3109, "train_loss": 1.9464638233184814, "acc_val": 0.2943, "loss_val": 1.9840011596679688, "_timestamp": 1699931334.8942642, "_runtime": 64.9624252319336, "_step": 99, "global_step": 49, "Learning rate": 0.004999999888241291, "Batch size": 256.0, "Train/Accuracy": 0.3109000027179718, "Train/Loss": 1.9464638233184814, "Val/Accuracy": 0.29429998993873596, "Val/Loss": 1.9840011596679688, "Model/Norm": 14.946057319641113, "_wandb": {"runtime": 63}}