{"batch loss": 2.286336660385132, "_timestamp": 1699296762.9968069, "_runtime": 259.7063989639282, "_step": 4688, "loss": 0.0712757994743987, "epoch": 2, "_wandb": {"runtime": 258}}