{"accuracy": 0.24268196202531644, "epoch": 2, "_timestamp": 1699284342.9727318, "_runtime": 0.6472957134246826, "_step": 0, "_wandb": {"runtime": 0}}