{"acc": 0.1304286858974359, "loss": 2.284458841421665, "_timestamp": 1699274551.2556021, "_runtime": 73.285236120224, "_step": 99, "val_acc": 0.1272, "val_loss": 2.296134042739868, "_wandb": {"runtime": 72}}