{"Val Accuracy/Epoch": 0.3878, "Val Loss/Epoch": 34.710693359375, "_timestamp": 1699910941.9189582, "_runtime": 15.489956140518188, "_step": 49, "gradients/graph_9fc3.bias": {"_type": "histogram", "values": [1.0, 0.0, 0.0, 0.0, 0.0, 1.0, 0.0, 0.0, 0.0, 0.0, 0.0, 0.0, 0.0, 0.0, 0.0, 0.0, 0.0, 1.0, 0.0, 0.0, 0.0, 0.0, 0.0, 0.0, 0.0, 1.0, 0.0, 0.0, 0.0, 0.0, 0.0, 0.0, 0.0, 0.0, 0.0, 0.0, 0.0, 0.0, 0.0, 0.0, 0.0, 0.0, 0.0, 0.0, 2.0, 1.0, 0.0, 0.0, 0.0, 0.0, 1.0, 0.0, 0.0, 0.0, 0.0, 0.0, 0.0, 0.0, 0.0, 1.0, 0.0, 0.0, 0.0, 1.0], "bins": [-0.03175361454486847, -0.030864238739013672, -0.029974862933158875, -0.029085487127304077, -0.02819611132144928, -0.027306735515594482, -0.026417359709739685, -0.025527983903884888, -0.02463860809803009, -0.023749232292175293, -0.022859856486320496, -0.021970480680465698, -0.02108110673725605, -0.020191730931401253, -0.019302355125546455, -0.018412979319691658, -0.01752360351383686, -0.016634227707982063, -0.015744851902127266, -0.014855476096272469, -0.013966100290417671, -0.013076724484562874, -0.012187348678708076, -0.011297972872853279, -0.010408598929643631, -0.009519223123788834, -0.008629847317934036, -0.007740471512079239, -0.0068510957062244415, -0.005961719900369644, -0.005072344094514847, -0.0041829682886600494, -0.003293590620160103, -0.0024042148143053055, -0.0015148390084505081, -0.0006254632025957108, 0.0002639126032590866, 0.001153288409113884, 0.0020426642149686813, 0.0029320400208234787, 0.003821415826678276, 0.004710789769887924, 0.0056001655757427216, 0.006489541381597519, 0.007378917187452316, 0.008268292993307114, 0.009157668799161911, 0.010047044605016708, 0.010936420410871506, 0.011825796216726303, 0.0127151720225811, 0.013604547828435898, 0.014493923634290695, 0.015383298508822918, 0.01627267524600029, 0.017162051051855087, 0.018051426857709885, 0.018940802663564682, 0.01983017846941948, 0.020719552412629128, 0.021608928218483925, 0.022498304024338722, 0.02338767983019352, 0.024277055636048317, 0.025166431441903114]}, "gradients/graph_9fc3.weight": {"_type": "histogram", "values": [1.0, 0.0, 0.0, 0.0, 1.0, 0.0, 0.0, 1.0, 0.0, 0.0, 0.0, 4.0, 1.0, 2.0, 2.0, 0.0, 2.0, 3.0, 1.0, 4.0, 2.0, 1.0, 6.0, 6.0, 5.0, 6.0, 4.0, 3.0, 5.0, 6.0, 12.0, 6.0, 9.0, 10.0, 17.0, 14.0, 19.0, 24.0, 156.0, 36.0, 40.0, 48.0, 22.0, 36.0, 29.0, 21.0, 16.0, 11.0, 12.0, 6.0, 4.0, 3.0, 5.0, 4.0, 3.0, 3.0, 1.0, 2.0, 0.0, 0.0, 0.0, 1.0, 2.0, 2.0], "bins": [-0.11971946805715561, -0.11664476990699768, -0.11357007175683975, -0.11049537360668182, -0.1074206680059433, -0.10434596985578537, -0.10127127170562744, -0.09819657355546951, -0.09512187540531158, -0.09204717725515366, -0.08897247910499573, -0.0858977735042572, -0.08282308280467987, -0.07974837720394135, -0.07667367905378342, -0.07359898090362549, -0.07052428275346756, -0.06744958460330963, -0.0643748864531517, -0.061300184577703476, -0.05822548642754555, -0.05515078455209732, -0.05207608640193939, -0.049001388251781464, -0.045926690101623535, -0.04285199195146561, -0.03977729380130768, -0.03670259565114975, -0.033627890050411224, -0.030553191900253296, -0.027478493750095367, -0.02440379559993744, -0.02132909744977951, -0.018254399299621582, -0.015179701149463654, -0.012105002999305725, -0.009030304849147797, -0.005955599248409271, -0.0028809010982513428, 0.0001937970519065857, 0.003268495202064514, 0.006343193352222443, 0.009417891502380371, 0.0124925896525383, 0.015567291527986526, 0.018641989678144455, 0.021716691553592682, 0.02479138970375061, 0.02786608785390854, 0.030940786004066467, 0.034015484154224396, 0.03709018602967262, 0.04016488417983055, 0.04323958232998848, 0.04631428420543671, 0.049388982355594635, 0.052463680505752563, 0.05553837865591049, 0.05861307680606842, 0.06168777868151665, 0.06476247310638428, 0.0678371787071228, 0.07091187685728073, 0.07398657500743866, 0.07706127315759659]}, "gradients/graph_9fc2.bias": {"_type": "histogram", "values": [1.0, 0.0, 1.0, 0.0, 0.0, 0.0, 0.0, 0.0, 0.0, 0.0, 2.0, 0.0, 0.0, 1.0, 0.0, 1.0, 0.0, 0.0, 0.0, 0.0, 2.0, 2.0, 0.0, 1.0, 1.0, 1.0, 3.0, 1.0, 1.0, 3.0, 2.0, 2.0, 1.0, 3.0, 14.0, 1.0, 0.0, 2.0, 1.0, 0.0, 0.0, 2.0, 0.0, 1.0, 0.0, 0.0, 1.0, 1.0, 1.0, 1.0, 0.0, 1.0, 2.0, 0.0, 1.0, 0.0, 1.0, 0.0, 0.0, 0.0, 2.0, 0.0, 0.0, 3.0], "bins": [-0.014467460103332996, -0.014044851064682007, -0.013622242026031017, -0.013199632987380028, -0.012777023017406464, -0.012354414910078049, -0.011931804940104485, -0.011509195901453495, -0.011086586862802505, -0.010663977824151516, -0.010241368785500526, -0.009818758815526962, -0.009396150708198547, -0.008973540738224983, -0.008550931699573994, -0.008128322660923004, -0.007705713622272015, -0.007283104583621025, -0.0068604955449700356, -0.006437886506319046, -0.0060152774676680565, -0.005592667497694492, -0.005170058459043503, -0.004747449420392513, -0.004324840381741524, -0.003902231343090534, -0.0034796223044395447, -0.003057013265788555, -0.002634403295814991, -0.0022117942571640015, -0.001789185218513012, -0.0013665761798620224, -0.0009439680725336075, -0.000521359033882618, -9.874999523162842e-05, 0.0003238590434193611, 0.0007464680820703506, 0.0011690780520439148, 0.0015916870906949043, 0.002014296129345894, 0.0024369051679968834, 0.002859514206647873, 0.0032821232452988625, 0.003704732283949852, 0.004127342253923416, 0.004549951292574406, 0.004972560331225395, 0.005395169369876385, 0.005817778408527374, 0.006240387447178364, 0.006662996485829353, 0.00708560599014163, 0.00750821502879262, 0.007930824533104897, 0.008353433571755886, 0.008776042610406876, 0.009198651649057865, 0.009621260687708855, 0.010043869726359844, 0.010466478765010834, 0.010889088734984398, 0.011311697773635387, 0.011734306812286377, 0.012156915850937366, 0.012579524889588356]}, "gradients/graph_9fc2.weight": {"_type": "histogram", "values": [1.0, 0.0, 0.0, 0.0, 0.0, 0.0, 1.0, 1.0, 1.0, 0.0, 2.0, 2.0, 2.0, 5.0, 3.0, 2.0, 8.0, 4.0, 11.0, 10.0, 9.0, 8.0, 13.0, 23.0, 37.0, 36.0, 52.0, 65.0, 85.0, 144.0, 211.0, 327.0, 475.0, 5095.0, 472.0, 313.0, 207.0, 133.0, 93.0, 69.0, 56.0, 44.0, 30.0, 24.0, 14.0, 18.0, 12.0, 15.0, 13.0, 10.0, 9.0, 9.0, 4.0, 3.0, 4.0, 2.0, 1.0, 0.0, 1.0, 1.0, 0.0, 0.0, 1.0, 1.0], "bins": [-0.09268032014369965, -0.08991792798042297, -0.0871555358171463, -0.08439314365386963, -0.08163075149059296, -0.07886835932731628, -0.07610596716403961, -0.07334357500076294, -0.07058118283748627, -0.0678187906742096, -0.06505639851093292, -0.06229400634765625, -0.059531617909669876, -0.056769225746393204, -0.05400683358311653, -0.05124444141983986, -0.04848204925656319, -0.045719657093286514, -0.04295726493000984, -0.04019487276673317, -0.0374324806034565, -0.034670088440179825, -0.03190769627690315, -0.02914530783891678, -0.026382915675640106, -0.023620523512363434, -0.02085813134908676, -0.01809573918581009, -0.015333347022533417, -0.012570954859256744, -0.009808562695980072, -0.0070461705327034, -0.004283778369426727, -0.001521386206150055, 0.0012410059571266174, 0.00400339812040329, 0.006765790283679962, 0.009528182446956635, 0.012290574610233307, 0.01505296677350998, 0.01781535893678665, 0.020577751100063324, 0.023340139538049698, 0.02610253170132637, 0.028864923864603043, 0.031627316027879715, 0.03438970819115639, 0.03715210035443306, 0.03991449251770973, 0.042676884680986404, 0.04543927684426308, 0.04820166900753975, 0.05096406117081642, 0.053726449608802795, 0.05648884177207947, 0.05925123393535614, 0.06201362609863281, 0.06477601826190948, 0.06753841042518616, 0.07030080258846283, 0.0730631947517395, 0.07582558691501617, 0.07858797907829285, 0.08135037124156952, 0.08411276340484619]}, "gradients/graph_9fc1.bias": {"_type": "histogram", "values": [1.0, 0.0, 0.0, 0.0, 0.0, 2.0, 0.0, 1.0, 0.0, 1.0, 0.0, 0.0, 2.0, 0.0, 0.0, 1.0, 1.0, 3.0, 2.0, 2.0, 1.0, 2.0, 4.0, 2.0, 3.0, 4.0, 2.0, 2.0, 4.0, 58.0, 1.0, 4.0, 1.0, 0.0, 1.0, 1.0, 2.0, 4.0, 2.0, 4.0, 1.0, 0.0, 4.0, 1.0, 0.0, 0.0, 0.0, 0.0, 0.0, 0.0, 0.0, 0.0, 1.0, 0.0, 1.0, 0.0, 0.0, 0.0, 0.0, 0.0, 1.0, 0.0, 0.0, 1.0],