{"accuracy": 0.10630933544303797, "epoch": 3, "_timestamp": 1699284905.5188224, "_runtime": 0.6362004280090332, "_step": 0, "_wandb": {"runtime": 0}}