{"acc": 0.9075, "acc_val": 0.4944, "_timestamp": 1699281743.954806, "_runtime": 217.95626306533813, "_step": 124, "_wandb": {"runtime": 217}}