{"epoch": 29, "acc_train": 0.2742, "train_loss": 1.9945061206817627, "acc_val": 0.2345, "loss_val": 2.073911190032959, "_timestamp": 1699931077.8193457, "_runtime": 142.35527062416077, "_step": 59, "global_step": 29, "Batch size": 64.0, "Learning rate": 0.05000000074505806, "Train/Accuracy": 0.2741999924182892, "Train/Loss": 1.9945061206817627, "Val/Accuracy": 0.2345000058412552, "Val/Loss": 2.073911190032959, "Model/Norm": 39.83124542236328, "_wandb": {"runtime": 141}}