{"epoch": 69, "acc_train": 0.0995, "train_loss": 2.3036975860595703, "acc_val": 0.1, "loss_val": 2.3031222820281982, "_timestamp": 1699923646.9969013, "_runtime": 186.44876718521118, "_step": 139, "global_step": 69, "Learning rate": 0.0010000000474974513, "Batch size": 64.0, "Train/Accuracy": 0.09950000047683716, "Train/Loss": 2.3036975860595703, "Val/Accuracy": 0.10000000149011612, "Val/Loss": 2.3031222820281982, "Model/Norm": 38.05475997924805, "_wandb": {"runtime": 185}}