{"epoch": 49, "acc_train": 0.3241, "train_loss": 1.872792363166809, "acc_val": 0.2657, "loss_val": 2.107602834701538, "_timestamp": 1699922389.5998838, "_runtime": 88.12166571617126, "_step": 99, "global_step": 49, "Batch size": 128.0, "Learning rate": 0.10000000149011612, "Train/Accuracy": 0.32409998774528503, "Train/Loss": 1.872792363166809, "Val/Accuracy": 0.26570001244544983, "Val/Loss": 2.107602834701538, "Model/Norm": 62.784019470214844, "_wandb": {"runtime": 86}}