{"acc": 0.19038461538461537, "loss": 2.1102553110856275, "_timestamp": 1699273706.9393592, "_runtime": 59.99131226539612, "_step": 99, "val_acc": 0.1868, "val_loss": 2.264510703086853, "_wandb": {"runtime": 59}}