{"epoch": 59, "accuracy": 0.1, "_timestamp": 1699921520.4662354, "_runtime": 131.57962942123413, "_step": 59, "_wandb": {"runtime": 130}}