{"acc": 0.8663, "acc_val": 0.5027, "_timestamp": 1699283156.9769375, "_runtime": 256.33336544036865, "_step": 94, "_wandb": {"runtime": 255}}