{"epoch": 69, "acc_train": 0.1023, "train_loss": 2.3082544803619385, "acc_val": 0.1, "loss_val": 2.3163068294525146, "_timestamp": 1699927879.9319615, "_runtime": 113.40757846832275, "_step": 139, "global_step": 69, "Learning rate": 0.009999999776482582, "Batch size": 128.0, "Train/Accuracy": 0.1023000031709671, "Train/Loss": 2.3082544803619385, "Val/Accuracy": 0.10000000149011612, "Val/Loss": 2.3163068294525146, "Model/Norm": 425.7790832519531, "_wandb": {"runtime": 111}}