{"epoch": 69, "acc_train": 0.0994, "train_loss": 2.321233034133911, "acc_val": 0.1, "loss_val": 2.3137478828430176, "_timestamp": 1699923208.40635, "_runtime": 76.51656198501587, "_step": 139, "global_step": 69, "Learning rate": 0.05000000074505806, "Batch size": 256.0, "Train/Accuracy": 0.09939999878406525, "Val/Accuracy": 0.10000000149011612, "Train/Loss": 2.321233034133911, "Val/Loss": 2.3137478828430176, "Model/Norm": 2087.402099609375, "_wandb": {"runtime": 75}}