{"accuracy": 0.3146756329113924, "epoch": 1, "_timestamp": 1699285440.8663301, "_runtime": 0.6409902572631836, "_step": 0, "_wandb": {"runtime": 0}}