{"acc": 0.9492, "acc_val": 0.5241, "_timestamp": 1699283657.521519, "_runtime": 292.02891182899475, "_step": 100, "_wandb": {"runtime": 291}}