{"accuracy": 0.16356803797468356, "epoch": 1, "_timestamp": 1699284613.4139466, "_runtime": 0.6855907440185547, "_step": 0, "_wandb": {"runtime": 0}}