{"accuracy": 0.22389240506329114, "epoch": 1, "_timestamp": 1699284522.7401106, "_runtime": 0.7440097332000732, "_step": 0, "_wandb": {"runtime": 0}}