{"accuracy": 0.23971518987341772, "epoch": 0, "_timestamp": 1699284216.0047064, "_runtime": 0.830120325088501, "_step": 0, "_wandb": {"runtime": 0}}