{"accuracy": 0.25346123417721517, "epoch": 1, "_timestamp": 1699284229.2978806, "_runtime": 0.7136907577514648, "_step": 0, "_wandb": {"runtime": 0}}