{"epoch": 69, "acc_train": 0.3344, "train_loss": 1.8852458000183105, "acc_val": 0.3181, "loss_val": 1.9357656240463257, "_timestamp": 1699924771.6696305, "_runtime": 189.0011854171753, "_step": 139, "global_step": 69, "Learning rate": 0.004999999888241291, "Batch size": 64.0, "Train/Accuracy": 0.3343999981880188, "Train/Loss": 1.8852458000183105, "Val/Accuracy": 0.3181000053882599, "Val/Loss": 1.9357656240463257, "Model/Norm": 17.871339797973633, "_wandb": {"runtime": 187}}