{"accuracy": 0.09642009493670886, "epoch": 1, "_timestamp": 1699284131.0484703, "_runtime": 0.682145357131958, "_step": 0, "_wandb": {"runtime": 0}}