{"accuracy": 0.12697784810126583, "epoch": 0, "_timestamp": 1699283604.010331, "_runtime": 0.7236359119415283, "_step": 0, "_wandb": {"runtime": 0}}