{"accuracy": 0.2677017405063291, "epoch": 0, "_timestamp": 1699285137.1873443, "_runtime": 0.6597893238067627, "_step": 0, "_wandb": {"runtime": 0}}