{"training_loss": 38414.48591852188, "training_accuracy": 0.10426, "validation_loss": 110.76759624481201, "validation_accuracy": 0.1055, "_timestamp": 1699903607.3365972, "_runtime": 165.72687816619873, "_step": 24, "gradients/graph_6fc4.bias": {"_type": "histogram", "values": [2.0, 0.0, 3.0, 1.0, 1.0, 0.0, 1.0, 1.0, 0.0, 0.0, 0.0, 0.0, 0.0, 0.0, 0.0, 0.0, 0.0, 0.0, 0.0, 0.0, 0.0, 0.0, 0.0, 0.0, 0.0, 0.0, 0.0, 0.0, 0.0, 0.0, 0.0, 0.0, 0.0, 0.0, 0.0, 0.0, 0.0, 0.0, 0.0, 0.0, 0.0, 0.0, 0.0, 0.0, 0.0, 0.0, 0.0, 0.0, 0.0, 0.0, 0.0, 0.0, 0.0, 0.0, 0.0, 0.0, 0.0, 0.0, 0.0, 0.0, 0.0, 0.0, 0.0, 1.0], "bins": [-0.15625, -0.14013974368572235, -0.1240294948220253, -0.10791924595832825, -0.0918089896440506, -0.07569873332977295, -0.0595884844660759, -0.04347823187708855, -0.027367979288101196, -0.011257726699113846, 0.004852525889873505, 0.020962778478860855, 0.037073031067848206, 0.053183283656835556, 0.0692935362458229, 0.08540378510951996, 0.10151404142379761, 0.11762429773807526, 0.1337345540523529, 0.14984479546546936, 0.165955051779747, 0.18206530809402466, 0.1981755495071411, 0.21428580582141876, 0.2303960621356964, 0.24650631844997406, 0.2626165747642517, 0.27872681617736816, 0.2948370575904846, 0.31094732880592346, 0.3270575702190399, 0.34316784143447876, 0.3592780828475952, 0.37538832426071167, 0.3914985954761505, 0.40760883688926697, 0.4237191081047058, 0.43982934951782227, 0.4559395909309387, 0.47204986214637756, 0.488160103559494, 0.5042703747749329, 0.5203806161880493, 0.5364908576011658, 0.5526010990142822, 0.5687113404273987, 0.5848216414451599, 0.6009318828582764, 0.6170421242713928, 0.6331523656845093, 0.6492626070976257, 0.665372908115387, 0.6814831495285034, 0.6975933909416199, 0.7137036323547363, 0.7298138737678528, 0.7459241151809692, 0.7620344161987305, 0.7781446576118469, 0.7942548990249634, 0.8103651404380798, 0.8264753818511963, 0.8425856828689575, 0.858695924282074, 0.8748061656951904]}, "gradients/graph_6fc4.weight": {"_type": "histogram", "values": [1.0, 0.0, 2.0, 4.0, 0.0, 0.0, 0.0, 1.0, 1.0, 630.0, 0.0, 0.0, 0.0, 0.0, 0.0, 0.0, 0.0, 0.0, 0.0, 0.0, 0.0, 0.0, 0.0, 0.0, 0.0, 0.0, 0.0, 0.0, 0.0, 0.0, 0.0, 0.0, 0.0, 0.0, 0.0, 0.0, 0.0, 0.0, 0.0, 0.0, 0.0, 0.0, 0.0, 0.0, 0.0, 0.0, 0.0, 0.0, 0.0, 0.0, 0.0, 0.0, 0.0, 0.0, 0.0, 0.0, 0.0, 0.0, 0.0, 0.0, 0.0, 0.0, 0.0, 1.0], "bins": [-32.89068603515625, -29.553335189819336, -26.215984344482422, -22.878633499145508, -19.541282653808594, -16.203929901123047, -12.866579055786133, -9.529228210449219, -6.191877365112305, -2.8545262813568115, 0.48282480239868164, 3.820175886154175, 7.157526969909668, 10.494877815246582, 13.832229614257812, 17.169580459594727, 20.50693130493164, 23.844282150268555, 27.18163299560547, 30.518983840942383, 33.8563346862793, 37.193687438964844, 40.531036376953125, 43.86838912963867, 47.20574188232422, 50.5430908203125, 53.88044357299805, 57.21779251098633, 60.555145263671875, 63.892494201660156, 67.22984313964844, 70.56719970703125, 73.90454864501953, 77.24189758300781, 80.57925415039062, 83.9166030883789, 87.25395202636719, 90.59130096435547, 93.92865753173828, 97.26600646972656, 100.60335540771484, 103.94071197509766, 107.27806091308594, 110.61540985107422, 113.9527587890625, 117.29011535644531, 120.6274642944336, 123.96481323242188, 127.30216979980469, 130.63951110839844, 133.97686767578125, 137.31422424316406, 140.6515655517578, 143.98892211914062, 147.32627868652344, 150.6636199951172, 154.0009765625, 157.3383331298828, 160.67567443847656, 164.01303100585938, 167.35037231445312, 170.68772888183594, 174.02508544921875, 177.3624267578125, 180.6997833251953]}, "gradients/graph_6fc3.bias": {"_type": "histogram", "values": [58.0, 5.0, 0.0, 0.0, 0.0, 0.0, 0.0, 0.0, 0.0, 0.0, 0.0, 0.0, 0.0, 0.0, 0.0, 0.0, 0.0, 0.0, 0.0, 0.0, 0.0, 0.0, 0.0, 0.0, 0.0, 0.0, 0.0, 0.0, 0.0, 0.0, 0.0, 0.0, 0.0, 0.0, 0.0, 0.0, 0.0, 0.0, 0.0, 0.0, 0.0, 0.0, 0.0, 0.0, 0.0, 0.0, 0.0, 0.0, 0.0, 0.0, 0.0, 0.0, 0.0, 0.0, 0.0, 0.0, 0.0, 0.0, 0.0, 0.0, 0.0, 0.0, 0.0, 1.0], "bins": [-0.0009430875070393085, 0.0005779687780886889, 0.0020990250632166862, 0.0036200813483446836, 0.005141137633472681, 0.006662193685770035, 0.008183250203728676, 0.009704306721687317, 0.011225363239645958, 0.012746418826282024, 0.014267475344240665, 0.015788530930876732, 0.017309587448835373, 0.018830643966794014, 0.020351700484752655, 0.021872757002711296, 0.023393813520669937, 0.024914870038628578, 0.02643592655658722, 0.02795698121190071, 0.029478037729859352, 0.030999094247817993, 0.03252015262842178, 0.034041207283735275, 0.03556226193904877, 0.03708332031965256, 0.03860437497496605, 0.04012543335556984, 0.04164648801088333, 0.04316754639148712, 0.04468860104680061, 0.046209655702114105, 0.047730714082717896, 0.04925176873803139, 0.05077282711863518, 0.05229388177394867, 0.05381494015455246, 0.05533599480986595, 0.05685705319046974, 0.058378107845783234, 0.059899166226387024, 0.061420220881700516, 0.06294127553701401, 0.0644623339176178, 0.06598339229822159, 0.06750444322824478, 0.06902550160884857, 0.07054655998945236, 0.07206761837005615, 0.07358866930007935, 0.07510972768068314, 0.07663078606128693, 0.07815183699131012, 0.07967289537191391, 0.0811939537525177, 0.08271501213312149, 0.08423606306314468, 0.08575712144374847, 0.08727817982435226, 0.08879923075437546, 0.09032028913497925, 0.09184134751558304, 0.09336240589618683, 0.09488345682621002, 0.09640451520681381]}, "gradients/graph_6fc3.weight": {"_type": "histogram", "values": [1.0, 0.0, 1.0, 0.0, 0.0, 0.0, 0.0, 0.0, 0.0, 0.0, 0.0, 0.0, 0.0, 0.0, 0.0, 0.0, 0.0, 0.0, 0.0, 0.0, 0.0, 0.0, 0.0, 0.0, 0.0, 0.0, 0.0, 0.0, 0.0, 0.0, 0.0, 0.0, 0.0, 0.0, 0.0, 0.0, 0.0, 0.0, 0.0, 0.0, 0.0, 0.0, 0.0, 0.0, 0.0, 0.0, 0.0, 0.0, 0.0, 0.0, 0.0, 0.0, 0.0, 0.0, 0.0, 0.0, 0.0, 0.0, 0.0, 0.0, 16.0, 73.0, 46.0, 8055.0], "bins": [-57.34902572631836, -56.4440803527832, -55.53913497924805, -54.63418960571289, -53.729244232177734, -52.82429885864258, -51.91935348510742, -51.014408111572266, -50.10946273803711, -49.20451736450195, -48.2995719909668, -47.394630432128906, -46.48968505859375, -45.584739685058594, -44.67979431152344, -43.77484893798828, -42.869903564453125, -41.96495819091797, -41.06001281738281, -40.155067443847656, -39.2501220703125, -38.345176696777344, -37.44023132324219, -36.53528594970703, -35.630340576171875, -34.72539520263672, -33.82044982910156, -32.915504455566406, -32.01055908203125, -31.105615615844727, -30.20067024230957, -29.295724868774414, -28.39078140258789, -27.485836029052734, -26.580890655517578, -25.675945281982422, -24.770999908447266, -23.86605453491211, -22.961109161376953, -22.056163787841797, -21.15121841430664, -20.246274948120117, -19.34132957458496, -18.436384201049805, -17.53143882751465, -16.626493453979492, -15.721548080444336, -14.81660270690918, -13.911657333374023, -13.006712913513184, -12.101767539978027, -11.196822166442871, -10.291876792907715, -9.386931419372559, -8.481986999511719, -7.5770416259765625, -6.672096252441406, -5.76715087890625, -4.862205982208252, -3.9572606086730957, -3.0523154735565186, -2.1473703384399414, -1.2424250841140747, -0.3374798893928528, 0.5674653053283691]}, "gradients/graph_6fc2.bias": {"_type": "histogram", "values": [1.0, 0.0, 0.0, 0.0, 0.0, 3.0, 0.0, 0.0, 1.0, 0.0, 2.0, 1.0, 2.0, 0.0, 2.0, 4.0, 2.0, 1.0, 1.0, 2.0, 2.0, 1.0, 1.0, 2.0, 3.0, 5.0, 4.0, 2.0, 5.0, 6.0, 6.0, 5.0, 3.0, 3.0, 5.0, 4.0, 2.0, 2.0, 4.0, 4.0, 5.0, 2.0, 1.0, 2.0, 4.0, 5.0, 2.0, 2.0, 1.0, 0.0, 1.0, 1.0, 1.0, 0.0, 0.0, 0.0, 2.0, 0.0, 4.0, 1.0, 0.0, 0.0, 0.0, 3.0],