{"epoch": 29, "acc_train": 0.2676, "train_loss": 2.070828914642334, "acc_val": 0.2587, "loss_val": 2.0859830379486084, "_timestamp": 1699928504.7480166, "_runtime": 66.91857957839966, "_step": 59, "global_step": 29, "Learning rate": 0.0010000000474974513, "Batch size": 128.0, "Train/Accuracy": 0.26759999990463257, "Train/Loss": 2.070828914642334, "Val/Accuracy": 0.25870001316070557, "Val/Loss": 2.0859830379486084, "Model/Norm": 9.68336009979248, "_wandb": {"runtime": 65}}