{"epoch": 49, "accuracy": 0.362, "_timestamp": 1699907875.479444, "_runtime": 130.12915301322937, "_step": 49, "_wandb": {"runtime": 128}}