{"acc": 0.9868, "acc_val": 0.5311, "_timestamp": 1699282837.3877769, "_runtime": 282.08723878860474, "_step": 102, "_wandb": {"runtime": 280}}