{"epoch": 59, "accuracy": 0.3584, "_timestamp": 1699921908.5849555, "_runtime": 138.4715495109558, "_step": 59, "_wandb": {"runtime": 137}}