{"epoch": 49, "acc_train": 0.1, "train_loss": 2.304859161376953, "acc_val": 0.1, "loss_val": 2.304476499557495, "_timestamp": 1699924348.604804, "_runtime": 64.1863739490509, "_step": 99, "global_step": 49, "Learning rate": 0.004999999888241291, "Batch size": 256.0, "Train/Accuracy": 0.10000000149011612, "Train/Loss": 2.304859161376953, "Val/Accuracy": 0.10000000149011612, "Val/Loss": 2.304476499557495, "Model/Norm": 201.5135498046875, "_wandb": {"runtime": 63}}