{"epoch": 69, "acc_train": 0.4403, "train_loss": 1.588567852973938, "acc_val": 0.377, "loss_val": 1.7605524063110352, "_timestamp": 1699950725.6368911, "_runtime": 75.46202206611633, "_step": 139, "global_step": 69, "Learning rate": 0.009999999776482582, "Batch size": 256.0, "Train/Accuracy": 0.44029998779296875, "Val/Accuracy": 0.37700000405311584, "Train/Loss": 1.588567852973938, "Val/Loss": 1.7605524063110352, "Model/Norm": 32.045143127441406, "_wandb": {"runtime": 73}}