{"accuracy": 0.10215585443037975, "epoch": 2, "_timestamp": 1699285989.9510381, "_runtime": 0.9252572059631348, "_step": 0, "_wandb": {"runtime": 0}}