{"Val Accuracy/Epoch": 0.4065, "Val Loss/Epoch": 33.40476608276367, "_timestamp": 1699944531.465482, "_runtime": 16.100498914718628, "_step": 49, "gradients/graph_3fc3.bias": {"_type": "histogram", "values": [1.0, 0.0, 0.0, 0.0, 1.0, 0.0, 0.0, 0.0, 0.0, 0.0, 0.0, 0.0, 0.0, 0.0, 0.0, 0.0, 0.0, 0.0, 0.0, 0.0, 0.0, 0.0, 0.0, 0.0, 0.0, 0.0, 0.0, 0.0, 0.0, 1.0, 0.0, 0.0, 0.0, 0.0, 0.0, 1.0, 1.0, 0.0, 0.0, 0.0, 0.0, 0.0, 2.0, 0.0, 1.0, 0.0, 0.0, 0.0, 0.0, 0.0, 0.0, 0.0, 0.0, 0.0, 0.0, 0.0, 0.0, 0.0, 0.0, 0.0, 0.0, 0.0, 1.0, 1.0], "bins": [-0.035437650978565216, -0.034457817673683167, -0.03347798436880112, -0.03249815106391907, -0.03151831775903702, -0.030538484454154968, -0.02955865114927292, -0.02857881784439087, -0.02759898453950882, -0.02661915123462677, -0.02563931792974472, -0.02465948462486267, -0.02367965318262577, -0.02269981987774372, -0.02171998657286167, -0.020740153267979622, -0.019760319963097572, -0.018780486658215523, -0.017800653353333473, -0.016820820048451424, -0.015840986743569374, -0.014861153438687325, -0.013881320133805275, -0.012901486828923225, -0.011921655386686325, -0.010941822081804276, -0.009961988776922226, -0.008982155472040176, -0.008002322167158127, -0.007022488862276077, -0.006042655557394028, -0.005062822252511978, -0.004082987084984779, -0.00310315378010273, -0.0021233204752206802, -0.0011434871703386307, -0.00016365386545658112, 0.0008161794394254684, 0.001796012744307518, 0.0027758460491895676, 0.003755679354071617, 0.0047355107963085175, 0.005715344101190567, 0.006695177406072617, 0.007675010710954666, 0.008654844015836716, 0.009634677320718765, 0.010614510625600815, 0.011594343930482864, 0.012574177235364914, 0.013554010540246964, 0.014533843845129013, 0.015513677150011063, 0.016493510454893112, 0.017473343759775162, 0.01845317706465721, 0.01943301036953926, 0.02041284367442131, 0.02139267697930336, 0.02237250842154026, 0.02335234172642231, 0.02433217503130436, 0.02531200833618641, 0.02629184164106846, 0.027271674945950508]}, "gradients/graph_3fc3.weight": {"_type": "histogram", "values": [1.0, 0.0, 0.0, 0.0, 0.0, 0.0, 0.0, 0.0, 1.0, 0.0, 0.0, 0.0, 2.0, 2.0, 1.0, 0.0, 0.0, 0.0, 0.0, 1.0, 5.0, 0.0, 4.0, 2.0, 6.0, 7.0, 9.0, 6.0, 14.0, 10.0, 16.0, 20.0, 13.0, 26.0, 29.0, 44.0, 109.0, 60.0, 44.0, 49.0, 34.0, 32.0, 21.0, 13.0, 14.0, 10.0, 12.0, 4.0, 3.0, 3.0, 4.0, 0.0, 3.0, 0.0, 2.0, 0.0, 1.0, 0.0, 1.0, 0.0, 0.0, 0.0, 0.0, 2.0], "bins": [-0.14609265327453613, -0.14213281869888306, -0.13817298412322998, -0.1342131346464157, -0.13025330007076263, -0.12629346549510956, -0.12233363091945648, -0.1183737963438034, -0.11441395431756973, -0.11045411229133606, -0.10649427771568298, -0.10253444314002991, -0.09857460856437683, -0.09461476653814316, -0.09065493196249008, -0.08669508993625641, -0.08273525536060333, -0.07877542078495026, -0.07481557875871658, -0.07085574418306351, -0.06689590215682983, -0.06293606758117676, -0.05897623300552368, -0.05501639097929001, -0.05105655640363693, -0.047096721827983856, -0.04313687980175018, -0.03917704522609711, -0.03521721065044403, -0.03125736862421036, -0.02729753404855728, -0.02333769202232361, -0.01937786489725113, -0.015418030321598053, -0.01145818829536438, -0.007498353719711304, -0.0035385116934776306, 0.00042132288217544556, 0.004381157457828522, 0.008340999484062195, 0.012300834059715271, 0.016260668635368347, 0.02022051066160202, 0.024180345237255096, 0.028140179812908173, 0.032100021839141846, 0.03605985641479492, 0.040019698441028595, 0.04397953301668167, 0.047939371317625046, 0.05189920961856842, 0.0558590441942215, 0.05981888249516487, 0.06377872079610825, 0.06773855537176132, 0.071698397397995, 0.07565823197364807, 0.07961806654930115, 0.08357790857553482, 0.0875377431511879, 0.09149758517742157, 0.09545741975307465, 0.09941725432872772, 0.1033770963549614, 0.10733693093061447]}, "gradients/graph_3fc2.bias": {"_type": "histogram", "values": [2.0, 0.0, 0.0, 0.0, 0.0, 1.0, 0.0, 0.0, 0.0, 0.0, 0.0, 1.0, 0.0, 0.0, 0.0, 0.0, 0.0, 3.0, 1.0, 0.0, 1.0, 1.0, 1.0, 0.0, 1.0, 3.0, 1.0, 3.0, 2.0, 1.0, 0.0, 0.0, 0.0, 3.0, 1.0, 3.0, 0.0, 9.0, 0.0, 1.0, 3.0, 2.0, 2.0, 0.0, 1.0, 1.0, 2.0, 6.0, 2.0, 1.0, 1.0, 0.0, 0.0, 1.0, 0.0, 0.0, 0.0, 1.0, 0.0, 0.0, 0.0, 1.0, 0.0, 1.0], "bins": [-0.02346857450902462, -0.0228414423763752, -0.022214312106370926, -0.021587179973721504, -0.020960047841072083, -0.02033291570842266, -0.01970578357577324, -0.019078653305768967, -0.018451521173119545, -0.017824389040470123, -0.01719725877046585, -0.01657012663781643, -0.015942994505167007, -0.015315862372517586, -0.014688731171190739, -0.014061599969863892, -0.01343446783721447, -0.012807335704565048, -0.012180204503238201, -0.011553073301911354, -0.010925941169261932, -0.01029880903661251, -0.009671677835285664, -0.009044546633958817, -0.008417414501309395, -0.007790282368659973, -0.0071631502360105515, -0.006536019966006279, -0.005908887833356857, -0.005281755700707436, -0.004654625430703163, -0.0040274932980537415, -0.003400363028049469, -0.0027732308954000473, -0.0021460987627506256, -0.0015189684927463531, -0.0008918363600969315, -0.00026470422744750977, 0.0003624260425567627, 0.0009895581752061844, 0.001616690307855606, 0.0022438224405050278, 0.002870953641831875, 0.003498084843158722, 0.004125216975808144, 0.004752349108457565, 0.005379480309784412, 0.0060066115111112595, 0.006633743643760681, 0.007260875776410103, 0.00788800697773695, 0.008515138179063797, 0.009142270311713219, 0.00976940244436264, 0.010396533645689487, 0.011023664847016335, 0.011650796979665756, 0.012277929112315178, 0.012905060313642025, 0.013532191514968872, 0.014159323647618294, 0.014786455780267715, 0.015413586981594563, 0.01604071818292141, 0.01666785031557083]}, "gradients/graph_3fc2.weight": {"_type": "histogram", "values": [2.0, 1.0, 1.0, 2.0, 0.0, 0.0, 3.0, 3.0, 4.0, 1.0, 4.0, 5.0, 3.0, 3.0, 3.0, 5.0, 6.0, 5.0, 9.0, 7.0, 14.0, 13.0, 21.0, 16.0, 28.0, 23.0, 34.0, 46.0, 74.0, 90.0, 108.0, 132.0, 211.0, 365.0, 551.0, 897.0, 2598.0, 1044.0, 654.0, 450.0, 239.0, 164.0, 93.0, 61.0, 45.0, 43.0, 24.0, 26.0, 11.0, 4.0, 7.0, 5.0, 4.0, 8.0, 3.0, 3.0, 6.0, 3.0, 0.0, 2.0, 1.0, 1.0, 1.0, 2.0], "bins": [-0.10005463659763336, -0.09733032435178757, -0.09460601955652237, -0.09188170731067657, -0.08915740251541138, -0.08643309026956558, -0.08370877802371979, -0.08098447322845459, -0.0782601609826088, -0.075535848736763, -0.0728115439414978, -0.07008723169565201, -0.06736291944980621, -0.06463861465454102, -0.06191430240869522, -0.059189993888139725, -0.05646568536758423, -0.05374137684702873, -0.051017068326473236, -0.04829275608062744, -0.045568447560071945, -0.04284413903951645, -0.040119826793670654, -0.03739552199840546, -0.03467120975255966, -0.03194689750671387, -0.02922259271144867, -0.026498280465602875, -0.02377396821975708, -0.021049663424491882, -0.018325351178646088, -0.01560104638338089, -0.012876734137535095, -0.0101524218916893, -0.007428117096424103, -0.004703804850578308, -0.0019795000553131104, 0.0007448121905326843, 0.003469124436378479, 0.006193429231643677, 0.008917741477489471, 0.011642053723335266, 0.014366358518600464, 0.01709067076444626, 0.019814979285001755, 0.02253928780555725, 0.025263600051403046, 0.027987908571958542, 0.030712217092514038, 0.033436525613069534, 0.03616083413362503, 0.038885146379470825, 0.04160945490002632, 0.04433376342058182, 0.04705807566642761, 0.04978238418698311, 0.052506692707538605, 0.0552310012280941, 0.0579553097486496, 0.06067962199449539, 0.06340393424034119, 0.06612823903560638, 0.06885255128145218, 0.07157685607671738, 0.07430116832256317]}, "gradients/graph_3fc1.bias": {"_type": "histogram", "values": [1.0, 0.0, 0.0, 1.0, 0.0, 0.0, 0.0, 0.0, 0.0, 0.0, 0.0, 0.0, 1.0, 1.0, 3.0, 0.0, 0.0, 1.0, 0.0, 1.0, 0.0, 3.0, 0.0, 1.0, 1.0, 3.0, 2.0, 1.0, 1.0, 6.0, 3.0, 4.0, 6.0, 5.0, 4.0, 2.0, 8.0, 20.0, 5.0, 5.0, 5.0, 4.0, 4.0, 1.0, 6.0, 3.0, 3.0, 4.0, 2.0, 1.0, 0.0, 3.0, 1.0, 0.0, 0.0, 0.0, 0.0, 1.0, 0.0, 0.0, 0.0, 0.0, 0.0, 1.0],