{"Val Accuracy/Epoch": 0.4226, "Val Loss/Epoch": 32.86979293823242, "_timestamp": 1699910899.474396, "_runtime": 14.59407901763916, "_step": 49, "gradients/graph_7fc3.bias": {"_type": "histogram", "values": [1.0, 0.0, 0.0, 0.0, 0.0, 0.0, 0.0, 0.0, 0.0, 0.0, 1.0, 0.0, 0.0, 0.0, 0.0, 0.0, 0.0, 0.0, 0.0, 2.0, 0.0, 0.0, 0.0, 0.0, 0.0, 0.0, 1.0, 0.0, 0.0, 1.0, 0.0, 0.0, 0.0, 0.0, 0.0, 0.0, 1.0, 0.0, 0.0, 0.0, 0.0, 0.0, 0.0, 0.0, 0.0, 1.0, 0.0, 0.0, 0.0, 0.0, 0.0, 1.0, 0.0, 0.0, 0.0, 0.0, 0.0, 0.0, 0.0, 0.0, 0.0, 0.0, 0.0, 1.0], "bins": [-0.028348878026008606, -0.027416670694947243, -0.02648446336388588, -0.025552256032824516, -0.024620048701763153, -0.02368784137070179, -0.022755634039640427, -0.021823426708579063, -0.0208912193775177, -0.019959010183811188, -0.019026804715394974, -0.01809459552168846, -0.017162390053272247, -0.016230180859565735, -0.015297974459826946, -0.014365767128765583, -0.01343355979770422, -0.012501351535320282, -0.011569144204258919, -0.010636936873197556, -0.009704729542136192, -0.008772522211074829, -0.007840314880013466, -0.006908107548952103, -0.0059759002178907394, -0.005043692886829376, -0.004111485555768013, -0.0031792782247066498, -0.0022470708936452866, -0.0013148635625839233, -0.0003826562315225601, 0.0005495510995388031, 0.0014817584306001663, 0.0024139657616615295, 0.0033461730927228928, 0.004278380423784256, 0.005210587754845619, 0.006142795085906982, 0.007075002416968346, 0.008007209748029709, 0.008939417079091072, 0.009871624410152435, 0.010803831741213799, 0.011736039072275162, 0.012668246403336525, 0.013600453734397888, 0.014532661065459251, 0.015464868396520615, 0.016397077590227127, 0.01732928305864334, 0.018261492252349854, 0.019193697720766068, 0.02012590691447258, 0.021058112382888794, 0.021990321576595306, 0.02292252704501152, 0.023854736238718033, 0.024786943569779396, 0.02571915090084076, 0.026651358231902122, 0.027583565562963486, 0.02851577289402485, 0.029447980225086212, 0.030380187556147575, 0.03131239488720894]}, "gradients/graph_7fc3.weight": {"_type": "histogram", "values": [1.0, 0.0, 0.0, 0.0, 1.0, 1.0, 0.0, 1.0, 0.0, 0.0, 1.0, 1.0, 0.0, 3.0, 0.0, 3.0, 4.0, 3.0, 4.0, 4.0, 9.0, 6.0, 5.0, 11.0, 15.0, 11.0, 17.0, 22.0, 14.0, 20.0, 35.0, 37.0, 33.0, 62.0, 51.0, 50.0, 38.0, 27.0, 25.0, 19.0, 10.0, 22.0, 13.0, 7.0, 9.0, 4.0, 10.0, 6.0, 4.0, 1.0, 3.0, 1.0, 2.0, 3.0, 2.0, 3.0, 1.0, 1.0, 0.0, 0.0, 0.0, 0.0, 2.0, 2.0], "bins": [-0.07373702526092529, -0.07155922800302505, -0.06938143074512482, -0.06720363348722458, -0.06502583622932434, -0.0628480464220047, -0.06067024916410446, -0.058492451906204224, -0.056314654648303986, -0.05413685739040375, -0.05195906013250351, -0.04978126659989357, -0.04760346934199333, -0.045425672084093094, -0.043247878551483154, -0.041070081293582916, -0.03889228403568268, -0.03671448677778244, -0.0345366895198822, -0.03235889598727226, -0.030181098729372025, -0.028003301471471786, -0.025825507938861847, -0.02364771068096161, -0.02146991342306137, -0.019292116165161133, -0.017114318907260895, -0.014936525374650955, -0.012758728116750717, -0.010580934584140778, -0.00840313732624054, -0.0062253400683403015, -0.00404755026102066, -0.0018697530031204224, 0.0003080442547798157, 0.0024858415126800537, 0.004663635045289993, 0.006841432303190231, 0.009019225835800171, 0.011197023093700409, 0.013374820351600647, 0.015552617609500885, 0.017730414867401123, 0.019908208400011063, 0.0220860056579113, 0.02426380291581154, 0.02644159644842148, 0.028619393706321716, 0.030797190964221954, 0.03297498822212219, 0.03515278548002243, 0.03733057901263237, 0.03950837627053261, 0.041686173528432846, 0.043863967061042786, 0.046041764318943024, 0.04821956157684326, 0.0503973588347435, 0.05257515609264374, 0.05475294962525368, 0.056930746883153915, 0.05910854414105415, 0.06128633767366409, 0.06346413493156433, 0.06564193218946457]}, "gradients/graph_7fc2.bias": {"_type": "histogram", "values": [1.0, 0.0, 0.0, 1.0, 0.0, 0.0, 0.0, 0.0, 0.0, 1.0, 0.0, 0.0, 1.0, 0.0, 1.0, 1.0, 1.0, 1.0, 0.0, 1.0, 0.0, 2.0, 0.0, 1.0, 1.0, 5.0, 4.0, 1.0, 2.0, 0.0, 3.0, 1.0, 1.0, 2.0, 6.0, 6.0, 1.0, 2.0, 1.0, 2.0, 0.0, 0.0, 0.0, 0.0, 1.0, 0.0, 2.0, 0.0, 1.0, 0.0, 1.0, 1.0, 2.0, 0.0, 0.0, 1.0, 0.0, 0.0, 0.0, 2.0, 0.0, 0.0, 2.0, 1.0], "bins": [-0.021420743316411972, -0.02081925980746746, -0.02021777629852295, -0.01961629092693329, -0.019014807417988777, -0.018413323909044266, -0.017811838537454605, -0.017210355028510094, -0.016608871519565582, -0.01600738801062107, -0.015405903570353985, -0.014804419130086899, -0.014202935621142387, -0.013601452112197876, -0.01299996767193079, -0.012398483231663704, -0.011796999722719193, -0.011195516213774681, -0.010594031773507595, -0.009992547333240509, -0.009391063824295998, -0.008789580315351486, -0.0081880958750844, -0.007586611434817314, -0.006985127925872803, -0.006383644416928291, -0.00578216090798378, -0.005180675536394119, -0.004579192027449608, -0.0039777085185050964, -0.003376223146915436, -0.0027747396379709244, -0.002173256129026413, -0.0015717726200819016, -0.0009702891111373901, -0.0003688037395477295, 0.00023267976939678192, 0.0008341632783412933, 0.001435648649930954, 0.0020371321588754654, 0.002638615667819977, 0.0032400991767644882, 0.0038415836170315742, 0.00444306805729866, 0.005044551566243172, 0.005646035075187683, 0.006247519515454769, 0.006849003955721855, 0.007450487464666367, 0.008051970973610878, 0.008653455413877964, 0.00925493985414505, 0.009856423363089561, 0.010457906872034073, 0.011059391312301159, 0.011660875752568245, 0.012262359261512756, 0.012863842770457268, 0.013465327210724354, 0.01406681165099144, 0.014668295159935951, 0.015269778668880463, 0.015871264040470123, 0.016472747549414635, 0.017074231058359146]}, "gradients/graph_7fc2.weight": {"_type": "histogram", "values": [1.0, 0.0, 0.0, 0.0, 0.0, 0.0, 0.0, 0.0, 0.0, 0.0, 0.0, 0.0, 0.0, 0.0, 0.0, 0.0, 0.0, 3.0, 0.0, 5.0, 2.0, 2.0, 6.0, 4.0, 10.0, 5.0, 13.0, 17.0, 18.0, 17.0, 37.0, 53.0, 78.0, 107.0, 129.0, 159.0, 265.0, 422.0, 5980.0, 267.0, 176.0, 125.0, 84.0, 40.0, 39.0, 42.0, 21.0, 19.0, 10.0, 7.0, 6.0, 6.0, 4.0, 4.0, 2.0, 3.0, 0.0, 1.0, 0.0, 0.0, 1.0, 1.0, 0.0, 1.0], "bins": [-0.1445930302143097, -0.14080816507339478, -0.13702329993247986, -0.13323843479156494, -0.12945356965065002, -0.1256686896085739, -0.121883824467659, -0.11809895932674408, -0.11431409418582916, -0.11052922904491425, -0.10674436390399933, -0.10295949131250381, -0.0991746261715889, -0.09538976103067398, -0.09160488843917847, -0.08782002329826355, -0.08403515815734863, -0.08025029301643372, -0.0764654278755188, -0.07268055528402328, -0.06889569014310837, -0.06511082500219345, -0.06132595241069794, -0.05754108726978302, -0.0537562221288681, -0.049971356987953186, -0.04618649184703827, -0.042401619255542755, -0.03861675411462784, -0.03483188897371292, -0.031047016382217407, -0.02726215124130249, -0.023477278649806976, -0.01969241350889206, -0.015907548367977142, -0.012122675776481628, -0.008337810635566711, -0.004552945494651794, -0.0007680729031562805, 0.0030167922377586365, 0.0068016573786735535, 0.01058652251958847, 0.014371387660503387, 0.0181562602519989, 0.02194112539291382, 0.025725990533828735, 0.02951086312532425, 0.033295728266239166, 0.03708059340715408, 0.040865458548069, 0.044650327414274216, 0.04843519628047943, 0.05222006142139435, 0.056004926562309265, 0.05978979542851448, 0.0635746642947197, 0.06735952943563461, 0.07114439457654953, 0.07492926716804504, 0.07871413230895996, 0.08249899744987488, 0.0862838625907898, 0.09006872773170471, 0.09385360032320023, 0.09763846546411514]}, "gradients/graph_7fc1.bias": {"_type": "histogram", "values": [1.0, 0.0, 0.0, 0.0, 0.0, 1.0, 0.0, 0.0, 0.0, 0.0, 0.0, 0.0, 1.0, 0.0, 0.0, 0.0, 1.0, 1.0, 0.0, 0.0, 0.0, 1.0, 1.0, 0.0, 0.0, 1.0, 0.0, 0.0, 3.0, 2.0, 2.0, 0.0, 1.0, 1.0, 1.0, 1.0, 3.0, 1.0, 0.0, 1.0, 2.0, 82.0, 0.0, 0.0, 2.0, 1.0, 3.0, 1.0, 1.0, 2.0, 2.0, 0.0, 0.0, 0.0, 0.0, 2.0, 1.0, 1.0, 1.0, 0.0, 1.0, 0.0, 1.0, 1.0],