{"Val Accuracy/Epoch": 0.3976, "Val Loss/Epoch": 33.78968048095703, "_timestamp": 1699910820.620841, "_runtime": 15.396793127059937, "_step": 49, "gradients/graph_3fc3.bias": {"_type": "histogram", "values": [1.0, 0.0, 0.0, 0.0, 0.0, 0.0, 0.0, 0.0, 0.0, 0.0, 0.0, 0.0, 0.0, 0.0, 1.0, 0.0, 0.0, 0.0, 0.0, 0.0, 1.0, 0.0, 0.0, 0.0, 0.0, 0.0, 0.0, 0.0, 0.0, 1.0, 0.0, 0.0, 0.0, 0.0, 0.0, 0.0, 1.0, 0.0, 0.0, 0.0, 0.0, 1.0, 0.0, 0.0, 0.0, 0.0, 0.0, 0.0, 0.0, 0.0, 0.0, 1.0, 0.0, 0.0, 0.0, 0.0, 0.0, 0.0, 1.0, 1.0, 0.0, 0.0, 0.0, 1.0], "bins": [-0.04269106313586235, -0.04155544936656952, -0.040419839322566986, -0.039284225553274155, -0.03814861178398132, -0.03701299801468849, -0.03587738797068596, -0.03474177420139313, -0.033606160432100296, -0.032470546662807465, -0.03133493661880493, -0.0301993228495121, -0.029063710942864418, -0.027928099036216736, -0.026792485266923904, -0.025656871497631073, -0.02452125959098339, -0.02338564768433571, -0.022250033915042877, -0.021114422008395195, -0.019978808239102364, -0.01884319633245468, -0.01770758256316185, -0.016571970656514168, -0.015436358749866486, -0.014300744980573654, -0.013165133073925972, -0.01202951930463314, -0.010893907397985458, -0.009758293628692627, -0.008622679859399796, -0.007487069815397263, -0.006351456046104431, -0.0052158422768116, -0.004080232232809067, -0.0029446184635162354, -0.001809004694223404, -0.0006733927875757217, 0.0004622209817171097, 0.0015978328883647919, 0.0027334466576576233, 0.0038690585643053055, 0.005004670470952988, 0.006140284240245819, 0.007275896146893501, 0.008411509916186333, 0.009547121822834015, 0.010682735592126846, 0.011818347498774529, 0.01295395940542221, 0.014089573174715042, 0.015225186012685299, 0.016360798850655556, 0.017496410757303238, 0.01863202452659607, 0.01976763643324375, 0.020903248339891434, 0.022038862109184265, 0.023174475878477097, 0.02431008778512478, 0.02544569969177246, 0.026581313461065292, 0.027716925367712975, 0.028852539137005806, 0.029988151043653488]}, "gradients/graph_3fc3.weight": {"_type": "histogram", "values": [1.0, 1.0, 0.0, 0.0, 1.0, 1.0, 2.0, 0.0, 0.0, 1.0, 2.0, 1.0, 2.0, 2.0, 3.0, 1.0, 3.0, 4.0, 3.0, 2.0, 5.0, 1.0, 5.0, 3.0, 5.0, 6.0, 5.0, 8.0, 6.0, 13.0, 13.0, 17.0, 15.0, 13.0, 21.0, 14.0, 17.0, 23.0, 25.0, 21.0, 105.0, 16.0, 20.0, 17.0, 14.0, 26.0, 19.0, 21.0, 17.0, 14.0, 18.0, 17.0, 12.0, 13.0, 8.0, 10.0, 6.0, 4.0, 4.0, 2.0, 2.0, 2.0, 2.0, 5.0], "bins": [-0.11194596439599991, -0.10914923250675201, -0.10635249316692352, -0.10355576127767563, -0.10075902938842773, -0.09796229004859924, -0.09516555815935135, -0.09236882627010345, -0.08957208693027496, -0.08677535504102707, -0.08397862315177917, -0.08118188381195068, -0.07838515192270279, -0.0755884200334549, -0.0727916806936264, -0.0699949562549591, -0.06719821691513062, -0.06440147757530212, -0.06160474941134453, -0.058808013796806335, -0.05601128190755844, -0.05321454629302025, -0.050417810678482056, -0.04762107878923416, -0.04482433944940567, -0.042027607560157776, -0.03923087567090988, -0.03643414378166199, -0.033637404441833496, -0.030840672552585602, -0.028043940663337708, -0.025247201323509216, -0.022450461983680725, -0.01965373009443283, -0.01685699075460434, -0.014060258865356445, -0.011263526976108551, -0.00846678763628006, -0.0056700557470321655, -0.0028733238577842712, -7.659196853637695e-05, 0.0027201473712921143, 0.0055168792605400085, 0.008313614875078201, 0.011110350489616394, 0.013907082378864288, 0.01670381799340248, 0.019500549882650375, 0.022297285497188568, 0.02509402111172676, 0.027890753000974655, 0.030687488615512848, 0.03348422050476074, 0.036280956119298935, 0.03907769173383713, 0.04187442362308502, 0.044671159237623215, 0.04746789485216141, 0.0502646267414093, 0.053061362355947495, 0.05585809797048569, 0.05865482985973358, 0.061451565474271774, 0.06424830108880997, 0.06704503297805786]}, "gradients/graph_3fc2.bias": {"_type": "histogram", "values": [1.0, 0.0, 0.0, 1.0, 0.0, 0.0, 2.0, 0.0, 0.0, 1.0, 0.0, 3.0, 0.0, 1.0, 0.0, 3.0, 0.0, 1.0, 1.0, 2.0, 1.0, 2.0, 1.0, 0.0, 0.0, 1.0, 0.0, 3.0, 1.0, 12.0, 0.0, 1.0, 1.0, 2.0, 3.0, 1.0, 1.0, 1.0, 0.0, 1.0, 1.0, 0.0, 1.0, 1.0, 2.0, 0.0, 2.0, 1.0, 2.0, 0.0, 1.0, 1.0, 0.0, 1.0, 1.0, 0.0, 0.0, 0.0, 1.0, 0.0, 0.0, 0.0, 0.0, 1.0], "bins": [-0.02194483019411564, -0.021189555525779724, -0.02043428085744381, -0.019679006189107895, -0.01892372965812683, -0.018168454989790916, -0.017413180321455002, -0.016657905653119087, -0.015902630984783173, -0.015147355385124683, -0.014392080716788769, -0.013636806048452854, -0.012881530448794365, -0.01212625578045845, -0.011370981112122536, -0.010615705512464046, -0.009860430844128132, -0.009105156175792217, -0.008349880576133728, -0.007594605907797813, -0.006839331239461899, -0.006084056571125984, -0.00532878190279007, -0.004573505371809006, -0.003818230703473091, -0.0030629560351371765, -0.002307681366801262, -0.0015524066984653473, -0.0007971320301294327, -4.1855499148368835e-05, 0.0007134191691875458, 0.0014686938375234604, 0.002223968505859375, 0.0029792431741952896, 0.0037345178425312042, 0.004489792510867119, 0.005245069041848183, 0.006000343710184097, 0.006755618378520012, 0.0075108930468559265, 0.008266167715191841, 0.009021442383527756, 0.00977671891450882, 0.010531993582844734, 0.011287268251180649, 0.012042542919516563, 0.012797817587852478, 0.013553093187510967, 0.014308367855846882, 0.015063642524182796, 0.015818918123841286, 0.0165741927921772, 0.017329467460513115, 0.01808474212884903, 0.018840018659830093, 0.01959529146552086, 0.020350567996501923, 0.021105842664837837, 0.021861117333173752, 0.022616392001509666, 0.02337166666984558, 0.024126943200826645, 0.02488221786916256, 0.025637492537498474, 0.02639276720583439]}, "gradients/graph_3fc2.weight": {"_type": "histogram", "values": [2.0, 1.0, 2.0, 0.0, 1.0, 0.0, 1.0, 3.0, 1.0, 8.0, 7.0, 11.0, 3.0, 10.0, 7.0, 20.0, 20.0, 32.0, 24.0, 38.0, 51.0, 55.0, 88.0, 96.0, 151.0, 250.0, 492.0, 916.0, 2719.0, 1188.0, 825.0, 377.0, 177.0, 110.0, 96.0, 75.0, 53.0, 39.0, 56.0, 30.0, 28.0, 20.0, 21.0, 10.0, 18.0, 9.0, 11.0, 8.0, 5.0, 6.0, 3.0, 4.0, 3.0, 2.0, 3.0, 2.0, 0.0, 0.0, 1.0, 0.0, 1.0, 1.0, 0.0, 1.0], "bins": [-0.1028146892786026, -0.09922380745410919, -0.09563291817903519, -0.09204203635454178, -0.08845114707946777, -0.08486026525497437, -0.08126938343048096, -0.07767849415540695, -0.07408761233091354, -0.07049672305583954, -0.06690584123134613, -0.06331495940685272, -0.05972407013177872, -0.05613318458199501, -0.0525423027575016, -0.048951417207717896, -0.04536053165793419, -0.04176964610815048, -0.038178764283657074, -0.03458787500858307, -0.03099699318408966, -0.027406103909015656, -0.023815222084522247, -0.02022434026002884, -0.016633450984954834, -0.013042569160461426, -0.00945167988538742, -0.0058607980608940125, -0.0022699162364006042, 0.0013209730386734009, 0.004911854863166809, 0.008502744138240814, 0.012093625962734222, 0.01568450778722763, 0.019275397062301636, 0.022866278886795044, 0.02645716816186905, 0.030048049986362457, 0.033638931810855865, 0.03722982108592987, 0.04082070291042328, 0.044411592185497284, 0.04800247400999069, 0.0515933558344841, 0.055184245109558105, 0.058775126934051514, 0.06236601620912552, 0.06595689803361893, 0.06954778730869293, 0.07313866913318634, 0.07672955095767975, 0.08032043278217316, 0.08391132205724716, 0.08750221133232117, 0.09109309315681458, 0.09468397498130798, 0.09827486425638199, 0.1018657460808754, 0.1054566353559494, 0.10904751718044281, 0.11263839900493622, 0.11622928828001022, 0.11982017010450363, 0.12341105937957764, 0.12700194120407104]}, "gradients/graph_3fc1.bias": {"_type": "histogram", "values": [1.0, 0.0, 0.0, 0.0, 0.0, 0.0, 0.0, 0.0, 0.0, 1.0, 0.0, 1.0, 2.0, 0.0, 1.0, 1.0, 0.0, 1.0, 0.0, 2.0, 1.0, 0.0, 3.0, 0.0, 2.0, 0.0, 0.0, 0.0, 1.0, 5.0, 4.0, 5.0, 5.0, 2.0, 8.0, 3.0, 4.0, 3.0, 7.0, 9.0, 9.0, 6.0, 3.0, 4.0, 1.0, 10.0, 2.0, 3.0, 2.0, 3.0, 4.0, 1.0, 1.0, 1.0, 0.0, 1.0, 1.0, 0.0, 0.0, 1.0, 1.0, 0.0, 0.0, 2.0],