{"epoch": 69, "acc_train": 0.1002, "train_loss": 2.307284355163574, "acc_val": 0.1, "loss_val": 2.306854724884033, "_timestamp": 1699926051.134043, "_runtime": 187.12400102615356, "_step": 139, "global_step": 69, "Learning rate": 0.004999999888241291, "Batch size": 64.0, "Train/Accuracy": 0.10019999742507935, "Val/Accuracy": 0.10000000149011612, "Train/Loss": 2.307284355163574, "Val/Loss": 2.306854724884033, "Model/Norm": 222.47450256347656, "_wandb": {"runtime": 185}}