{"training_loss": 1317.8021924495697, "training_accuracy": 0.4083, "validation_loss": 71.22039580345154, "validation_accuracy": 0.3753, "_timestamp": 1699903432.571392, "_runtime": 162.7010691165924, "_step": 24, "gradients/graph_5fc4.bias": {"_type": "histogram", "values": [1.0, 0.0, 0.0, 0.0, 0.0, 0.0, 0.0, 0.0, 1.0, 0.0, 0.0, 0.0, 0.0, 0.0, 0.0, 1.0, 0.0, 0.0, 0.0, 0.0, 1.0, 0.0, 0.0, 0.0, 0.0, 0.0, 0.0, 0.0, 0.0, 0.0, 1.0, 0.0, 0.0, 0.0, 0.0, 0.0, 0.0, 1.0, 0.0, 0.0, 0.0, 0.0, 1.0, 1.0, 0.0, 0.0, 0.0, 0.0, 0.0, 0.0, 0.0, 0.0, 0.0, 0.0, 0.0, 0.0, 0.0, 0.0, 0.0, 0.0, 0.0, 0.0, 1.0, 1.0], "bins": [-0.06347949802875519, -0.0615198127925396, -0.05956012383103371, -0.057600438594818115, -0.055640749633312225, -0.053681064397096634, -0.05172137916088104, -0.04976169019937515, -0.04780200496315956, -0.04584231972694397, -0.04388263076543808, -0.04192294552922249, -0.0399632602930069, -0.03800357133150101, -0.036043886095285416, -0.034084197133779526, -0.032124511897563934, -0.030164824798703194, -0.028205137699842453, -0.02624545246362686, -0.02428576536476612, -0.02232607826590538, -0.02036639302968979, -0.018406705930829048, -0.016447018831968307, -0.014487331733107567, -0.0125276455655694, -0.010567959398031235, -0.008608272299170494, -0.006648585665971041, -0.004688899032771587, -0.002729212399572134, -0.0007695183157920837, 0.0011901683174073696, 0.003149854950606823, 0.005109541583806276, 0.00706922821700573, 0.00902891531586647, 0.010988601483404636, 0.012948287650942802, 0.014907974749803543, 0.016867661848664284, 0.018827348947525024, 0.020787034183740616, 0.022746721282601357, 0.024706408381462097, 0.02666609361767769, 0.02862578071653843, 0.03058546781539917, 0.03254515305161476, 0.03450484201312065, 0.03646452724933624, 0.03842421621084213, 0.040383901447057724, 0.042343586683273315, 0.044303275644779205, 0.0462629608809948, 0.04822264611721039, 0.05018233507871628, 0.05214202031493187, 0.05410170555114746, 0.05606139451265335, 0.05802107974886894, 0.05998076871037483, 0.061940453946590424]}, "gradients/graph_5fc4.weight": {"_type": "histogram", "values": [1.0, 0.0, 2.0, 1.0, 0.0, 0.0, 0.0, 3.0, 1.0, 1.0, 0.0, 4.0, 0.0, 5.0, 2.0, 5.0, 2.0, 1.0, 4.0, 3.0, 12.0, 1.0, 8.0, 8.0, 8.0, 6.0, 7.0, 15.0, 10.0, 19.0, 183.0, 190.0, 28.0, 9.0, 16.0, 18.0, 9.0, 5.0, 8.0, 4.0, 3.0, 3.0, 3.0, 3.0, 1.0, 2.0, 6.0, 3.0, 2.0, 2.0, 0.0, 1.0, 1.0, 2.0, 0.0, 1.0, 1.0, 1.0, 1.0, 1.0, 2.0, 0.0, 1.0, 1.0], "bins": [-1.4496725797653198, -1.4029016494750977, -1.3561307191848755, -1.3093597888946533, -1.2625888586044312, -1.215817928314209, -1.1690471172332764, -1.1222761869430542, -1.075505256652832, -1.0287343263626099, -0.9819633960723877, -0.9351924657821655, -0.8884215354919434, -0.8416506052017212, -0.7948797345161438, -0.7481088042259216, -0.7013378739356995, -0.6545669436454773, -0.6077960133552551, -0.5610251426696777, -0.5142542123794556, -0.4674832820892334, -0.42071235179901123, -0.37394145131111145, -0.3271705210208893, -0.2803995907306671, -0.23362869024276733, -0.18685775995254517, -0.1400868445634842, -0.09331592917442322, -0.04654500633478165, 0.00022591277956962585, 0.0469968318939209, 0.09376774728298187, 0.14053866267204285, 0.18730959296226501, 0.234080508351326, 0.28085142374038696, 0.32762235403060913, 0.3743932545185089, 0.4211641848087311, 0.46793511509895325, 0.514706015586853, 0.5614769458770752, 0.6082478761672974, 0.6550188064575195, 0.7017896771430969, 0.7485606074333191, 0.7953315377235413, 0.8421024680137634, 0.8888733983039856, 0.935644268989563, 0.9824151992797852, 1.0291861295700073, 1.0759570598602295, 1.1227279901504517, 1.1694989204406738, 1.216269850730896, 1.2630407810211182, 1.3098115921020508, 1.356582522392273, 1.4033534526824951, 1.4501243829727173, 1.4968953132629395, 1.5436662435531616]}, "gradients/graph_5fc3.bias": {"_type": "histogram", "values": [2.0, 0.0, 0.0, 1.0, 1.0, 1.0, 0.0, 1.0, 0.0, 1.0, 0.0, 0.0, 1.0, 0.0, 0.0, 0.0, 3.0, 1.0, 1.0, 0.0, 0.0, 1.0, 1.0, 1.0, 2.0, 3.0, 0.0, 18.0, 9.0, 3.0, 1.0, 2.0, 0.0, 0.0, 1.0, 2.0, 1.0, 0.0, 0.0, 0.0, 0.0, 1.0, 0.0, 2.0, 0.0, 0.0, 1.0, 0.0, 0.0, 0.0, 0.0, 0.0, 1.0, 0.0, 0.0, 0.0, 0.0, 0.0, 0.0, 0.0, 0.0, 0.0, 0.0, 1.0], "bins": [-0.012522545643150806, -0.01207351591438055, -0.011624486185610294, -0.011175456456840038, -0.010726426728069782, -0.010277396999299526, -0.00982836727052927, -0.009379337541759014, -0.008930308744311333, -0.008481279015541077, -0.00803224928677082, -0.007583219092339277, -0.0071341898292303085, -0.0066851601004600525, -0.0062361303716897964, -0.00578710064291954, -0.005338070914149284, -0.004889041185379028, -0.004440011456608772, -0.003990981727838516, -0.003541952231898904, -0.003092922503128648, -0.0026438930071890354, -0.0021948632784187794, -0.0017458335496485233, -0.0012968038208782673, -0.0008477742085233331, -0.00039874453796073794, 5.0285132601857185e-05, 0.0004993148031644523, 0.0009483444737270474, 0.0013973740860819817, 0.0018464047461748123, 0.0022954344749450684, 0.0027444642037153244, 0.003193493699654937, 0.003642523428425193, 0.004091552924364805, 0.004540582653135061, 0.004989612381905317, 0.005438642110675573, 0.005887671839445829, 0.0063367015682160854, 0.0067857312969863415, 0.00723476056009531, 0.007683790288865566, 0.008132820017635822, 0.008581849746406078, 0.009030879475176334, 0.00947990920394659, 0.009928938932716846, 0.010377968661487103, 0.010826998390257359, 0.011276028119027615, 0.01172505784779787, 0.012174087576568127, 0.012623116374015808, 0.013072146102786064, 0.01352117583155632, 0.013970205560326576, 0.014419235289096832, 0.014868265017867088, 0.015317294746637344, 0.0157663244754076, 0.016215354204177856]}, "gradients/graph_5fc3.weight": {"_type": "histogram", "values": [1.0, 2.0, 0.0, 2.0, 1.0, 0.0, 1.0, 0.0, 2.0, 2.0, 1.0, 3.0, 4.0, 10.0, 4.0, 8.0, 12.0, 22.0, 24.0, 39.0, 36.0, 40.0, 62.0, 77.0, 85.0, 164.0, 277.0, 1950.0, 4728.0, 216.0, 114.0, 80.0, 45.0, 39.0, 35.0, 25.0, 15.0, 11.0, 12.0, 12.0, 6.0, 9.0, 2.0, 2.0, 2.0, 0.0, 4.0, 1.0, 2.0, 0.0, 1.0, 0.0, 0.0, 0.0, 0.0, 1.0, 0.0, 0.0, 0.0, 0.0, 0.0, 0.0, 0.0, 1.0], "bins": [-1.1928119659423828, -1.1502361297607422, -1.1076602935791016, -1.065084457397461, -1.0225086212158203, -0.9799328446388245, -0.9373570084571838, -0.8947811722755432, -0.8522053360939026, -0.809629499912262, -0.7670536637306213, -0.7244778275489807, -0.6819020509719849, -0.6393262147903442, -0.5967503786087036, -0.554174542427063, -0.5115987062454224, -0.46902287006378174, -0.4264470338821411, -0.3838712275028229, -0.34129539132118225, -0.2987195551395416, -0.2561437487602234, -0.21356791257858276, -0.17099207639694214, -0.1284162402153015, -0.08584041893482208, -0.043264590203762054, -0.0006887614727020264, 0.041887067258358, 0.08446289598941803, 0.12703871726989746, 0.16961455345153809, 0.2121903896331787, 0.25476622581481934, 0.2973420321941376, 0.3399178683757782, 0.3824937045574188, 0.42506951093673706, 0.4676453471183777, 0.5102211833000183, 0.5527970194816589, 0.5953728556632996, 0.6379486918449402, 0.680524468421936, 0.7231003046035767, 0.7656761407852173, 0.8082519769668579, 0.8508278131484985, 0.8934036493301392, 0.9359794855117798, 0.9785553216934204, 1.021131157875061, 1.0637069940567017, 1.1062828302383423, 1.148858666419983, 1.191434383392334, 1.2340102195739746, 1.2765860557556152, 1.3191618919372559, 1.3617377281188965, 1.404313564300537, 1.4468894004821777, 1.4894652366638184, 1.532041072845459]}, "gradients/graph_5fc2.bias": {"_type": "histogram", "values": [2.0, 0.0, 0.0, 0.0, 0.0, 0.0, 0.0, 2.0, 1.0, 0.0, 1.0, 1.0, 0.0, 0.0, 1.0, 0.0, 0.0, 0.0, 2.0, 1.0, 1.0, 1.0, 2.0, 1.0, 1.0, 2.0, 1.0, 3.0, 4.0, 1.0, 3.0, 5.0, 8.0, 31.0, 1.0, 5.0, 5.0, 3.0, 3.0, 6.0, 2.0, 1.0, 2.0, 2.0, 3.0, 2.0, 4.0, 0.0, 1.0, 1.0, 2.0, 1.0, 0.0, 1.0, 1.0, 3.0, 1.0, 1.0, 1.0, 0.0, 0.0, 0.0, 0.0, 1.0],