{"accuracy": 0.10413370253164557, "epoch": 2, "_timestamp": 1699284894.577908, "_runtime": 0.6694340705871582, "_step": 0, "_wandb": {"runtime": 0}}