{"Train Loss": 1.92519203882951, "Epoch": 9, "_timestamp": 1699726282.0024438, "_runtime": 144.28001880645752, "_step": 39, "Val Loss": 1.7875722527503968, "Train Acc": 0.3124, "Val Acc": 0.3751, "_wandb": {"runtime": 142}}