{"accuracy": 0.09889240506329114, "epoch": 4, "_timestamp": 1699284073.2313197, "_runtime": 0.7365756034851074, "_step": 0, "_wandb": {"runtime": 0}}