{"accuracy": 0.17889636075949367, "epoch": 4, "_timestamp": 1699286115.13328, "_runtime": 0.6509530544281006, "_step": 0, "_wandb": {"runtime": 0}}