{"batch loss": 2.303043842315674, "_timestamp": 1699297664.594606, "_runtime": 308.96937084198, "_step": 1172, "loss": 0.017989740745188335, "epoch": 2, "_wandb": {"runtime": 308}}