{"accuracy": 0.299940664556962, "epoch": 3, "_timestamp": 1699283843.0355732, "_runtime": 0.7980442047119141, "_step": 0, "_wandb": {"runtime": 0}}