{"epoch": 69, "acc_train": 0.1026, "train_loss": 2.3071985244750977, "acc_val": 0.1, "loss_val": 2.306199073791504, "_timestamp": 1699919928.4357295, "_runtime": 193.5851263999939, "_step": 139, "global_step": 69, "Learning rate": 0.05000000074505806, "Batch size": 64.0, "Train/Accuracy": 0.10260000079870224, "Train/Loss": 2.3071985244750977, "Val/Accuracy": 0.10000000149011612, "Val/Loss": 2.306199073791504, "Model/Norm": 96.08979797363281, "_wandb": {"runtime": 192}}