{"accuracy": 0.2767009493670886, "epoch": 1, "_timestamp": 1699284795.3905003, "_runtime": 0.6751432418823242, "_step": 0, "_wandb": {"runtime": 0}}