{"acc": 0.9512, "acc_val": 0.5112, "_timestamp": 1699284746.8487613, "_runtime": 275.22479128837585, "_step": 104, "_wandb": {"runtime": 274}}