{"accuracy": 0.09889240506329114, "epoch": 4, "_timestamp": 1699283109.0123076, "_runtime": 0.7857556343078613, "_step": 0, "_wandb": {"runtime": 0}}