{"Val Accuracy/Epoch": 0.4302, "Val Loss/Epoch": 32.3023567199707, "_timestamp": 1699944510.222124, "_runtime": 13.019106149673462, "_step": 49, "gradients/graph_2fc3.bias": {"_type": "histogram", "values": [1.0, 0.0, 0.0, 0.0, 0.0, 0.0, 0.0, 0.0, 0.0, 0.0, 0.0, 0.0, 0.0, 0.0, 0.0, 0.0, 0.0, 0.0, 0.0, 0.0, 0.0, 0.0, 0.0, 0.0, 0.0, 0.0, 1.0, 0.0, 0.0, 0.0, 0.0, 1.0, 0.0, 0.0, 1.0, 0.0, 0.0, 0.0, 0.0, 0.0, 0.0, 1.0, 0.0, 0.0, 1.0, 0.0, 0.0, 0.0, 0.0, 0.0, 1.0, 0.0, 1.0, 0.0, 0.0, 0.0, 0.0, 0.0, 0.0, 0.0, 0.0, 0.0, 1.0, 1.0], "bins": [-0.051061276346445084, -0.049809589982032776, -0.04855790361762047, -0.04730621352791786, -0.046054527163505554, -0.044802840799093246, -0.04355115443468094, -0.04229946807026863, -0.04104778170585632, -0.03979609161615372, -0.03854440525174141, -0.0372927188873291, -0.036041032522916794, -0.034789346158504486, -0.03353765606880188, -0.03228596970438957, -0.031034283339977264, -0.029782596975564957, -0.0285309087485075, -0.027279222384095192, -0.026027534157037735, -0.024775847792625427, -0.02352416142821312, -0.022272473201155663, -0.021020786836743355, -0.019769098609685898, -0.01851741224527359, -0.017265725880861282, -0.016014039516448975, -0.014762353152036667, -0.01351066306233406, -0.012258976697921753, -0.011007286608219147, -0.009755600243806839, -0.008503913879394531, -0.007252223789691925, -0.006000537425279617, -0.00474885106086731, -0.003497164696455002, -0.002245478332042694, -0.0009937901049852371, 0.0002578962594270706, 0.0015095844864845276, 0.0027612708508968353, 0.004012957215309143, 0.0052646454423666, 0.006516331806778908, 0.007768020033836365, 0.009019706398248672, 0.01027139276266098, 0.011523080989718437, 0.012774767354130745, 0.014026454649865627, 0.01527814194560051, 0.016529828310012817, 0.017781514674425125, 0.019033202901482582, 0.02028489112854004, 0.021536577492952347, 0.022788263857364655, 0.024039950221776962, 0.02529163844883442, 0.026543324813246727, 0.027795013040304184, 0.02904669940471649]}, "gradients/graph_2fc3.weight": {"_type": "histogram", "values": [1.0, 1.0, 1.0, 2.0, 0.0, 0.0, 0.0, 1.0, 2.0, 2.0, 1.0, 4.0, 4.0, 0.0, 3.0, 4.0, 6.0, 3.0, 6.0, 4.0, 11.0, 10.0, 9.0, 14.0, 11.0, 18.0, 23.0, 25.0, 27.0, 23.0, 50.0, 60.0, 51.0, 56.0, 34.0, 24.0, 30.0, 24.0, 10.0, 13.0, 6.0, 12.0, 5.0, 8.0, 6.0, 6.0, 2.0, 3.0, 5.0, 4.0, 2.0, 3.0, 0.0, 1.0, 2.0, 1.0, 2.0, 0.0, 0.0, 1.0, 0.0, 0.0, 1.0, 2.0], "bins": [-0.048343297094106674, -0.0468163937330246, -0.04528949037194252, -0.04376258701086044, -0.042235683649778366, -0.04070878028869629, -0.03918188065290451, -0.037654977291822433, -0.036128073930740356, -0.03460117056965828, -0.0330742672085762, -0.031547363847494125, -0.03002046048641205, -0.02849355712532997, -0.026966655626893044, -0.025439752265810966, -0.02391284890472889, -0.022385945543646812, -0.020859042182564735, -0.019332140684127808, -0.01780523732304573, -0.016278333961963654, -0.014751430600881577, -0.0132245272397995, -0.011697623878717422, -0.010170720517635345, -0.008643817156553268, -0.00711691752076149, -0.005590014159679413, -0.004063110798597336, -0.002536207437515259, -0.0010093040764331818, 0.0005175992846488953, 0.0020445026457309723, 0.0035714060068130493, 0.005098309367895126, 0.006625212728977203, 0.00815211609005928, 0.009679015725851059, 0.011205919086933136, 0.012732822448015213, 0.01425972580909729, 0.015786629170179367, 0.017313532531261444, 0.01884043589234352, 0.020367339253425598, 0.021894240751862526, 0.023421144112944603, 0.02494804747402668, 0.026474950835108757, 0.028001854196190834, 0.029528755694627762, 0.03105565905570984, 0.032582562416791916, 0.03410946577787399, 0.03563636913895607, 0.03716327250003815, 0.038690175861120224, 0.0402170792222023, 0.04174397885799408, 0.04327088221907616, 0.044797785580158234, 0.04632468894124031, 0.04785159230232239, 0.049378495663404465]}, "gradients/graph_2fc2.bias": {"_type": "histogram", "values": [1.0, 0.0, 0.0, 0.0, 0.0, 0.0, 1.0, 1.0, 0.0, 2.0, 1.0, 0.0, 1.0, 1.0, 0.0, 0.0, 4.0, 1.0, 1.0, 1.0, 2.0, 2.0, 0.0, 3.0, 6.0, 1.0, 3.0, 3.0, 2.0, 2.0, 7.0, 1.0, 2.0, 1.0, 0.0, 2.0, 1.0, 0.0, 1.0, 0.0, 0.0, 0.0, 0.0, 1.0, 2.0, 0.0, 0.0, 1.0, 2.0, 0.0, 1.0, 0.0, 0.0, 0.0, 0.0, 1.0, 0.0, 0.0, 0.0, 1.0, 0.0, 0.0, 0.0, 1.0], "bins": [-0.030153723433613777, -0.02897467277944088, -0.02779562398791313, -0.026616573333740234, -0.025437522679567337, -0.02425847388803959, -0.02307942323386669, -0.021900374442338943, -0.020721323788166046, -0.01954227313399315, -0.0183632243424654, -0.017184173688292503, -0.016005124896764755, -0.014826074242591858, -0.01364702358841896, -0.012467974796891212, -0.011288924142718315, -0.010109873488545418, -0.00893082469701767, -0.007751774042844772, -0.006572725251317024, -0.005393674597144127, -0.0042146239429712296, -0.0030355751514434814, -0.001856524497270584, -0.0006774738430976868, 0.0005015749484300613, 0.0016806256026029587, 0.002859676256775856, 0.004038726910948753, 0.005217773839831352, 0.00639682449400425, 0.007575877010822296, 0.008754927664995193, 0.00993397831916809, 0.01111302524805069, 0.012292075902223587, 0.013471126556396484, 0.014650177210569382, 0.01582922600209713, 0.017008276656270027, 0.018187327310442924, 0.019366376101970673, 0.02054542675614357, 0.021724477410316467, 0.022903526201844215, 0.024082576856017113, 0.02526162564754486, 0.026440676301717758, 0.027619726955890656, 0.028798775747418404, 0.0299778264015913, 0.03115687519311905, 0.032335925847291946, 0.033514976501464844, 0.03469402715563774, 0.03587307780981064, 0.03705212473869324, 0.038231175392866135, 0.03941022604703903, 0.04058927670121193, 0.04176832735538483, 0.042947374284267426, 0.04412642493844032, 0.04530547559261322]}, "gradients/graph_2fc2.weight": {"_type": "histogram", "values": [2.0, 0.0, 0.0, 0.0, 1.0, 0.0, 3.0, 0.0, 3.0, 0.0, 3.0, 4.0, 5.0, 9.0, 15.0, 25.0, 36.0, 32.0, 56.0, 94.0, 133.0, 194.0, 354.0, 515.0, 791.0, 2532.0, 1072.0, 697.0, 452.0, 294.0, 227.0, 162.0, 116.0, 71.0, 61.0, 48.0, 40.0, 29.0, 24.0, 18.0, 14.0, 14.0, 5.0, 12.0, 6.0, 5.0, 4.0, 6.0, 1.0, 2.0, 0.0, 2.0, 0.0, 1.0, 0.0, 0.0, 0.0, 0.0, 0.0, 0.0, 0.0, 1.0, 0.0, 1.0], "bins": [-0.05599907413125038, -0.053825605660676956, -0.05165214091539383, -0.049478672444820404, -0.04730520397424698, -0.04513173922896385, -0.04295827075839043, -0.0407848060131073, -0.038611337542533875, -0.03643786907196045, -0.03426440432667732, -0.0320909358561039, -0.02991746924817562, -0.027744002640247345, -0.02557053416967392, -0.023397069424390793, -0.021223600953817368, -0.019050132483243942, -0.016876667737960815, -0.01470319926738739, -0.012529734522104263, -0.010356266051530838, -0.008182797580957413, -0.006009332835674286, -0.0038358643651008606, -0.0016623958945274353, 0.0005110688507556915, 0.002684537321329117, 0.004858005791902542, 0.007031474262475967, 0.009204935282468796, 0.011378403753042221, 0.013551875948905945, 0.01572534441947937, 0.017898812890052795, 0.020072273910045624, 0.02224574238061905, 0.024419210851192474, 0.0265926793217659, 0.028766144067049026, 0.030939612537622452, 0.03311308100819588, 0.035286545753479004, 0.03746001422405243, 0.039633482694625854, 0.04180694743990898, 0.04398041591048241, 0.04615388065576553, 0.04832734912633896, 0.050500817596912384, 0.05267428234219551, 0.054847750812768936, 0.05702121555805206, 0.05919468402862549, 0.061368152499198914, 0.06354162096977234, 0.06571508944034576, 0.06788855046033859, 0.07006201893091202, 0.07223548740148544, 0.07440895587205887, 0.0765824243426323, 0.07875588536262512, 0.08092935383319855, 0.08310282230377197]}, "gradients/graph_2fc1.bias": {"_type": "histogram", "values": [1.0, 1.0, 0.0, 0.0, 0.0, 0.0, 0.0, 0.0, 0.0, 1.0, 0.0, 1.0, 3.0, 1.0, 3.0, 6.0, 3.0, 8.0, 4.0, 5.0, 4.0, 6.0, 5.0, 9.0, 17.0, 4.0, 2.0, 5.0, 2.0, 3.0, 3.0, 3.0, 3.0, 4.0, 2.0, 2.0, 2.0, 1.0, 1.0, 3.0, 1.0, 2.0, 1.0, 0.0, 0.0, 1.0, 0.0, 0.0, 0.0, 0.0, 0.0, 0.0, 0.0, 0.0, 1.0, 0.0, 1.0, 1.0, 1.0, 0.0, 0.0, 0.0, 0.0, 1.0],