{"epoch": 59, "accuracy": 0.4212, "_timestamp": 1699919762.129381, "_runtime": 192.14961004257202, "_step": 59, "_wandb": {"runtime": 190}}