{"training_loss": 1636.5969820022583, "training_accuracy": 0.25058, "validation_loss": 83.33758425712585, "validation_accuracy": 0.2592, "_timestamp": 1699902910.9523242, "_runtime": 148.71247005462646, "_step": 24, "gradients/graph_2fc4.bias": {"_type": "histogram", "values": [1.0, 0.0, 0.0, 0.0, 1.0, 1.0, 0.0, 0.0, 0.0, 0.0, 0.0, 0.0, 0.0, 0.0, 0.0, 0.0, 0.0, 0.0, 0.0, 1.0, 0.0, 0.0, 0.0, 1.0, 0.0, 0.0, 0.0, 0.0, 0.0, 0.0, 0.0, 0.0, 0.0, 0.0, 1.0, 0.0, 0.0, 0.0, 0.0, 0.0, 0.0, 1.0, 0.0, 0.0, 0.0, 0.0, 0.0, 0.0, 0.0, 0.0, 0.0, 1.0, 0.0, 0.0, 0.0, 0.0, 0.0, 0.0, 0.0, 1.0, 0.0, 0.0, 0.0, 1.0], "bins": [-0.03381733596324921, -0.032705239951610565, -0.031593140214681625, -0.030481044203042984, -0.029368946328759193, -0.028256848454475403, -0.02714475244283676, -0.02603265456855297, -0.02492055669426918, -0.02380845881998539, -0.0226963609457016, -0.021584264934062958, -0.020472167059779167, -0.019360069185495377, -0.018247973173856735, -0.017135875299572945, -0.016023777425289154, -0.014911679551005363, -0.013799582608044147, -0.012687485665082932, -0.011575387790799141, -0.01046328991651535, -0.009351192973554134, -0.008239096030592918, -0.007126998156309128, -0.0060149007476866245, -0.004902803339064121, -0.003790705930441618, -0.0026786085218191147, -0.0015665111131966114, -0.0004544137045741081, 0.0006576837040483952, 0.0017697773873806, 0.0028818747960031033, 0.0039939722046256065, 0.00510606961324811, 0.006218167021870613, 0.007330264430493116, 0.00844236183911562, 0.009554458782076836, 0.010666556656360626, 0.011778654530644417, 0.012890751473605633, 0.014002848416566849, 0.01511494629085064, 0.01622704416513443, 0.01733914017677307, 0.018451238051056862, 0.019563335925340652, 0.020675433799624443, 0.021787531673908234, 0.022899627685546875, 0.024011725559830666, 0.025123823434114456, 0.026235919445753098, 0.027348017320036888, 0.02846011519432068, 0.02957221306860447, 0.03068431094288826, 0.0317964069545269, 0.03290850669145584, 0.03402060270309448, 0.035132698714733124, 0.036244798451662064, 0.037356894463300705]}, "gradients/graph_2fc4.weight": {"_type": "histogram", "values": [1.0, 1.0, 0.0, 0.0, 0.0, 0.0, 0.0, 0.0, 0.0, 0.0, 0.0, 1.0, 1.0, 0.0, 1.0, 0.0, 0.0, 1.0, 0.0, 0.0, 0.0, 1.0, 0.0, 1.0, 3.0, 2.0, 5.0, 1.0, 2.0, 4.0, 3.0, 7.0, 9.0, 18.0, 28.0, 43.0, 360.0, 57.0, 27.0, 11.0, 7.0, 16.0, 6.0, 1.0, 4.0, 4.0, 1.0, 3.0, 1.0, 3.0, 0.0, 0.0, 1.0, 0.0, 2.0, 1.0, 0.0, 0.0, 0.0, 0.0, 0.0, 0.0, 0.0, 2.0], "bins": [-1.1538395881652832, -1.1222352981567383, -1.0906310081481934, -1.0590267181396484, -1.0274224281311035, -0.9958181381225586, -0.9642138481140137, -0.9326095581054688, -0.9010052680969238, -0.8694009184837341, -0.8377966284751892, -0.8061923384666443, -0.7745880484580994, -0.7429837584495544, -0.7113794684410095, -0.6797751784324646, -0.6481708884239197, -0.6165665984153748, -0.5849623084068298, -0.5533580183982849, -0.52175372838974, -0.4901494085788727, -0.45854511857032776, -0.42694082856178284, -0.3953365385532379, -0.363732248544693, -0.33212795853614807, -0.30052366852760315, -0.26891934871673584, -0.2373150736093521, -0.205710768699646, -0.17410647869110107, -0.14250224828720093, -0.110897958278656, -0.07929366081953049, -0.04768936708569527, -0.016085073351860046, 0.015519220381975174, 0.047123514115810394, 0.07872781157493591, 0.11033210158348083, 0.14193639159202576, 0.17354068160057068, 0.2051449865102768, 0.23674927651882172, 0.26835358142852783, 0.29995787143707275, 0.3315621614456177, 0.3631664514541626, 0.3947707414627075, 0.42637503147125244, 0.45797932147979736, 0.4895836114883423, 0.5211879014968872, 0.5527921915054321, 0.584396481513977, 0.616000771522522, 0.6476051211357117, 0.6792094111442566, 0.7108137011528015, 0.7424179911613464, 0.7740222811698914, 0.8056265711784363, 0.8372308611869812, 0.8688351511955261]}, "gradients/graph_2fc3.bias": {"_type": "histogram", "values": [1.0, 0.0, 0.0, 0.0, 0.0, 0.0, 0.0, 0.0, 1.0, 0.0, 0.0, 1.0, 1.0, 1.0, 1.0, 0.0, 1.0, 1.0, 1.0, 0.0, 2.0, 0.0, 2.0, 0.0, 3.0, 0.0, 5.0, 4.0, 18.0, 4.0, 0.0, 1.0, 4.0, 2.0, 0.0, 0.0, 3.0, 1.0, 1.0, 0.0, 0.0, 1.0, 0.0, 1.0, 0.0, 0.0, 0.0, 1.0, 0.0, 0.0, 1.0, 0.0, 0.0, 0.0, 0.0, 0.0, 0.0, 0.0, 0.0, 0.0, 0.0, 0.0, 0.0, 1.0], "bins": [-0.013244902715086937, -0.012781042605638504, -0.012317182496190071, -0.011853322386741638, -0.011389462277293205, -0.010925603099167347, -0.010461742989718914, -0.009997882880270481, -0.009534022770822048, -0.009070162661373615, -0.008606302551925182, -0.00814244244247675, -0.007678582798689604, -0.007214722689241171, -0.006750863045454025, -0.006287002936005592, -0.005823142826557159, -0.0053592827171087265, -0.004895422607660294, -0.004431562963873148, -0.003967702854424715, -0.003503842744976282, -0.003039982868358493, -0.0025761229917407036, -0.0021122628822922707, -0.0016484028892591596, -0.0011845428962260485, -0.0007206829031929374, -0.0002568229101598263, 0.00020703708287328482, 0.0006708970759063959, 0.001134757068939507, 0.001598617061972618, 0.002062477171421051, 0.0025263370480388403, 0.0029901969246566296, 0.0034540570341050625, 0.003917917143553495, 0.004381776787340641, 0.004845636896789074, 0.005309497006237507, 0.00577335711568594, 0.006237217225134373, 0.006701076868921518, 0.007164936978369951, 0.007628797087818384, 0.00809265673160553, 0.008556516841053963, 0.009020376950502396, 0.009484237059950829, 0.009948097169399261, 0.010411957278847694, 0.010875817388296127, 0.011339676566421986, 0.011803536675870419, 0.012267396785318851, 0.012731256894767284, 0.013195117004215717, 0.01365897711366415, 0.014122837223112583, 0.014586696401238441, 0.015050556510686874, 0.015514416620135307, 0.01597827672958374, 0.016442136839032173]}, "gradients/graph_2fc3.weight": {"_type": "histogram", "values": [1.0, 0.0, 0.0, 0.0, 1.0, 0.0, 0.0, 0.0, 0.0, 1.0, 3.0, 2.0, 3.0, 2.0, 2.0, 4.0, 1.0, 12.0, 7.0, 13.0, 12.0, 17.0, 28.0, 34.0, 26.0, 39.0, 50.0, 74.0, 119.0, 166.0, 279.0, 5126.0, 1405.0, 265.0, 122.0, 90.0, 74.0, 42.0, 34.0, 30.0, 19.0, 17.0, 17.0, 11.0, 6.0, 7.0, 13.0, 3.0, 2.0, 1.0, 1.0, 4.0, 2.0, 1.0, 1.0, 1.0, 0.0, 1.0, 0.0, 0.0, 0.0, 0.0, 0.0, 1.0], "bins": [-1.0466700792312622, -1.0139087438583374, -0.9811474084854126, -0.9483860731124878, -0.915624737739563, -0.882863461971283, -0.8501021265983582, -0.8173407912254333, -0.7845794558525085, -0.7518181204795837, -0.7190567851066589, -0.6862954497337341, -0.6535341739654541, -0.6207728385925293, -0.5880115032196045, -0.5552501678466797, -0.5224888324737549, -0.4897274971008301, -0.4569661617279053, -0.42420485615730286, -0.39144352078437805, -0.35868218541145325, -0.32592087984085083, -0.293159544467926, -0.2603982090950012, -0.22763687372207642, -0.1948755532503128, -0.1621142327785492, -0.1293528974056244, -0.09659156948328018, -0.06383024156093597, -0.031068913638591766, 0.0016924142837524414, 0.03445374220609665, 0.06721507012844086, 0.09997639805078506, 0.13273772597312927, 0.16549906134605408, 0.1982603818178177, 0.2310217022895813, 0.2637830376625061, 0.2965443730354309, 0.3293057084083557, 0.36206701397895813, 0.39482834935188293, 0.42758968472480774, 0.46035099029541016, 0.49311232566833496, 0.5258736610412598, 0.5586349964141846, 0.5913963317871094, 0.6241576671600342, 0.656919002532959, 0.689680278301239, 0.7224416136741638, 0.7552029490470886, 0.7879642844200134, 0.8207256197929382, 0.853486955165863, 0.8862482905387878, 0.9190095663070679, 0.9517709016799927, 0.9845322370529175, 1.0172935724258423, 1.050054907798767]}, "gradients/graph_2fc2.bias": {"_type": "histogram", "values": [1.0, 0.0, 0.0, 1.0, 0.0, 0.0, 0.0, 0.0, 0.0, 0.0, 0.0, 1.0, 1.0, 0.0, 1.0, 1.0, 2.0, 2.0, 2.0, 1.0, 2.0, 1.0, 2.0, 0.0, 3.0, 0.0, 6.0, 4.0, 2.0, 2.0, 9.0, 4.0, 27.0, 8.0, 3.0, 7.0, 3.0, 3.0, 2.0, 1.0, 2.0, 4.0, 2.0, 3.0, 1.0, 0.0, 2.0, 1.0, 1.0, 0.0, 3.0, 0.0, 2.0, 0.0, 0.0, 2.0, 1.0, 0.0, 0.0, 0.0, 0.0, 1.0, 0.0, 1.0],