{"accuracy": 0.09889240506329114, "epoch": 3, "_timestamp": 1699284054.1019666, "_runtime": 0.7319145202636719, "_step": 0, "_wandb": {"runtime": 0}}