{"epoch": 69, "acc_train": 0.1474, "train_loss": 2.2347822189331055, "acc_val": 0.1525, "loss_val": 2.252652883529663, "_timestamp": 1699924030.7879267, "_runtime": 194.38816475868225, "_step": 139, "global_step": 69, "Batch size": 64.0, "Learning rate": 0.009999999776482582, "Train/Accuracy": 0.14740000665187836, "Train/Loss": 2.2347822189331055, "Val/Accuracy": 0.1525000035762787, "Val/Loss": 2.252652883529663, "Model/Norm": 76.97853088378906, "_wandb": {"runtime": 193}}