{"accuracy": 0.15555775316455697, "epoch": 2, "_timestamp": 1699283001.9950109, "_runtime": 0.6938879489898682, "_step": 0, "_wandb": {"runtime": 0}}