{"acc": 0.8846, "acc_val": 0.496, "_timestamp": 1699287303.10213, "_runtime": 160.74468803405762, "_step": 78, "_wandb": {"runtime": 160}}