{"epoch": 69, "acc_train": 0.4467, "train_loss": 1.5674179792404175, "acc_val": 0.3341, "loss_val": 1.9604551792144775, "_timestamp": 1699920334.8672936, "_runtime": 182.33620953559875, "_step": 139, "global_step": 69, "Learning rate": 0.004999999888241291, "Batch size": 64.0, "Train/Accuracy": 0.44670000672340393, "Train/Loss": 1.5674179792404175, "Val/Accuracy": 0.33410000801086426, "Val/Loss": 1.9604551792144775, "Model/Norm": 40.39006423950195, "_wandb": {"runtime": 181}}