{"accuracy": 0.11016613924050633, "epoch": 14, "_timestamp": 1699282718.877401, "_runtime": 0.7192621231079102, "_step": 0, "_wandb": {"runtime": 0}}