{"Epoch": 49, "_timestamp": 1699913010.3630297, "_runtime": 307.8663487434387, "_step": 34799, "Batch": 346, "Batch_loss:": 2.3127379417419434, "Train_accuracy": 0.09944364393211655, "Average_epoch_loss": 2.3058925032615663, "Validation_accuracy": 0.1, "_wandb": {"runtime": 305}}