{"accuracy": 0.2662183544303797, "epoch": 4, "_timestamp": 1699285743.4714484, "_runtime": 0.7451415061950684, "_step": 0, "_wandb": {"runtime": 0}}