{"accuracy": 0.27838212025316456, "epoch": 1, "_timestamp": 1699285148.0890114, "_runtime": 0.6832275390625, "_step": 0, "_wandb": {"runtime": 0}}