{"acc": 0.9867, "acc_val": 0.5307, "_timestamp": 1699286225.1321828, "_runtime": 209.9591178894043, "_step": 82, "_wandb": {"runtime": 209}}