{"acc": 0.976, "acc_val": 0.5239, "_timestamp": 1699282546.3446844, "_runtime": 280.22424244880676, "_step": 121, "_wandb": {"runtime": 279}}