{"accuracy": 0.09800237341772151, "epoch": 2, "_timestamp": 1699283730.4870946, "_runtime": 0.6965737342834473, "_step": 0, "_wandb": {"runtime": 0}}