{"accuracy": 0.09889240506329114, "epoch": 1, "_timestamp": 1699284015.7917252, "_runtime": 0.6489722728729248, "_step": 0, "_wandb": {"runtime": 0}}