{"accuracy": 0.09889240506329114, "epoch": 4, "_timestamp": 1699285274.5657573, "_runtime": 0.6794402599334717, "_step": 0, "_wandb": {"runtime": 0}}