{"gradients/fc4.bias": {"_type": "histogram", "values": [1.0, 0.0, 0.0, 0.0, 0.0, 0.0, 0.0, 0.0, 0.0, 0.0, 0.0, 0.0, 0.0, 0.0, 0.0, 0.0, 0.0, 0.0, 0.0, 0.0, 0.0, 0.0, 0.0, 0.0, 0.0, 0.0, 0.0, 0.0, 0.0, 0.0, 0.0, 0.0, 0.0, 0.0, 0.0, 0.0, 0.0, 0.0, 0.0, 0.0, 0.0, 0.0, 0.0, 1.0, 0.0, 0.0, 0.0, 1.0, 0.0, 0.0, 0.0, 0.0, 0.0, 0.0, 0.0, 1.0, 2.0, 1.0, 0.0, 0.0, 1.0, 0.0, 0.0, 2.0], "bins": [-0.4315226674079895, -0.422989159822464, -0.4144556522369385, -0.4059221148490906, -0.39738860726356506, -0.38885509967803955, -0.38032159209251404, -0.37178805470466614, -0.3632545471191406, -0.3547210395336151, -0.3461875319480896, -0.3376540243625641, -0.3291204869747162, -0.3205869793891907, -0.31205347180366516, -0.30351996421813965, -0.29498642683029175, -0.28645291924476624, -0.2779194116592407, -0.2693859040737152, -0.2608523964881897, -0.2523188591003418, -0.24378535151481628, -0.23525184392929077, -0.22671833634376526, -0.21818481385707855, -0.20965130627155304, -0.20111778378486633, -0.19258427619934082, -0.1840507537126541, -0.1755172461271286, -0.1669837236404419, -0.15845021605491638, -0.14991669356822968, -0.14138318598270416, -0.13284966349601746, -0.12431615591049194, -0.11578264087438583, -0.10724912583827972, -0.09871561080217361, -0.0901820957660675, -0.0816485807299614, -0.07311506569385529, -0.06458155065774918, -0.056048039346933365, -0.047514524310827255, -0.038981013000011444, -0.030447497963905334, -0.021913982927799225, -0.01338046882301569, -0.004846954718232155, 0.00368655938655138, 0.012220073491334915, 0.020753588527441025, 0.029287101700901985, 0.037820614874362946, 0.046354129910469055, 0.054887644946575165, 0.06342115998268127, 0.07195467501878738, 0.0804881900548935, 0.089021697640419, 0.09755521267652512, 0.10608872771263123, 0.11462224274873734]}, "_timestamp": 1699910622.483933, "gradients/fc4.weight": {"_type": "histogram", "values": [1.0, 0.0, 0.0, 0.0, 0.0, 0.0, 0.0, 0.0, 0.0, 0.0, 0.0, 0.0, 0.0, 0.0, 0.0, 0.0, 0.0, 0.0, 1.0, 0.0, 0.0, 0.0, 1.0, 0.0, 0.0, 0.0, 0.0, 0.0, 0.0, 0.0, 1.0, 1.0, 0.0, 2.0, 0.0, 0.0, 0.0, 0.0, 1.0, 2.0, 0.0, 0.0, 1.0, 2.0, 1.0, 1.0, 3.0, 8.0, 13.0, 11.0, 472.0, 45.0, 24.0, 15.0, 13.0, 5.0, 9.0, 2.0, 1.0, 2.0, 0.0, 0.0, 0.0, 2.0], "bins": [-10.416223526000977, -10.210190773010254, -10.004158020019531, -9.798125267028809, -9.592092514038086, -9.386058807373047, -9.180026054382324, -8.973993301391602, -8.767960548400879, -8.561927795410156, -8.355895042419434, -8.149862289428711, -7.94382905960083, -7.737796306610107, -7.531763076782227, -7.325730323791504, -7.119697570800781, -6.913664817810059, -6.707632064819336, -6.501598834991455, -6.295566082000732, -6.08953332901001, -5.883500099182129, -5.677467346191406, -5.471434593200684, -5.265401840209961, -5.059369087219238, -4.853335857391357, -4.647303104400635, -4.441270351409912, -4.235237121582031, -4.029204368591309, -3.823171854019165, -3.6171388626098633, -3.4111061096191406, -3.205073356628418, -2.999040365219116, -2.7930073738098145, -2.586974620819092, -2.380941867828369, -2.1749088764190674, -1.9688760042190552, -1.762843132019043, -1.5568102598190308, -1.3507773876190186, -1.1447445154190063, -0.9387116432189941, -0.7326787710189819, -0.5266458988189697, -0.3206130266189575, -0.11458015441894531, 0.0914527177810669, 0.2974855899810791, 0.5035184621810913, 0.7095513343811035, 0.9155842065811157, 1.121617078781128, 1.3276499509811401, 1.5336828231811523, 1.7397156953811646, 1.9457485675811768, 2.1517815589904785, 2.357814311981201, 2.563847064971924, 2.7698800563812256]}, "gradients/fc3.bias": {"_type": "histogram", "values": [1.0, 0.0, 0.0, 1.0, 0.0, 0.0, 0.0, 0.0, 0.0, 0.0, 0.0, 0.0, 0.0, 0.0, 1.0, 0.0, 0.0, 2.0, 0.0, 0.0, 0.0, 1.0, 0.0, 0.0, 0.0, 0.0, 0.0, 0.0, 1.0, 0.0, 1.0, 0.0, 0.0, 1.0, 2.0, 0.0, 0.0, 38.0, 1.0, 1.0, 1.0, 3.0, 1.0, 1.0, 1.0, 0.0, 0.0, 0.0, 0.0, 0.0, 1.0, 0.0, 1.0, 0.0, 0.0, 0.0, 1.0, 0.0, 0.0, 1.0, 0.0, 0.0, 0.0, 2.0], "bins": [-0.06373345106840134, -0.06203543022274971, -0.060337405651807785, -0.05863938480615616, -0.05694136023521423, -0.05524333938956261, -0.05354531854391098, -0.051847293972969055, -0.05014927312731743, -0.0484512522816658, -0.04675322771072388, -0.04505520686507225, -0.043357186019420624, -0.0416591614484787, -0.03996114060282707, -0.03826311603188515, -0.03656509518623352, -0.034867074340581894, -0.03316904976963997, -0.03147102892398834, -0.029773006215691566, -0.02807498350739479, -0.026376962661743164, -0.024678939953446388, -0.022980917245149612, -0.021282894536852837, -0.01958487182855606, -0.017886850982904434, -0.01618882827460766, -0.014490805566310883, -0.012792783789336681, -0.01109476201236248, -0.009396735578775406, -0.007698713336139917, -0.006000691093504429, -0.00430266885086894, -0.002604646608233452, -0.0009066243655979633, 0.0007913978770375252, 0.0024894201196730137, 0.004187442362308502, 0.005885464604943991, 0.007583486847579479, 0.00928150862455368, 0.010979531332850456, 0.012677554041147232, 0.014375575818121433, 0.016073597595095634, 0.01777162030339241, 0.019469643011689186, 0.021167665719985962, 0.02286568656563759, 0.024563709273934364, 0.02626173198223114, 0.027959752827882767, 0.029657775536179543, 0.03135579824447632, 0.033053819090127945, 0.03475184366106987, 0.0364498645067215, 0.03814788907766342, 0.03984590992331505, 0.041543930768966675, 0.0432419553399086, 0.044939976185560226]}, "gradients/fc3.weight": {"_type": "histogram", "values": [1.0, 0.0, 0.0, 2.0, 0.0, 1.0, 1.0, 1.0, 1.0, 0.0, 0.0, 3.0, 0.0, 1.0, 3.0, 2.0, 5.0, 2.0, 3.0, 1.0, 5.0, 1.0, 2.0, 8.0, 7.0, 7.0, 3.0, 4.0, 4.0, 7.0, 11.0, 6.0, 11.0, 14.0, 23.0, 32.0, 73.0, 161.0, 7475.0, 106.0, 55.0, 41.0, 16.0, 7.0, 6.0, 4.0, 6.0, 7.0, 9.0, 3.0, 6.0, 9.0, 5.0, 5.0, 4.0, 4.0, 4.0, 4.0, 2.0, 1.0, 2.0, 3.0, 0.0, 2.0], "bins": [-6.991119861602783, -6.808238983154297, -6.625357627868652, -6.442476749420166, -6.25959587097168, -6.076714992523193, -5.893834114074707, -5.7109527587890625, -5.528071880340576, -5.34519100189209, -5.162309646606445, -4.979428768157959, -4.796547889709473, -4.613667011260986, -4.4307861328125, -4.2479047775268555, -4.065023899078369, -3.882143020629883, -3.6992619037628174, -3.516380786895752, -3.3334999084472656, -3.1506190299987793, -2.967737913131714, -2.7848567962646484, -2.601975917816162, -2.419095039367676, -2.2362139225006104, -2.053332805633545, -1.8704519271850586, -1.6875709295272827, -1.5046899318695068, -1.321808934211731, -1.1389274597167969, -0.956046462059021, -0.7731654644012451, -0.5902844667434692, -0.40740346908569336, -0.22452247142791748, -0.0416414737701416, 0.14123952388763428, 0.32412052154541016, 0.507001519203186, 0.6898825168609619, 0.8727635145187378, 1.0556445121765137, 1.2385255098342896, 1.4214065074920654, 1.6042875051498413, 1.7871685028076172, 1.970049500465393, 2.152930498123169, 2.3358116149902344, 2.5186924934387207, 2.701573371887207, 2.8844544887542725, 3.067335605621338, 3.250216484069824, 3.4330973625183105, 3.615978479385376, 3.7988595962524414, 3.9817404747009277, 4.164621353149414, 4.347502708435059, 4.530383586883545, 4.713264465332031]}, "gradients/fc2.bias": {"_type": "histogram", "values": [1.0, 0.0, 0.0, 0.0, 0.0, 1.0, 0.0, 0.0, 0.0, 1.0, 0.0, 0.0, 1.0, 0.0, 0.0, 0.0, 0.0, 0.0, 0.0, 0.0, 0.0, 1.0, 0.0, 1.0, 0.0, 0.0, 0.0, 0.0, 1.0, 0.0, 1.0, 1.0, 3.0, 1.0, 6.0, 2.0, 3.0, 73.0, 9.0, 2.0, 0.0, 1.0, 3.0, 0.0, 2.0, 2.0, 1.0, 1.0, 1.0, 1.0, 1.0, 0.0, 0.0, 1.0, 0.0, 1.0, 2.0, 0.0, 0.0, 0.0, 0.0, 1.0, 0.0, 2.0],