{"acc": 0.7502, "acc_val": 0.5129, "_timestamp": 1699281516.7926402, "_runtime": 160.6362431049347, "_step": 77, "_wandb": {"runtime": 160}}