{"accuracy": 0.11303401898734178, "epoch": 16, "_timestamp": 1699282731.7276123, "_runtime": 0.7061083316802979, "_step": 0, "_wandb": {"runtime": 0}}