{"epoch": 69, "acc_train": 0.3371, "train_loss": 1.884972333908081, "acc_val": 0.3079, "loss_val": 1.938083291053772, "_timestamp": 1699932219.9645836, "_runtime": 188.2018585205078, "_step": 139, "global_step": 69, "Learning rate": 0.004999999888241291, "Batch size": 64.0, "Train/Accuracy": 0.33709999918937683, "Val/Accuracy": 0.30790001153945923, "Train/Loss": 1.884972333908081, "Val/Loss": 1.938083291053772, "Model/Norm": 17.537031173706055, "_wandb": {"runtime": 187}}