{"epoch": 49, "acc_train": 0.3157, "train_loss": 1.930346131324768, "acc_val": 0.3039, "loss_val": 1.9601410627365112, "_timestamp": 1699935097.549818, "_runtime": 63.75336003303528, "_step": 99, "global_step": 49, "Learning rate": 0.004999999888241291, "Batch size": 256.0, "Train/Accuracy": 0.3156999945640564, "Train/Loss": 1.930346131324768, "Val/Accuracy": 0.30390000343322754, "Val/Loss": 1.9601410627365112, "Model/Norm": 15.358098983764648, "_wandb": {"runtime": 62}}