{"accuracy": 0.2567246835443038, "epoch": 2, "_timestamp": 1699284534.2697175, "_runtime": 0.6794023513793945, "_step": 0, "_wandb": {"runtime": 0}}