{"epoch": 49, "acc_train": 0.3899, "train_loss": 1.729248285293579, "acc_val": 0.3314, "loss_val": 1.8727493286132812, "_timestamp": 1699933016.7499611, "_runtime": 124.41183805465698, "_step": 99, "global_step": 49, "Batch size": 128.0, "Learning rate": 0.009999999776482582, "Train/Accuracy": 0.38989999890327454, "Val/Accuracy": 0.3314000070095062, "Train/Loss": 1.729248285293579, "Val/Loss": 1.8727493286132812, "Model/Norm": 30.072277069091797, "_wandb": {"runtime": 123}}