{"epoch": 59, "accuracy": 0.3758, "_timestamp": 1699919959.5632684, "_runtime": 146.92245531082153, "_step": 59, "_wandb": {"runtime": 145}}