{"acc": 0.8529, "acc_val": 0.5015, "_timestamp": 1699282255.01754, "_runtime": 258.6907079219818, "_step": 113, "_wandb": {"runtime": 258}}