{"epoch": 49, "acc_train": 0.4059, "train_loss": 1.6790964603424072, "acc_val": 0.3339, "loss_val": 1.8566210269927979, "_timestamp": 1699934251.233093, "_runtime": 62.26877999305725, "_step": 99, "global_step": 49, "Learning rate": 0.009999999776482582, "Batch size": 256.0, "Train/Accuracy": 0.4059000015258789, "Val/Accuracy": 0.33390000462532043, "Train/Loss": 1.6790964603424072, "Val/Loss": 1.8566210269927979, "Model/Norm": 26.68194580078125, "_wandb": {"runtime": 61}}