{"epoch": 6, "accuracy": 0.3266, "_timestamp": 1699918556.1577666, "_runtime": 20.890470504760742, "_step": 6, "_wandb": {"runtime": 20}}