{"epoch": 69, "acc_train": 0.3411, "train_loss": 1.8644721508026123, "acc_val": 0.3191, "loss_val": 1.9148800373077393, "_timestamp": 1699925631.4552217, "_runtime": 189.61307454109192, "_step": 139, "global_step": 69, "Learning rate": 0.009999999776482582, "Batch size": 64.0, "Train/Accuracy": 0.3411000072956085, "Train/Loss": 1.8644721508026123, "Val/Accuracy": 0.3190999925136566, "Val/Loss": 1.9148800373077393, "Model/Norm": 20.570178985595703, "_wandb": {"runtime": 188}}