{"batch loss": 1.8602933883666992, "_timestamp": 1699298004.2795873, "_runtime": 331.8376121520996, "_step": 587, "loss": 0.007254223270007433, "epoch": 2, "_wandb": {"runtime": 331}}