{"accuracy": 0.11184731012658228, "epoch": 0, "_timestamp": 1699285518.0751114, "_runtime": 0.6632604598999023, "_step": 0, "_wandb": {"runtime": 0}}