{"acc": 0.9352, "acc_val": 0.5274, "_timestamp": 1699290144.8355517, "_runtime": 244.94423270225525, "_step": 99, "_wandb": {"runtime": 244}}