{"global_step": 49, "_timestamp": 1699800548.6552355, "Learning rate": 0.05435287952423096, "Batch size": 128.0, "Train/Accuracy": 0.3637999892234802, "Val/Accuracy": 0.2784999907016754, "Train/Loss": 1.7714436054229736, "Val/Loss": 2.101569175720215, "Model/Norm": 58.865230560302734, "_runtime": 86.32837343215942, "_step": 49, "_wandb": {"runtime": 84}}