{"epoch": 49, "acc_train": 0.3202, "train_loss": 1.9101206064224243, "acc_val": 0.3043, "loss_val": 1.9497318267822266, "_timestamp": 1699929977.1161149, "_runtime": 217.127427816391, "_step": 99, "global_step": 49, "Learning rate": 0.0010000000474974513, "Batch size": 64.0, "Train/Accuracy": 0.32019999623298645, "Val/Accuracy": 0.3043000102043152, "Train/Loss": 1.9101206064224243, "Val/Loss": 1.9497318267822266, "Model/Norm": 15.072787284851074, "_wandb": {"runtime": 215}}