{"accuracy": 0.1003757911392405, "epoch": 1, "_timestamp": 1699282640.1650178, "_runtime": 0.630638837814331, "_step": 0, "_wandb": {"runtime": 0}}