{"training_loss": 1733.7270855903625, "training_accuracy": 0.20576, "validation_loss": 89.15610122680664, "validation_accuracy": 0.2058, "_timestamp": 1699904451.7765007, "_runtime": 152.8610656261444, "_step": 24, "gradients/graph_11fc4.bias": {"_type": "histogram", "values": [1.0, 0.0, 0.0, 0.0, 0.0, 0.0, 0.0, 0.0, 0.0, 0.0, 0.0, 0.0, 0.0, 0.0, 0.0, 0.0, 0.0, 0.0, 0.0, 0.0, 0.0, 0.0, 0.0, 0.0, 0.0, 0.0, 0.0, 1.0, 2.0, 0.0, 0.0, 0.0, 0.0, 0.0, 0.0, 0.0, 0.0, 0.0, 0.0, 0.0, 1.0, 0.0, 0.0, 0.0, 1.0, 1.0, 0.0, 0.0, 0.0, 1.0, 0.0, 0.0, 0.0, 0.0, 0.0, 0.0, 1.0, 0.0, 0.0, 0.0, 0.0, 0.0, 0.0, 1.0], "bins": [-0.09899862110614777, -0.09641899168491364, -0.0938393697142601, -0.09125974029302597, -0.08868011832237244, -0.0861004889011383, -0.08352085947990417, -0.08094123750925064, -0.07836160808801651, -0.07578197866678238, -0.07320235669612885, -0.07062272727489471, -0.06804309785366058, -0.06546347588300705, -0.06288384646177292, -0.060304220765829086, -0.057724595069885254, -0.05514496937394142, -0.05256534367799759, -0.04998571425676346, -0.047406088560819626, -0.04482646286487579, -0.04224683344364166, -0.03966720774769783, -0.037087582051754, -0.034507956355810165, -0.03192833065986633, -0.029348701238632202, -0.02676907554268837, -0.024189449846744537, -0.021609822288155556, -0.019030194729566574, -0.01645056903362274, -0.013870942406356335, -0.011291315779089928, -0.00871168915182352, -0.006132062524557114, -0.0035524358972907066, -0.0009728092700242996, 0.0016068173572421074, 0.004186443984508514, 0.006766070611774921, 0.009345697239041328, 0.011925323866307735, 0.014504950493574142, 0.017084576189517975, 0.019664203748106956, 0.022243831306695938, 0.02482345700263977, 0.027403082698583603, 0.029982710257172585, 0.032562337815761566, 0.0351419635117054, 0.03772158920764923, 0.04030121862888336, 0.042880844324827194, 0.04546047002077103, 0.04804009571671486, 0.05061972141265869, 0.05319935083389282, 0.055778976529836655, 0.05835860222578049, 0.06093823164701462, 0.06351785361766815, 0.06609748303890228]}, "gradients/graph_11fc4.weight": {"_type": "histogram", "values": [1.0, 0.0, 0.0, 0.0, 1.0, 0.0, 2.0, 1.0, 0.0, 0.0, 0.0, 0.0, 0.0, 0.0, 0.0, 1.0, 3.0, 2.0, 1.0, 1.0, 3.0, 2.0, 1.0, 4.0, 5.0, 0.0, 4.0, 6.0, 6.0, 3.0, 4.0, 5.0, 8.0, 14.0, 30.0, 206.0, 204.0, 25.0, 17.0, 13.0, 15.0, 13.0, 7.0, 4.0, 3.0, 0.0, 3.0, 6.0, 2.0, 2.0, 3.0, 1.0, 1.0, 0.0, 1.0, 2.0, 0.0, 1.0, 1.0, 0.0, 0.0, 1.0, 0.0, 1.0], "bins": [-1.4188705682754517, -1.3793919086456299, -1.339913249015808, -1.3004345893859863, -1.260955810546875, -1.2214771509170532, -1.1819984912872314, -1.1425198316574097, -1.103041172027588, -1.0635625123977661, -1.0240837335586548, -0.9846051335334778, -0.9451264142990112, -0.9056477546691895, -0.8661690950393677, -0.8266903758049011, -0.7872117161750793, -0.7477330565452576, -0.708254337310791, -0.6687756776809692, -0.6292970180511475, -0.5898182988166809, -0.5503396391868591, -0.5108609795570374, -0.4713822901248932, -0.431903600692749, -0.39242494106292725, -0.3529462516307831, -0.3134675621986389, -0.27398890256881714, -0.23451021313667297, -0.19503153860569, -0.15555286407470703, -0.11607418954372406, -0.07659550756216049, -0.03711682930588722, 0.0023618489503860474, 0.04184052720665932, 0.08131920546293259, 0.12079788744449615, 0.16027656197547913, 0.1997552365064621, 0.23923391103744507, 0.27871260046958923, 0.3181912899017334, 0.3576699495315552, 0.39714863896369934, 0.4366272985935211, 0.4761059880256653, 0.5155846476554871, 0.5550633668899536, 0.5945420265197754, 0.6340206861495972, 0.6734994053840637, 0.7129780650138855, 0.7524567246437073, 0.7919354438781738, 0.8314141035079956, 0.8708927631378174, 0.9103714227676392, 0.9498501420021057, 0.9893288016319275, 1.028807520866394, 1.0682861804962158, 1.1077648401260376]}, "gradients/graph_11fc3.bias": {"_type": "histogram", "values": [1.0, 0.0, 0.0, 0.0, 0.0, 0.0, 0.0, 0.0, 1.0, 0.0, 0.0, 1.0, 0.0, 0.0, 0.0, 0.0, 0.0, 0.0, 3.0, 1.0, 1.0, 0.0, 0.0, 2.0, 4.0, 1.0, 2.0, 1.0, 5.0, 7.0, 15.0, 1.0, 4.0, 2.0, 2.0, 1.0, 1.0, 1.0, 0.0, 1.0, 0.0, 1.0, 1.0, 1.0, 0.0, 1.0, 0.0, 0.0, 0.0, 1.0, 0.0, 0.0, 0.0, 0.0, 0.0, 0.0, 0.0, 0.0, 0.0, 0.0, 0.0, 0.0, 0.0, 1.0], "bins": [-0.016795488074421883, -0.016237512230873108, -0.015679538249969482, -0.015121563337743282, -0.014563588425517082, -0.014005612581968307, -0.013447637669742107, -0.012889662757515907, -0.012331687845289707, -0.011773712933063507, -0.011215738020837307, -0.010657763108611107, -0.010099787265062332, -0.009541812352836132, -0.008983837440609932, -0.008425862528383732, -0.007867887616157532, -0.007309912703931332, -0.0067519377917051315, -0.006193962413817644, -0.005635987501591444, -0.005078012589365244, -0.0045200372114777565, -0.003962062299251556, -0.0034040873870253563, -0.002846112474799156, -0.0022881373297423124, -0.0017301623011007905, -0.0011721872724592686, -0.0006142122438177466, -5.623721517622471e-05, 0.0005017378134652972, 0.0010597128421068192, 0.001617687870748341, 0.002175662899389863, 0.0027336380444467068, 0.003291612956672907, 0.003849587868899107, 0.004407563246786594, 0.0049655381590127945, 0.005523513071238995, 0.006081487983465195, 0.006639462895691395, 0.007197438273578882, 0.007755413185805082, 0.00831338856369257, 0.00887136347591877, 0.00942933838814497, 0.00998731330037117, 0.01054528821259737, 0.01110326312482357, 0.01166123803704977, 0.01221921294927597, 0.012777188792824745, 0.013335163705050945, 0.013893138617277145, 0.014451113529503345, 0.015009088441729546, 0.015567063353955746, 0.016125038266181946, 0.01668301410973072, 0.017240988090634346, 0.01779896393418312, 0.018356937915086746, 0.01891491375863552]}, "gradients/graph_11fc3.weight": {"_type": "histogram", "values": [1.0, 0.0, 0.0, 0.0, 0.0, 0.0, 0.0, 0.0, 0.0, 0.0, 2.0, 0.0, 2.0, 1.0, 1.0, 3.0, 4.0, 7.0, 6.0, 6.0, 10.0, 18.0, 28.0, 27.0, 59.0, 86.0, 164.0, 516.0, 6323.0, 495.0, 181.0, 81.0, 56.0, 41.0, 15.0, 10.0, 14.0, 5.0, 5.0, 4.0, 3.0, 5.0, 4.0, 3.0, 1.0, 1.0, 0.0, 1.0, 0.0, 2.0, 0.0, 0.0, 0.0, 0.0, 0.0, 0.0, 0.0, 0.0, 0.0, 0.0, 0.0, 0.0, 0.0, 1.0], "bins": [-1.8562581539154053, -1.7913044691085815, -1.7263507843017578, -1.6613969802856445, -1.5964432954788208, -1.531489610671997, -1.4665358066558838, -1.40158212184906, -1.3366284370422363, -1.2716747522354126, -1.2067210674285889, -1.1417672634124756, -1.0768135786056519, -1.0118598937988281, -0.9469061493873596, -0.8819524049758911, -0.8169987201690674, -0.7520450353622437, -0.6870912909507751, -0.6221375465393066, -0.5571838617324829, -0.4922301471233368, -0.4272764325141907, -0.36232271790504456, -0.29736900329589844, -0.23241528868675232, -0.1674615740776062, -0.10250785946846008, -0.037554144859313965, 0.027399569749832153, 0.09235328435897827, 0.1573069989681244, 0.2222609519958496, 0.2872146666049957, 0.35216838121414185, 0.41712209582328796, 0.4820758104324341, 0.5470294952392578, 0.6119832396507263, 0.6769369840621948, 0.7418906688690186, 0.8068443536758423, 0.8717980980873108, 0.9367518424987793, 1.001705527305603, 1.0666592121124268, 1.13161301612854, 1.1965667009353638, 1.2615203857421875, 1.3264740705490112, 1.391427755355835, 1.4563815593719482, 1.521335244178772, 1.5862889289855957, 1.651242733001709, 1.7161964178085327, 1.7811501026153564, 1.8461037874221802, 1.911057472229004, 1.9760112762451172, 2.0409650802612305, 2.1059186458587646, 2.170872449874878, 2.235826015472412, 2.3007798194885254]}, "gradients/graph_11fc2.bias": {"_type": "histogram", "values": [1.0, 0.0, 1.0, 0.0, 0.0, 1.0, 0.0, 0.0, 0.0, 0.0, 1.0, 1.0, 0.0, 0.0, 1.0, 2.0, 1.0, 0.0, 5.0, 2.0, 2.0, 1.0, 2.0, 1.0, 2.0, 0.0, 5.0, 2.0, 2.0, 8.0, 7.0, 13.0, 21.0, 3.0, 4.0, 2.0, 2.0, 5.0, 3.0, 1.0, 1.0, 0.0, 4.0, 2.0, 1.0, 4.0, 2.0, 1.0, 0.0, 2.0, 1.0, 1.0, 2.0, 0.0, 0.0, 0.0, 2.0, 0.0, 0.0, 0.0, 0.0, 0.0, 1.0, 2.0],