{"Val Accuracy/Epoch": 0.3753, "Val Loss/Epoch": 34.91712188720703, "_timestamp": 1699944736.10238, "_runtime": 18.750679969787598, "_step": 49, "gradients/graph_11fc3.bias": {"_type": "histogram", "values": [1.0, 0.0, 0.0, 0.0, 0.0, 0.0, 0.0, 0.0, 0.0, 0.0, 0.0, 0.0, 0.0, 0.0, 0.0, 0.0, 0.0, 0.0, 0.0, 0.0, 0.0, 0.0, 2.0, 1.0, 0.0, 0.0, 0.0, 0.0, 0.0, 0.0, 0.0, 1.0, 0.0, 1.0, 1.0, 0.0, 0.0, 0.0, 0.0, 0.0, 0.0, 0.0, 0.0, 2.0, 0.0, 0.0, 0.0, 0.0, 0.0, 0.0, 0.0, 0.0, 0.0, 0.0, 0.0, 0.0, 0.0, 0.0, 0.0, 0.0, 0.0, 0.0, 0.0, 1.0], "bins": [-0.041626110672950745, -0.040322255343198776, -0.03901840001344681, -0.03771454468369484, -0.03641068935394287, -0.0351068377494812, -0.03380298241972923, -0.032499127089977264, -0.031195271760225296, -0.029891416430473328, -0.02858756110072136, -0.02728370763361454, -0.02597985230386257, -0.024675996974110603, -0.023372143507003784, -0.022068288177251816, -0.020764432847499847, -0.01946057751774788, -0.01815672218799591, -0.01685286872088909, -0.015549013391137123, -0.014245158061385155, -0.012941304594278336, -0.011637449264526367, -0.010333593934774399, -0.00902973860502243, -0.007725883275270462, -0.006422027945518494, -0.005118176341056824, -0.0038143210113048553, -0.002510465681552887, -0.0012066103518009186, 9.724870324134827e-05, 0.0014011040329933167, 0.002704959362745285, 0.004008814692497253, 0.005312670022249222, 0.006616521626710892, 0.00792037695646286, 0.009224232286214828, 0.010528087615966797, 0.011831942945718765, 0.013135798275470734, 0.014439651742577553, 0.01574350707232952, 0.01704736240208149, 0.01835121586918831, 0.019655071198940277, 0.020958926528692245, 0.022262781858444214, 0.023566637188196182, 0.024870490655303, 0.02617434598505497, 0.027478201314806938, 0.028782054781913757, 0.030085910111665726, 0.031389765441417694, 0.03269362077116966, 0.03399747610092163, 0.0353013314306736, 0.03660518676042557, 0.03790903836488724, 0.039212893694639206, 0.040516749024391174, 0.04182060435414314]}, "gradients/graph_11fc3.weight": {"_type": "histogram", "values": [1.0, 0.0, 0.0, 0.0, 1.0, 0.0, 1.0, 0.0, 0.0, 0.0, 0.0, 0.0, 0.0, 0.0, 2.0, 0.0, 1.0, 1.0, 0.0, 0.0, 5.0, 3.0, 3.0, 1.0, 2.0, 2.0, 6.0, 6.0, 13.0, 11.0, 9.0, 14.0, 19.0, 34.0, 348.0, 38.0, 35.0, 21.0, 17.0, 13.0, 12.0, 1.0, 5.0, 2.0, 1.0, 2.0, 0.0, 2.0, 1.0, 3.0, 1.0, 0.0, 0.0, 0.0, 0.0, 0.0, 0.0, 1.0, 0.0, 0.0, 0.0, 0.0, 1.0, 1.0], "bins": [-0.1686205267906189, -0.1637030839920044, -0.1587856411933899, -0.15386821329593658, -0.14895077049732208, -0.14403332769870758, -0.13911589980125427, -0.13419845700263977, -0.12928101420402527, -0.12436357140541077, -0.11944613605737686, -0.11452870070934296, -0.10961125791072845, -0.10469381511211395, -0.09977637976408005, -0.09485894441604614, -0.08994150161743164, -0.08502405881881714, -0.08010662347078323, -0.07518918812274933, -0.07027174532413483, -0.06535430252552032, -0.06043686717748642, -0.055519431829452515, -0.05060198903083801, -0.04568454623222351, -0.04076710343360901, -0.0358496755361557, -0.0309322327375412, -0.026014789938926697, -0.02109736204147339, -0.016179919242858887, -0.011262491345405579, -0.006345048546791077, -0.0014276057481765747, 0.0034898221492767334, 0.008407264947891235, 0.013324707746505737, 0.018242135643959045, 0.023159578442573547, 0.02807702124118805, 0.03299446403980255, 0.037911899387836456, 0.04282933473587036, 0.04774677753448486, 0.052664220333099365, 0.05758165568113327, 0.062499091029167175, 0.06741653382778168, 0.07233397662639618, 0.07725141197443008, 0.08216884732246399, 0.08708629012107849, 0.092003732919693, 0.0969211682677269, 0.1018386036157608, 0.1067560464143753, 0.11167348921298981, 0.11659092456102371, 0.12150835990905762, 0.12642580270767212, 0.13134324550628662, 0.13626068830490112, 0.14117811620235443, 0.14609555900096893]}, "gradients/graph_11fc2.bias": {"_type": "histogram", "values": [1.0, 0.0, 0.0, 0.0, 0.0, 0.0, 1.0, 0.0, 0.0, 0.0, 0.0, 0.0, 1.0, 0.0, 0.0, 0.0, 1.0, 1.0, 2.0, 1.0, 0.0, 0.0, 0.0, 2.0, 0.0, 2.0, 1.0, 1.0, 1.0, 1.0, 0.0, 1.0, 5.0, 2.0, 30.0, 1.0, 1.0, 0.0, 0.0, 1.0, 1.0, 1.0, 1.0, 0.0, 0.0, 0.0, 0.0, 0.0, 0.0, 0.0, 1.0, 0.0, 0.0, 0.0, 1.0, 0.0, 0.0, 0.0, 1.0, 0.0, 0.0, 0.0, 0.0, 1.0], "bins": [-0.02730800211429596, -0.026517370715737343, -0.025726737454533577, -0.02493610605597496, -0.024145472794771194, -0.023354841396212578, -0.02256420999765396, -0.021773576736450195, -0.02098294533789158, -0.020192313939332962, -0.019401680678129196, -0.01861104927957058, -0.017820417881011963, -0.017029784619808197, -0.01623915322124958, -0.015448520891368389, -0.014657888561487198, -0.013867256231606007, -0.013076623901724815, -0.012285992503166199, -0.011495359241962433, -0.010704727843403816, -0.0099140964448452, -0.009123463183641434, -0.008332831785082817, -0.0075422003865242004, -0.006751567125320435, -0.005960935726761818, -0.005170304328203201, -0.004379671066999435, -0.003589039668440819, -0.002798406407237053, -0.002007773146033287, -0.0012171417474746704, -0.00042650848627090454, 0.0003641229122877121, 0.001154756173491478, 0.0019453875720500946, 0.0027360189706087112, 0.003526652231812477, 0.004317283630371094, 0.00510791502892971, 0.005898548290133476, 0.006689179688692093, 0.0074798110872507095, 0.008270444348454475, 0.009061075747013092, 0.009851708076894283, 0.010642340406775475, 0.011432972736656666, 0.012223605066537857, 0.013014236465096474, 0.013804868794977665, 0.014595501124858856, 0.015386132523417473, 0.01617676392197609, 0.016967397183179855, 0.01775803044438362, 0.018548661842942238, 0.019339293241500854, 0.02012992650270462, 0.020920557901263237, 0.021711189299821854, 0.02250182256102562, 0.023292453959584236]}, "gradients/graph_11fc2.weight": {"_type": "histogram", "values": [1.0, 0.0, 1.0, 1.0, 2.0, 1.0, 0.0, 0.0, 1.0, 1.0, 1.0, 3.0, 0.0, 2.0, 2.0, 3.0, 6.0, 4.0, 3.0, 4.0, 3.0, 6.0, 11.0, 10.0, 8.0, 21.0, 16.0, 21.0, 41.0, 44.0, 82.0, 7705.0, 67.0, 34.0, 23.0, 13.0, 10.0, 6.0, 6.0, 4.0, 3.0, 1.0, 2.0, 1.0, 5.0, 1.0, 1.0, 3.0, 2.0, 1.0, 1.0, 1.0, 0.0, 1.0, 0.0, 0.0, 0.0, 0.0, 0.0, 0.0, 0.0, 0.0, 0.0, 2.0], "bins": [-0.20101800560951233, -0.1946369856595993, -0.18825595080852509, -0.18187493085861206, -0.17549389600753784, -0.16911287605762482, -0.1627318561077118, -0.15635082125663757, -0.14996980130672455, -0.14358876645565033, -0.1372077465057373, -0.13082671165466309, -0.12444569170475006, -0.11806466430425644, -0.11168364435434341, -0.10530261695384979, -0.09892158955335617, -0.09254056215286255, -0.08615953475236893, -0.0797785148024559, -0.07339748740196228, -0.06701645255088806, -0.06063543260097504, -0.05425441265106201, -0.04787337779998779, -0.04149235785007477, -0.03511132299900055, -0.028730303049087524, -0.0223492830991745, -0.01596824824810028, -0.009587228298187256, -0.003206193447113037, 0.003174826502799988, 0.009555846452713013, 0.01593688130378723, 0.022317901253700256, 0.028698936104774475, 0.0350799560546875, 0.041460976004600525, 0.047842010855674744, 0.05422303080558777, 0.06060406565666199, 0.06698508560657501, 0.07336610555648804, 0.07974714040756226, 0.08612816780805588, 0.0925091877579689, 0.09889021515846252, 0.10527124255895615, 0.11165226995944977, 0.11803329735994339, 0.12441431730985641, 0.13079534471035004, 0.13717636466026306, 0.14355739951133728, 0.1499384194612503, 0.15631945431232452, 0.16270047426223755, 0.16908150911331177, 0.1754625290632248, 0.18184354901313782, 0.18822458386421204, 0.19460560381412506, 0.20098663866519928, 0.2073676586151123]}, "gradients/graph_11fc1.bias": {"_type": "histogram", "values": [1.0, 0.0, 0.0, 1.0, 0.0, 0.0, 0.0, 0.0, 0.0, 1.0, 1.0, 1.0, 0.0, 0.0, 1.0, 1.0, 1.0, 1.0, 0.0, 1.0, 2.0, 1.0, 105.0, 2.0, 0.0, 1.0, 0.0, 1.0, 0.0, 1.0, 0.0, 0.0, 0.0, 2.0, 0.0, 1.0, 0.0, 0.0, 0.0, 0.0, 0.0, 0.0, 0.0, 0.0, 0.0, 0.0, 0.0, 0.0, 0.0, 0.0, 1.0, 0.0, 0.0, 0.0, 0.0, 0.0, 0.0, 0.0, 0.0, 0.0, 0.0, 0.0, 0.0, 1.0],