{"accuracy": 0.09948575949367089, "epoch": 0, "_timestamp": 1699282634.5187356, "_runtime": 0.7123796939849854, "_step": 0, "_wandb": {"runtime": 0}}