{"epoch": 49, "acc_train": 0.1803, "train_loss": 2.1812188625335693, "acc_val": 0.1699, "loss_val": 2.193601131439209, "_timestamp": 1699918755.8875093, "_runtime": 219.66665935516357, "_step": 99, "global_step": 49, "Learning rate": 0.10000000149011612, "Batch size": 64.0, "Train/Accuracy": 0.18029999732971191, "Val/Accuracy": 0.16990000009536743, "Train/Loss": 2.1812188625335693, "Val/Loss": 2.193601131439209, "Model/Norm": 38.611515045166016, "_wandb": {"runtime": 218}}