{"epoch": 100, "accuracy": 0.4237, "_timestamp": 1699914158.7007065, "_runtime": 245.72600650787354, "_step": 100, "_wandb": {"runtime": 244}}