{"accuracy": 0.1507120253164557, "epoch": 2, "_timestamp": 1699284714.7078125, "_runtime": 0.7539145946502686, "_step": 0, "_wandb": {"runtime": 0}}