{"accuracy": 0.09889240506329114, "epoch": 1, "_timestamp": 1699285238.5023775, "_runtime": 0.6519734859466553, "_step": 0, "_wandb": {"runtime": 0}}