{"batch loss": 2.302811861038208, "_timestamp": 1699298429.6772525, "_runtime": 352.6393995285034, "_step": 587, "loss": 0.008994464012674796, "epoch": 2, "_wandb": {"runtime": 351}}