{"epoch": 49, "accuracy": 0.4136, "_timestamp": 1699905906.1155493, "_runtime": 158.9581754207611, "_step": 49, "_wandb": {"runtime": 158}}