{"gradients/graph_13fc4.bias": {"_type": "histogram", "values": [1.0, 1.0, 0.0, 0.0, 0.0, 1.0, 0.0, 0.0, 1.0, 1.0, 0.0, 0.0, 1.0, 0.0, 0.0, 0.0, 0.0, 0.0, 1.0, 0.0, 0.0, 0.0, 0.0, 0.0, 0.0, 0.0, 0.0, 0.0, 0.0, 0.0, 0.0, 0.0, 0.0, 1.0, 0.0, 0.0, 0.0, 0.0, 0.0, 0.0, 0.0, 1.0, 0.0, 0.0, 0.0, 0.0, 0.0, 0.0, 0.0, 0.0, 0.0, 0.0, 0.0, 0.0, 0.0, 0.0, 0.0, 0.0, 0.0, 0.0, 0.0, 0.0, 0.0, 1.0], "bins": [-0.04143137484788895, -0.03929673135280609, -0.037162091583013535, -0.03502744808793068, -0.03289280831813812, -0.030758164823055267, -0.028623521327972412, -0.026488879695534706, -0.024354238063097, -0.022219596430659294, -0.020084954798221588, -0.017950311303138733, -0.015815669670701027, -0.013681028038263321, -0.01154638547450304, -0.00941174291074276, -0.007277101278305054, -0.00514245918020606, -0.003007817082107067, -0.0008731749840080738, 0.0012614671140909195, 0.003396109212189913, 0.005530751310288906, 0.007665393408387899, 0.009800035506486893, 0.011934677138924599, 0.01406931970268488, 0.01620396226644516, 0.018338603898882866, 0.020473245531320572, 0.022607889026403427, 0.024742530658841133, 0.026877164840698242, 0.029011806473135948, 0.031146448105573654, 0.03328109160065651, 0.035415731370449066, 0.03755037486553192, 0.03968501836061478, 0.04181965813040733, 0.04395430162549019, 0.046088945120573044, 0.0482235848903656, 0.050358228385448456, 0.05249287188053131, 0.05462751165032387, 0.05676215514540672, 0.05889679491519928, 0.061031438410282135, 0.06316608190536499, 0.06530072540044785, 0.0674353614449501, 0.06957000494003296, 0.07170464843511581, 0.07383929193019867, 0.07597393542528152, 0.07810857892036438, 0.08024321496486664, 0.0823778584599495, 0.08451250195503235, 0.0866471454501152, 0.08878178894519806, 0.09091642498970032, 0.09305106848478317, 0.09518571197986603]}, "_timestamp": 1699904836.200568, "gradients/graph_13fc4.weight": {"_type": "histogram", "values": [1.0, 0.0, 0.0, 0.0, 0.0, 0.0, 0.0, 1.0, 0.0, 1.0, 1.0, 2.0, 1.0, 4.0, 2.0, 4.0, 2.0, 3.0, 8.0, 5.0, 9.0, 12.0, 10.0, 12.0, 23.0, 332.0, 92.0, 44.0, 18.0, 23.0, 6.0, 6.0, 5.0, 3.0, 2.0, 0.0, 1.0, 1.0, 0.0, 2.0, 0.0, 0.0, 0.0, 0.0, 1.0, 0.0, 0.0, 0.0, 0.0, 0.0, 0.0, 1.0, 0.0, 0.0, 0.0, 0.0, 0.0, 0.0, 1.0, 0.0, 0.0, 0.0, 0.0, 1.0], "bins": [-0.376645565032959, -0.36202365159988403, -0.34740176796913147, -0.3327798545360565, -0.31815794110298157, -0.303536057472229, -0.28891414403915405, -0.2742922306060791, -0.25967031717300415, -0.2450484335422516, -0.23042652010917664, -0.21580462157726288, -0.20118272304534912, -0.18656080961227417, -0.1719389110803604, -0.15731699764728546, -0.1426950991153717, -0.12807320058345795, -0.113451287150383, -0.09882938861846924, -0.08420748263597488, -0.06958557665348053, -0.054963674396276474, -0.04034177213907242, -0.025719866156578064, -0.011097962036728859, 0.003523942083120346, 0.01814584620296955, 0.032767750322818756, 0.04738965630531311, 0.062011558562517166, 0.07663346081972122, 0.09125536680221558, 0.10587727278470993, 0.12049917876720428, 0.13512107729911804, 0.149742990732193, 0.16436488926410675, 0.1789867877960205, 0.19360870122909546, 0.20823059976100922, 0.22285249829292297, 0.23747441172599792, 0.2520963251590729, 0.26671820878982544, 0.2813401222229004, 0.29596203565597534, 0.3105839192867279, 0.32520583271980286, 0.3398277461528778, 0.35444962978363037, 0.3690715432167053, 0.3836934566497803, 0.39831534028053284, 0.4129372537136078, 0.42755916714668274, 0.4421810507774353, 0.45680296421051025, 0.4714248776435852, 0.48604679107666016, 0.5006687045097351, 0.5152905583381653, 0.5299124717712402, 0.5445343852043152, 0.5591562986373901]}, "gradients/graph_13fc3.bias": {"_type": "histogram", "values": [1.0, 1.0, 2.0, 0.0, 0.0, 1.0, 1.0, 0.0, 2.0, 1.0, 0.0, 3.0, 1.0, 3.0, 4.0, 2.0, 1.0, 23.0, 4.0, 0.0, 1.0, 2.0, 0.0, 2.0, 2.0, 2.0, 0.0, 1.0, 0.0, 0.0, 0.0, 1.0, 0.0, 0.0, 0.0, 0.0, 0.0, 0.0, 1.0, 0.0, 0.0, 0.0, 0.0, 0.0, 0.0, 0.0, 0.0, 0.0, 0.0, 0.0, 0.0, 0.0, 0.0, 0.0, 0.0, 0.0, 0.0, 1.0, 0.0, 0.0, 0.0, 0.0, 0.0, 1.0], "bins": [-0.004527918994426727, -0.004272157792001963, -0.004016396589577198, -0.003760635619983077, -0.003504874650388956, -0.0032491134479641914, -0.002993352245539427, -0.002737591275945306, -0.002481830073520541, -0.0022260688710957766, -0.0019703079015016556, -0.001714546699076891, -0.0014587856130674481, -0.0012030245270580053, -0.0009472633828409016, -0.0006915022386237979, -0.0004357411526143551, -0.00017998003750108182, 7.578107761219144e-05, 0.0003315421927254647, 0.000587303307838738, 0.0008430643938481808, 0.0010988255962729454, 0.0013545866822823882, 0.001610347768291831, 0.0018661088543012738, 0.0021218699403107166, 0.0023776311427354813, 0.002633392345160246, 0.002889153314754367, 0.0031449145171791315, 0.0034006754867732525, 0.003656436689198017, 0.003912197891622782, 0.004167959094047546, 0.004423719830811024, 0.004679481033235788, 0.004935242235660553, 0.005191003438085318, 0.005446764640510082, 0.00570252537727356, 0.005958286579698324, 0.006214047782123089, 0.0064698089845478535, 0.006725570186972618, 0.006981331389397383, 0.00723709212616086, 0.007492853328585625, 0.007748614531010389, 0.008004375733435154, 0.008260136470198631, 0.008515898138284683, 0.00877165887504816, 0.009027420543134212, 0.00928318127989769, 0.009538942016661167, 0.009794703684747219, 0.010050464421510696, 0.010306226089596748, 0.010561986826360226, 0.010817747563123703, 0.011073509231209755, 0.011329269967973232, 0.011585031636059284, 0.011840792372822762]}, "gradients/graph_13fc3.weight": {"_type": "histogram", "values": [1.0, 0.0, 0.0, 1.0, 0.0, 0.0, 0.0, 2.0, 0.0, 2.0, 1.0, 2.0, 3.0, 2.0, 4.0, 5.0, 17.0, 17.0, 25.0, 54.0, 76.0, 185.0, 4869.0, 2550.0, 137.0, 81.0, 39.0, 29.0, 24.0, 16.0, 8.0, 7.0, 5.0, 3.0, 4.0, 3.0, 5.0, 1.0, 1.0, 2.0, 2.0, 1.0, 0.0, 1.0, 0.0, 2.0, 0.0, 2.0, 0.0, 0.0, 0.0, 0.0, 0.0, 0.0, 0.0, 1.0, 0.0, 0.0, 0.0, 0.0, 0.0, 1.0, 0.0, 1.0], "bins": [-0.2644476592540741, -0.2529432773590088, -0.24143889546394348, -0.22993451356887817, -0.21843013167381287, -0.20692574977874756, -0.19542136788368225, -0.18391698598861694, -0.17241260409355164, -0.16090822219848633, -0.14940384030342102, -0.1378994584083557, -0.1263950765132904, -0.1148906946182251, -0.10338631272315979, -0.09188193082809448, -0.08037754893302917, -0.06887316703796387, -0.05736878514289856, -0.04586440324783325, -0.034360021352767944, -0.022855639457702637, -0.011351257562637329, 0.00015312433242797852, 0.011657506227493286, 0.023161888122558594, 0.0346662700176239, 0.04617065191268921, 0.05767503380775452, 0.06917941570281982, 0.08068379759788513, 0.09218817949295044, 0.10369253158569336, 0.11519691348075867, 0.12670129537582397, 0.13820567727088928, 0.1497100591659546, 0.1612144410610199, 0.1727188229560852, 0.1842232048511505, 0.19572758674621582, 0.20723196864128113, 0.21873635053634644, 0.23024073243141174, 0.24174511432647705, 0.25324949622154236, 0.26475387811660767, 0.276258260011673, 0.2877626419067383, 0.2992670238018036, 0.3107714056968689, 0.3222757875919342, 0.3337801694869995, 0.3452845513820648, 0.3567889332771301, 0.36829331517219543, 0.37979769706726074, 0.39130207896232605, 0.40280646085739136, 0.41431084275245667, 0.425815224647522, 0.4373196065425873, 0.4488239884376526, 0.4603283703327179, 0.4718327522277832]}, "gradients/graph_13fc2.bias": {"_type": "histogram", "values": [1.0, 0.0, 0.0, 0.0, 0.0, 0.0, 0.0, 0.0, 0.0, 0.0, 1.0, 1.0, 1.0, 0.0, 0.0, 2.0, 0.0, 1.0, 2.0, 3.0, 3.0, 1.0, 1.0, 2.0, 4.0, 10.0, 8.0, 31.0, 18.0, 5.0, 5.0, 0.0, 4.0, 5.0, 1.0, 3.0, 0.0, 2.0, 3.0, 0.0, 0.0, 0.0, 1.0, 0.0, 1.0, 1.0, 0.0, 0.0, 0.0, 0.0, 0.0, 1.0, 1.0, 0.0, 0.0, 0.0, 0.0, 1.0, 1.0, 0.0, 0.0, 1.0, 1.0, 1.0],