{"accuracy": 0.20342167721518986, "epoch": 0, "_timestamp": 1699284511.181578, "_runtime": 0.7000298500061035, "_step": 0, "_wandb": {"runtime": 0}}