{"epoch": 79, "accuracy": 0.3623, "_timestamp": 1699916915.4921541, "_runtime": 353.1126751899719, "_step": 79, "_wandb": {"runtime": 352}}