{"epoch": 29, "acc_train": 0.3279, "train_loss": 1.8742685317993164, "acc_val": 0.2971, "loss_val": 1.9673165082931519, "_timestamp": 1699925082.0133145, "_runtime": 62.33935236930847, "_step": 59, "global_step": 29, "Learning rate": 0.10000000149011612, "Batch size": 256.0, "Train/Accuracy": 0.3278999924659729, "Train/Loss": 1.8742685317993164, "Val/Accuracy": 0.2971000075340271, "Val/Loss": 1.9673165082931519, "Model/Norm": 38.056278228759766, "_wandb": {"runtime": 60}}