{"accuracy": 0.09889240506329114, "epoch": 3, "_timestamp": 1699283102.4767807, "_runtime": 1.0590887069702148, "_step": 0, "_wandb": {"runtime": 0}}