{"acc": 0.9309, "acc_val": 0.5159, "_timestamp": 1699278108.3080142, "_runtime": 163.8671362400055, "_step": 99, "_wandb": {"runtime": 163}}