{"acc": 0.9555, "acc_val": 0.5085, "_timestamp": 1699296999.1636686, "_runtime": 190.9933636188507, "_step": 84, "_wandb": {"runtime": 190}}