{"epoch": 59, "accuracy": 0.3686, "_timestamp": 1699915369.0298407, "_runtime": 365.5609736442566, "_step": 59, "_wandb": {"runtime": 364}}