{"acc": 0.9668, "acc_val": 0.5215, "_timestamp": 1699280434.150823, "_runtime": 206.56131100654602, "_step": 122, "_wandb": {"runtime": 205}}