{"accuracy": 0.16040348101265822, "epoch": 1, "_timestamp": 1699286073.9400043, "_runtime": 0.6430072784423828, "_step": 0, "_wandb": {"runtime": 0}}