{"Val Accuracy/Epoch": 0.3956, "Val Loss/Epoch": 34.18360137939453, "_timestamp": 1699944608.548488, "_runtime": 17.831382989883423, "_step": 49, "gradients/graph_6fc3.bias": {"_type": "histogram", "values": [1.0, 2.0, 0.0, 0.0, 0.0, 0.0, 0.0, 1.0, 0.0, 0.0, 0.0, 0.0, 0.0, 0.0, 0.0, 0.0, 0.0, 0.0, 0.0, 0.0, 0.0, 1.0, 0.0, 0.0, 0.0, 0.0, 0.0, 1.0, 0.0, 0.0, 0.0, 1.0, 0.0, 1.0, 0.0, 0.0, 0.0, 0.0, 0.0, 0.0, 0.0, 1.0, 0.0, 0.0, 0.0, 0.0, 0.0, 0.0, 0.0, 0.0, 0.0, 0.0, 0.0, 0.0, 0.0, 0.0, 0.0, 0.0, 0.0, 0.0, 0.0, 0.0, 0.0, 1.0], "bins": [-0.032541897147893906, -0.031132712960243225, -0.029723526909947395, -0.028314342722296715, -0.026905156672000885, -0.025495972484350204, -0.024086788296699524, -0.022677604109048843, -0.021268418058753014, -0.019859232008457184, -0.018450047820806503, -0.017040863633155823, -0.015631679445505142, -0.014222493395209312, -0.012813309207558632, -0.011404123157262802, -0.009994938969612122, -0.008585754781961441, -0.007176568731665611, -0.005767384544014931, -0.004358198493719101, -0.0029490143060684204, -0.0015398301184177399, -0.00013064593076705933, 0.0012785382568836212, 0.0026877261698246002, 0.004096910357475281, 0.005506094545125961, 0.006915278732776642, 0.008324462920427322, 0.009733650833368301, 0.011142835021018982, 0.012552022933959961, 0.013961207121610641, 0.015370391309261322, 0.0167795792222023, 0.01818876340985298, 0.019597947597503662, 0.021007131785154343, 0.022416315972805023, 0.023825503885746002, 0.025234688073396683, 0.026643872261047363, 0.028053056448698044, 0.029462240636348724, 0.030871426686644554, 0.032280609011650085, 0.033689796924591064, 0.035098981112241745, 0.036508165299892426, 0.037917353212833405, 0.03932653367519379, 0.040735721588134766, 0.042144905775785446, 0.04355408996343613, 0.04496327415108681, 0.04637245833873749, 0.04778164625167847, 0.04919083043932915, 0.05060001462697983, 0.05200919881463051, 0.05341838300228119, 0.05482757091522217, 0.05623675510287285, 0.05764593929052353]}, "gradients/graph_6fc3.weight": {"_type": "histogram", "values": [1.0, 4.0, 2.0, 0.0, 0.0, 3.0, 7.0, 5.0, 6.0, 5.0, 6.0, 8.0, 11.0, 7.0, 6.0, 13.0, 12.0, 22.0, 22.0, 24.0, 33.0, 40.0, 118.0, 39.0, 41.0, 48.0, 42.0, 25.0, 15.0, 16.0, 6.0, 4.0, 8.0, 6.0, 9.0, 5.0, 3.0, 1.0, 1.0, 4.0, 3.0, 2.0, 1.0, 2.0, 0.0, 0.0, 1.0, 0.0, 0.0, 1.0, 0.0, 0.0, 0.0, 0.0, 0.0, 0.0, 0.0, 0.0, 0.0, 1.0, 0.0, 0.0, 0.0, 1.0], "bins": [-0.11553942412137985, -0.1104540303349495, -0.10536863654851913, -0.10028324276208878, -0.09519784897565842, -0.09011245518922806, -0.0850270614027977, -0.07994166761636734, -0.07485627382993698, -0.06977088004350662, -0.06468548625707626, -0.059600092470645905, -0.054514698684215546, -0.04942930489778519, -0.04434391111135483, -0.03925851732492447, -0.03417312353849411, -0.02908772975206375, -0.024002335965633392, -0.018916942179203033, -0.013831548392772675, -0.008746154606342316, -0.003660760819911957, 0.001424632966518402, 0.006510026752948761, 0.01159542053937912, 0.01668081432580948, 0.021766208112239838, 0.026851601898670197, 0.031936995685100555, 0.037022389471530914, 0.04210778325796127, 0.04719318449497223, 0.05227857828140259, 0.05736397206783295, 0.062449365854263306, 0.06753475964069366, 0.07262015342712402, 0.07770554721355438, 0.08279094099998474, 0.0878763347864151, 0.09296172857284546, 0.09804712235927582, 0.10313251614570618, 0.10821790993213654, 0.1133033037185669, 0.11838869750499725, 0.12347409129142761, 0.12855948507785797, 0.13364487886428833, 0.1387302726507187, 0.14381566643714905, 0.1489010602235794, 0.15398645401000977, 0.15907184779644012, 0.16415724158287048, 0.16924263536930084, 0.1743280291557312, 0.17941342294216156, 0.18449881672859192, 0.18958421051502228, 0.19466960430145264, 0.199754998087883, 0.20484039187431335, 0.2099257856607437]}, "gradients/graph_6fc2.bias": {"_type": "histogram", "values": [1.0, 0.0, 0.0, 0.0, 2.0, 0.0, 0.0, 2.0, 2.0, 0.0, 1.0, 0.0, 0.0, 1.0, 1.0, 1.0, 1.0, 1.0, 1.0, 0.0, 2.0, 1.0, 3.0, 1.0, 3.0, 1.0, 3.0, 8.0, 2.0, 4.0, 0.0, 2.0, 1.0, 2.0, 0.0, 1.0, 1.0, 1.0, 1.0, 0.0, 0.0, 1.0, 1.0, 0.0, 0.0, 1.0, 1.0, 0.0, 3.0, 0.0, 2.0, 1.0, 0.0, 0.0, 2.0, 0.0, 0.0, 0.0, 0.0, 0.0, 0.0, 0.0, 0.0, 1.0], "bins": [-0.01678531989455223, -0.016181379556655884, -0.015577441081404686, -0.014973501674830914, -0.014369562268257141, -0.013765621930360794, -0.013161682523787022, -0.01255774311721325, -0.011953803710639477, -0.011349864304065704, -0.010745924897491932, -0.01014198549091816, -0.009538045153021812, -0.00893410574644804, -0.008330166339874268, -0.007726226933300495, -0.007122287526726723, -0.00651834812015295, -0.005914408713579178, -0.005310469307005405, -0.004706529900431633, -0.004102589562535286, -0.0034986501559615135, -0.002894710749387741, -0.0022907713428139687, -0.0016868319362401962, -0.0010828915983438492, -0.00047895312309265137, 0.00012498721480369568, 0.0007289256900548935, 0.0013328660279512405, 0.0019368045032024384, 0.0025407467037439346, 0.0031446870416402817, 0.0037486255168914795, 0.0043525658547878265, 0.004956504330039024, 0.005560444667935371, 0.006164383143186569, 0.006768323481082916, 0.007372262887656689, 0.007976202294230461, 0.008580141700804234, 0.009184081107378006, 0.009788021445274353, 0.010391960851848125, 0.010995900258421898, 0.01159983966499567, 0.012203779071569443, 0.012807718478143215, 0.013411657884716988, 0.01401559729129076, 0.014619536697864532, 0.01522347703576088, 0.015827417373657227, 0.016431355848908424, 0.017035294324159622, 0.01763923466205597, 0.018243174999952316, 0.018847113475203514, 0.01945105381309986, 0.02005499228835106, 0.020658932626247406, 0.021262871101498604, 0.02186681143939495]}, "gradients/graph_6fc2.weight": {"_type": "histogram", "values": [1.0, 0.0, 0.0, 2.0, 0.0, 0.0, 2.0, 2.0, 3.0, 1.0, 3.0, 6.0, 4.0, 5.0, 3.0, 11.0, 8.0, 6.0, 8.0, 19.0, 18.0, 30.0, 39.0, 44.0, 81.0, 94.0, 170.0, 306.0, 579.0, 1339.0, 3104.0, 907.0, 452.0, 254.0, 178.0, 106.0, 94.0, 72.0, 45.0, 40.0, 31.0, 23.0, 14.0, 7.0, 7.0, 9.0, 7.0, 7.0, 11.0, 12.0, 6.0, 6.0, 4.0, 1.0, 4.0, 1.0, 1.0, 1.0, 1.0, 1.0, 1.0, 0.0, 0.0, 1.0], "bins": [-0.09618093073368073, -0.09301222860813141, -0.08984352648258209, -0.08667482435703278, -0.08350612223148346, -0.08033742010593414, -0.07716871798038483, -0.07400001585483551, -0.0708313137292862, -0.06766261160373688, -0.06449390947818756, -0.06132521107792854, -0.05815650895237923, -0.05498780682682991, -0.051819104701280594, -0.04865040257573128, -0.04548170045018196, -0.042312998324632645, -0.03914429619908333, -0.03597559407353401, -0.032806895673274994, -0.029638193547725677, -0.02646949142217636, -0.023300789296627045, -0.02013208717107773, -0.016963385045528412, -0.013794682919979095, -0.010625980794429779, -0.007457278668880463, -0.004288576543331146, -0.0011198744177818298, 0.0020488277077674866, 0.005217529833316803, 0.00838623195886612, 0.011554934084415436, 0.014723636209964752, 0.01789233833551407, 0.021061040461063385, 0.0242297425866127, 0.027398444712162018, 0.030567146837711334, 0.03373584896326065, 0.03690455108880997, 0.04007325321435928, 0.0432419553399086, 0.04641065374016762, 0.049579355865716934, 0.05274805799126625, 0.05591676011681557, 0.05908546224236488, 0.0622541643679142, 0.06542286276817322, 0.06859156489372253, 0.07176026701927185, 0.07492896914482117, 0.07809767127037048, 0.0812663733959198, 0.08443507552146912, 0.08760377764701843, 0.09077247977256775, 0.09394118189811707, 0.09710988402366638, 0.1002785861492157, 0.10344728827476501, 0.10661599040031433]}, "gradients/graph_6fc1.bias": {"_type": "histogram", "values": [1.0, 0.0, 0.0, 0.0, 0.0, 1.0, 0.0, 1.0, 1.0, 2.0, 2.0, 2.0, 1.0, 3.0, 2.0, 2.0, 0.0, 1.0, 4.0, 5.0, 5.0, 2.0, 5.0, 7.0, 5.0, 6.0, 17.0, 8.0, 5.0, 1.0, 6.0, 4.0, 1.0, 2.0, 3.0, 3.0, 3.0, 3.0, 2.0, 0.0, 4.0, 1.0, 0.0, 1.0, 0.0, 1.0, 1.0, 0.0, 0.0, 0.0, 0.0, 0.0, 1.0, 0.0, 0.0, 1.0, 0.0, 1.0, 0.0, 0.0, 0.0, 0.0, 0.0, 1.0],