{"Val Accuracy/Epoch": 0.4429, "Val Loss/Epoch": 31.433422088623047, "_timestamp": 1699944491.047032, "_runtime": 11.902068138122559, "_step": 49, "gradients/graph_1fc3.bias": {"_type": "histogram", "values": [1.0, 0.0, 0.0, 0.0, 0.0, 0.0, 0.0, 1.0, 1.0, 0.0, 0.0, 0.0, 0.0, 0.0, 0.0, 1.0, 0.0, 0.0, 0.0, 1.0, 1.0, 0.0, 0.0, 0.0, 0.0, 0.0, 0.0, 0.0, 0.0, 0.0, 0.0, 0.0, 1.0, 0.0, 0.0, 0.0, 0.0, 0.0, 0.0, 0.0, 0.0, 0.0, 0.0, 1.0, 0.0, 0.0, 0.0, 0.0, 0.0, 0.0, 0.0, 0.0, 0.0, 0.0, 1.0, 0.0, 0.0, 0.0, 0.0, 0.0, 0.0, 0.0, 0.0, 1.0], "bins": [-0.026367587968707085, -0.025367626920342445, -0.024367665871977806, -0.023367704823613167, -0.022367743775248528, -0.021367782726883888, -0.02036782167851925, -0.01936786063015461, -0.01836789958178997, -0.01736793853342533, -0.016367977485060692, -0.015368016436696053, -0.014368055388331413, -0.013368094339966774, -0.012368133291602135, -0.011368172243237495, -0.010368211194872856, -0.009368250146508217, -0.008368289098143578, -0.007368328049778938, -0.006368367001414299, -0.00536840595304966, -0.0043684449046850204, -0.003368483856320381, -0.002368522807955742, -0.0013685617595911026, -0.0003686007112264633, 0.000631360337138176, 0.0016313213855028152, 0.0026312824338674545, 0.003631243482232094, 0.004631204530596733, 0.005631163716316223, 0.006631124764680862, 0.007631085813045502, 0.008631046861410141, 0.00963100790977478, 0.01063096895813942, 0.011630930006504059, 0.012630891054868698, 0.013630852103233337, 0.014630813151597977, 0.015630774199962616, 0.016630735248327255, 0.017630696296691895, 0.018630657345056534, 0.019630618393421173, 0.020630579441785812, 0.02163054049015045, 0.02263050153851509, 0.02363046258687973, 0.02463042363524437, 0.02563038468360901, 0.026630345731973648, 0.027630306780338287, 0.028630267828702927, 0.029630228877067566, 0.030630189925432205, 0.031630150973796844, 0.032630112022161484, 0.03363007307052612, 0.03463003411889076, 0.0356299951672554, 0.03662995621562004, 0.03762991726398468]}, "gradients/graph_1fc3.weight": {"_type": "histogram", "values": [4.0, 0.0, 1.0, 1.0, 1.0, 1.0, 1.0, 1.0, 4.0, 1.0, 4.0, 11.0, 6.0, 10.0, 14.0, 16.0, 5.0, 10.0, 25.0, 19.0, 22.0, 24.0, 28.0, 41.0, 49.0, 64.0, 45.0, 39.0, 26.0, 25.0, 15.0, 16.0, 13.0, 15.0, 15.0, 11.0, 9.0, 6.0, 6.0, 2.0, 5.0, 0.0, 2.0, 6.0, 3.0, 2.0, 3.0, 3.0, 0.0, 0.0, 1.0, 0.0, 2.0, 1.0, 0.0, 1.0, 1.0, 0.0, 1.0, 0.0, 1.0, 0.0, 0.0, 2.0], "bins": [-0.03472471982240677, -0.03337119519710541, -0.03201766684651375, -0.030664142221212387, -0.029310617595911026, -0.027957091107964516, -0.026603564620018005, -0.025250039994716644, -0.023896513506770134, -0.022542987018823624, -0.021189462393522263, -0.019835935905575752, -0.018482409417629242, -0.01712888479232788, -0.01577535830438137, -0.01442183367908001, -0.0130683071911335, -0.011714780703186989, -0.010361256077885628, -0.009007729589939117, -0.007654204964637756, -0.006300678476691246, -0.004947151988744736, -0.0035936273634433746, -0.002240099012851715, -0.000886574387550354, 0.0004669502377510071, 0.0018204748630523682, 0.0031740032136440277, 0.004527527838945389, 0.00588105246424675, 0.007234580814838409, 0.00858810544013977, 0.009941630065441132, 0.011295158416032791, 0.012648683041334152, 0.014002207666635513, 0.015355736017227173, 0.016709260642528534, 0.018062785267829895, 0.019416309893131256, 0.020769838243722916, 0.022123362869024277, 0.023476889356970787, 0.024830415844917297, 0.02618394047021866, 0.02753746695816517, 0.02889099158346653, 0.03024451807141304, 0.0315980464220047, 0.03295157104730606, 0.03430509567260742, 0.03565862029790878, 0.037012144923210144, 0.038365673273801804, 0.039719197899103165, 0.041072726249694824, 0.042426250874996185, 0.043779775500297546, 0.04513330012559891, 0.04648682847619057, 0.04784035310149193, 0.04919387772679329, 0.05054740607738495, 0.05190093070268631]}, "gradients/graph_1fc2.bias": {"_type": "histogram", "values": [1.0, 1.0, 0.0, 0.0, 0.0, 1.0, 1.0, 0.0, 0.0, 1.0, 1.0, 2.0, 0.0, 1.0, 1.0, 2.0, 2.0, 1.0, 3.0, 2.0, 0.0, 0.0, 1.0, 3.0, 6.0, 1.0, 2.0, 4.0, 5.0, 1.0, 4.0, 3.0, 0.0, 1.0, 2.0, 1.0, 1.0, 1.0, 1.0, 0.0, 1.0, 0.0, 1.0, 0.0, 1.0, 0.0, 1.0, 1.0, 0.0, 0.0, 0.0, 0.0, 0.0, 0.0, 0.0, 0.0, 0.0, 1.0, 0.0, 0.0, 0.0, 0.0, 0.0, 1.0], "bins": [-0.026429148390889168, -0.02542668953537941, -0.024424228817224503, -0.023421769961714745, -0.022419311106204987, -0.02141685038805008, -0.02041439153254032, -0.019411932677030563, -0.018409471958875656, -0.017407013103365898, -0.01640455424785614, -0.015402094461023808, -0.014399634674191475, -0.013397175818681717, -0.012394716031849384, -0.011392257176339626, -0.010389797389507294, -0.009387338533997536, -0.008384877815842628, -0.0073824189603328705, -0.0063799601048231125, -0.005377499386668205, -0.004375040531158447, -0.0033725816756486893, -0.002370120957493782, -0.001367662101984024, -0.00036520324647426605, 0.0006372556090354919, 0.0016397163271903992, 0.002642175182700157, 0.003644634038209915, 0.004647094756364822, 0.005649551749229431, 0.006652010604739189, 0.007654471322894096, 0.008656930178403854, 0.009659389033913612, 0.01066184975206852, 0.011664308607578278, 0.012666767463088036, 0.013669226318597794, 0.0146716870367527, 0.01567414589226246, 0.016676604747772217, 0.017679065465927124, 0.018681524321436882, 0.01968398317694664, 0.020686443895101547, 0.021688902750611305, 0.022691361606121063, 0.02369382232427597, 0.02469628117978573, 0.025698740035295486, 0.026701200753450394, 0.02770365960896015, 0.02870611846446991, 0.029708579182624817, 0.030711038038134575, 0.03171349689364433, 0.03271595761179924, 0.03371841460466385, 0.034720875322818756, 0.03572333604097366, 0.03672579303383827, 0.03772825375199318]}, "gradients/graph_1fc2.weight": {"_type": "histogram", "values": [5.0, 0.0, 2.0, 1.0, 2.0, 2.0, 5.0, 4.0, 8.0, 5.0, 12.0, 24.0, 22.0, 35.0, 34.0, 55.0, 74.0, 89.0, 117.0, 181.0, 234.0, 291.0, 420.0, 598.0, 1045.0, 2113.0, 833.0, 567.0, 379.0, 272.0, 190.0, 136.0, 95.0, 71.0, 59.0, 35.0, 31.0, 20.0, 29.0, 22.0, 18.0, 15.0, 11.0, 6.0, 5.0, 3.0, 3.0, 4.0, 1.0, 1.0, 2.0, 0.0, 0.0, 1.0, 0.0, 0.0, 0.0, 1.0, 0.0, 1.0, 0.0, 0.0, 0.0, 3.0], "bins": [-0.03751329332590103, -0.036037519574165344, -0.03456174209713936, -0.03308596834540367, -0.031610190868377686, -0.030134417116642, -0.02865864336490631, -0.027182867750525475, -0.025707092136144638, -0.0242313165217638, -0.022755540907382965, -0.021279767155647278, -0.01980399154126644, -0.018328215926885605, -0.016852442175149918, -0.015376666560769081, -0.013900890946388245, -0.012425115332007408, -0.010949339717626572, -0.009473565965890884, -0.007997790351510048, -0.006522014737129211, -0.005046240985393524, -0.0035704635083675385, -0.002094689756631851, -0.0006189160048961639, 0.0008568614721298218, 0.002332635223865509, 0.0038084089756011963, 0.005284186452627182, 0.006759960204362869, 0.008235737681388855, 0.00971151515841484, 0.011187288910150528, 0.012663066387176514, 0.014138840138912201, 0.015614617615938187, 0.017090391367673874, 0.01856616511940956, 0.020041942596435547, 0.021517716348171234, 0.02299349009990692, 0.024469267576932907, 0.025945041328668594, 0.02742081694304943, 0.028896592557430267, 0.030372366309165955, 0.03184814006090164, 0.03332391753792763, 0.03479969501495361, 0.0362754687666893, 0.03775124251842499, 0.039227016270160675, 0.04070279374718666, 0.04217856749892235, 0.043654344975948334, 0.04513011872768402, 0.04660589247941971, 0.048081669956445694, 0.04955744370818138, 0.05103322118520737, 0.052508994936943054, 0.05398476868867874, 0.05546054616570473, 0.056936319917440414]}, "gradients/graph_1fc1.bias": {"_type": "histogram", "values": [1.0, 1.0, 0.0, 0.0, 0.0, 0.0, 0.0, 1.0, 0.0, 0.0, 2.0, 0.0, 0.0, 1.0, 2.0, 3.0, 3.0, 4.0, 1.0, 5.0, 4.0, 4.0, 2.0, 7.0, 3.0, 10.0, 4.0, 9.0, 3.0, 6.0, 4.0, 4.0, 7.0, 4.0, 3.0, 2.0, 5.0, 2.0, 1.0, 3.0, 2.0, 2.0, 0.0, 1.0, 2.0, 2.0, 2.0, 0.0, 2.0, 0.0, 0.0, 0.0, 1.0, 1.0, 0.0, 1.0, 0.0, 0.0, 0.0, 0.0, 0.0, 0.0, 0.0, 1.0],