{"epoch": 29, "acc_train": 0.3888, "train_loss": 1.7241438627243042, "acc_val": 0.3338, "loss_val": 1.9117921590805054, "_timestamp": 1699917635.4202247, "_runtime": 47.62325572967529, "_step": 59, "global_step": 29, "Learning rate": 0.05000000074505806, "Batch size": 256.0, "Train/Accuracy": 0.3887999951839447, "Train/Loss": 1.7241438627243042, "Val/Accuracy": 0.33379998803138733, "Val/Loss": 1.9117921590805054, "Model/Norm": 36.08186721801758, "_wandb": {"runtime": 46}}