{"accuracy": 0.09889240506329114, "epoch": 0, "_timestamp": 1699283176.3197854, "_runtime": 0.6494152545928955, "_step": 0, "_wandb": {"runtime": 0}}