{"acc": 0.9771, "acc_val": 0.5147, "_timestamp": 1699294660.858031, "_runtime": 239.71796298027039, "_step": 104, "_wandb": {"runtime": 239}}