{"acc": 0.9696, "acc_val": 0.5286, "_timestamp": 1699280861.0000923, "_runtime": 256.60076427459717, "_step": 120, "_wandb": {"runtime": 254}}