{"Val Accuracy/Epoch": 0.4323, "Val Loss/Epoch": 31.99931526184082, "_timestamp": 1699910839.993846, "_runtime": 15.690974950790405, "_step": 49, "gradients/graph_4fc3.bias": {"_type": "histogram", "values": [1.0, 0.0, 0.0, 0.0, 0.0, 0.0, 0.0, 0.0, 1.0, 0.0, 0.0, 0.0, 0.0, 0.0, 0.0, 0.0, 0.0, 0.0, 0.0, 0.0, 0.0, 0.0, 0.0, 0.0, 0.0, 0.0, 0.0, 0.0, 0.0, 0.0, 0.0, 0.0, 0.0, 1.0, 0.0, 0.0, 0.0, 0.0, 0.0, 0.0, 0.0, 0.0, 0.0, 0.0, 0.0, 0.0, 0.0, 0.0, 0.0, 0.0, 1.0, 0.0, 1.0, 0.0, 0.0, 0.0, 0.0, 1.0, 0.0, 0.0, 2.0, 1.0, 0.0, 1.0], "bins": [-0.031924016773700714, -0.031212162226438522, -0.03050030954182148, -0.029788454994559288, -0.029076602309942245, -0.028364747762680054, -0.027652893215417862, -0.02694103866815567, -0.026229185983538628, -0.025517333298921585, -0.024805478751659393, -0.0240936242043972, -0.02338176965713501, -0.022669916972517967, -0.021958062425255775, -0.021246209740638733, -0.02053435519337654, -0.01982250064611435, -0.019110647961497307, -0.018398793414235115, -0.017686940729618073, -0.01697508618235588, -0.01626323163509369, -0.015551378950476646, -0.014839524403214455, -0.014127669855952263, -0.01341581717133522, -0.012703962624073029, -0.011992108076810837, -0.011280255392193794, -0.010568400844931602, -0.00985654816031456, -0.009144693613052368, -0.008432839065790176, -0.007720986381173134, -0.007009131833910942, -0.0062972791492938995, -0.005585424602031708, -0.004873570054769516, -0.0041617173701524734, -0.0034498628228902817, -0.00273800827562809, -0.0020261555910110474, -0.0013143010437488556, -0.0006024474278092384, 0.00010940618813037872, 0.0008212607353925705, 0.0015331143513321877, 0.002244967967271805, 0.002956821583211422, 0.003668675199151039, 0.004380529746413231, 0.005092383362352848, 0.005804236978292465, 0.00651609105989337, 0.007227945141494274, 0.007939798757433891, 0.008651652373373508, 0.009363505989313126, 0.010075360536575317, 0.010787214152514935, 0.011499067768454552, 0.012210922315716743, 0.01292277593165636, 0.013634629547595978]}, "gradients/graph_4fc3.weight": {"_type": "histogram", "values": [2.0, 0.0, 0.0, 0.0, 0.0, 1.0, 0.0, 0.0, 1.0, 1.0, 0.0, 0.0, 2.0, 0.0, 0.0, 2.0, 2.0, 2.0, 0.0, 2.0, 4.0, 4.0, 1.0, 8.0, 4.0, 5.0, 3.0, 7.0, 4.0, 5.0, 8.0, 9.0, 12.0, 13.0, 17.0, 24.0, 25.0, 26.0, 42.0, 58.0, 60.0, 50.0, 47.0, 31.0, 25.0, 26.0, 22.0, 16.0, 17.0, 11.0, 8.0, 6.0, 5.0, 3.0, 9.0, 3.0, 1.0, 2.0, 0.0, 0.0, 1.0, 1.0, 1.0, 1.0], "bins": [-0.09312797337770462, -0.09078416228294373, -0.08844034373760223, -0.08609653264284134, -0.08375272154808044, -0.08140890300273895, -0.07906509190797806, -0.07672128081321716, -0.07437746226787567, -0.07203364372253418, -0.06968983262777328, -0.06734602153301239, -0.0650022029876709, -0.06265839189291, -0.06031458079814911, -0.057970765978097916, -0.05562695115804672, -0.05328313633799553, -0.050939321517944336, -0.04859551042318344, -0.04625169560313225, -0.043907880783081055, -0.04156406968832016, -0.03922025486826897, -0.03687644004821777, -0.03453262522816658, -0.03218881040811539, -0.029844999313354492, -0.027501188218593597, -0.025157369673252106, -0.02281355857849121, -0.02046974003314972, -0.018125928938388824, -0.01578211784362793, -0.013438299298286438, -0.011094488203525543, -0.008750669658184052, -0.006406858563423157, -0.004063047468662262, -0.0017192326486110687, 0.0006245821714401245, 0.0029683969914913177, 0.005312211811542511, 0.007656022906303406, 0.009999837726354599, 0.012343652546405792, 0.014687463641166687, 0.01703127846121788, 0.019375093281269073, 0.021718908101320267, 0.02406272292137146, 0.026406534016132355, 0.028750348836183548, 0.03109416365623474, 0.033437974750995636, 0.03578178957104683, 0.03812560439109802, 0.040469419211149216, 0.04281323403120041, 0.045157045125961304, 0.0475008599460125, 0.04984467476606369, 0.052188485860824585, 0.05453230068087578, 0.05687611550092697]}, "gradients/graph_4fc2.bias": {"_type": "histogram", "values": [1.0, 0.0, 0.0, 1.0, 0.0, 0.0, 0.0, 2.0, 1.0, 1.0, 0.0, 1.0, 0.0, 0.0, 0.0, 0.0, 0.0, 1.0, 0.0, 3.0, 2.0, 0.0, 0.0, 2.0, 0.0, 0.0, 2.0, 2.0, 2.0, 2.0, 3.0, 1.0, 0.0, 2.0, 2.0, 1.0, 6.0, 3.0, 2.0, 0.0, 0.0, 2.0, 3.0, 1.0, 2.0, 0.0, 2.0, 0.0, 1.0, 1.0, 1.0, 1.0, 1.0, 1.0, 1.0, 0.0, 1.0, 0.0, 1.0, 0.0, 0.0, 0.0, 1.0, 1.0], "bins": [-0.01733936369419098, -0.01686565950512886, -0.016391955316066742, -0.015918249264359474, -0.015444545075297356, -0.014970840886235237, -0.014497136697173119, -0.014023432508111, -0.013549727387726307, -0.013076022267341614, -0.012602318078279495, -0.012128613889217377, -0.011654909700155258, -0.011181204579770565, -0.010707500390708447, -0.010233795270323753, -0.009760091081261635, -0.009286386892199516, -0.008812681771814823, -0.008338977582752705, -0.007865272462368011, -0.007391568273305893, -0.006917864084243774, -0.006444158963859081, -0.005970454774796963, -0.005496750585734844, -0.005023045465350151, -0.0045493412762880325, -0.004075637087225914, -0.003601931966841221, -0.0031282277777791023, -0.002654522657394409, -0.0021808193996548653, -0.0017071152105927467, -0.0012334100902080536, -0.0007597059011459351, -0.0002860007807612419, 0.00018770340830087662, 0.0006614075973629951, 0.0011351127177476883, 0.0016088169068098068, 0.0020825210958719254, 0.0025562262162566185, 0.003029930405318737, 0.0035036345943808556, 0.003977339714765549, 0.004451043903827667, 0.00492474902421236, 0.005398453213274479, 0.005872157867997885, 0.006345862522721291, 0.006819566711783409, 0.007293271366506815, 0.007766976021230221, 0.00824068021029234, 0.008714385330677032, 0.009188089519739151, 0.00966179370880127, 0.010135498829185963, 0.010609203018248081, 0.011082908138632774, 0.011556612327694893, 0.012030316516757011, 0.012504021637141705, 0.012977725826203823]}, "gradients/graph_4fc2.weight": {"_type": "histogram", "values": [1.0, 0.0, 0.0, 0.0, 0.0, 1.0, 0.0, 0.0, 3.0, 3.0, 4.0, 2.0, 3.0, 3.0, 3.0, 5.0, 7.0, 10.0, 13.0, 20.0, 18.0, 15.0, 29.0, 39.0, 24.0, 53.0, 60.0, 83.0, 102.0, 127.0, 166.0, 240.0, 293.0, 407.0, 457.0, 3972.0, 516.0, 394.0, 267.0, 243.0, 161.0, 94.0, 83.0, 74.0, 49.0, 35.0, 34.0, 25.0, 12.0, 7.0, 11.0, 4.0, 5.0, 6.0, 1.0, 1.0, 2.0, 1.0, 1.0, 0.0, 0.0, 1.0, 1.0, 1.0], "bins": [-0.06392358988523483, -0.06213109940290451, -0.06033860892057419, -0.058546118438243866, -0.056753627955913544, -0.05496113747358322, -0.0531686507165432, -0.051376160234212875, -0.04958366975188255, -0.04779117926955223, -0.04599868878722191, -0.044206202030181885, -0.04241371154785156, -0.04062122106552124, -0.03882873058319092, -0.037036240100860596, -0.03524374961853027, -0.03345125913619995, -0.03165876865386963, -0.029866278171539307, -0.028073787689208984, -0.02628130093216896, -0.02448881044983864, -0.022696319967508316, -0.020903829485177994, -0.01911133900284767, -0.01731884852051735, -0.015526358038187027, -0.013733871281147003, -0.011941380798816681, -0.010148890316486359, -0.008356399834156036, -0.006563913077116013, -0.00477142259478569, -0.002978932112455368, -0.0011864416301250458, 0.0006060488522052765, 0.0023985356092453003, 0.0041910260915756226, 0.005983516573905945, 0.007776007056236267, 0.00956849753856659, 0.011360988020896912, 0.013153478503227234, 0.014945965260267258, 0.01673845574259758, 0.018530946224927902, 0.020323436707258224, 0.022115927189588547, 0.02390841767191887, 0.02570090815424919, 0.027493396773934364, 0.029285887256264687, 0.03107837773859501, 0.03287086635828018, 0.034663356840610504, 0.036455847322940826, 0.03824833780527115, 0.04004082828760147, 0.04183331876993179, 0.043625809252262115, 0.04541829600930214, 0.04721078649163246, 0.049003276973962784, 0.050795767456293106]}, "gradients/graph_4fc1.bias": {"_type": "histogram", "values": [1.0, 0.0, 0.0, 1.0, 2.0, 1.0, 1.0, 3.0, 4.0, 1.0, 3.0, 3.0, 3.0, 5.0, 4.0, 4.0, 5.0, 1.0, 53.0, 5.0, 3.0, 1.0, 3.0, 2.0, 3.0, 1.0, 4.0, 1.0, 1.0, 1.0, 0.0, 0.0, 3.0, 0.0, 0.0, 0.0, 1.0, 0.0, 1.0, 0.0, 1.0, 0.0, 0.0, 0.0, 0.0, 0.0, 0.0, 1.0, 0.0, 0.0, 0.0, 0.0, 0.0, 0.0, 0.0, 0.0, 0.0, 0.0, 0.0, 0.0, 0.0, 0.0, 0.0, 1.0],