{"epoch": 29, "acc_train": 0.3239, "train_loss": 1.9124031066894531, "acc_val": 0.305, "loss_val": 1.9493693113327026, "_timestamp": 1699925797.0994537, "_runtime": 99.65735363960266, "_step": 59, "global_step": 29, "Learning rate": 0.009999999776482582, "Batch size": 64.0, "Train/Accuracy": 0.3239000141620636, "Train/Loss": 1.9124031066894531, "Val/Accuracy": 0.3050000071525574, "Val/Loss": 1.9493693113327026, "Model/Norm": 17.83222770690918, "_wandb": {"runtime": 98}}