{"accuracy": 0.1996637658227848, "epoch": 4, "_timestamp": 1699284646.6625147, "_runtime": 0.6588516235351562, "_step": 0, "_wandb": {"runtime": 0}}