{"accuracy": 0.1895767405063291, "epoch": 4, "_timestamp": 1699283647.4394605, "_runtime": 0.6490426063537598, "_step": 0, "_wandb": {"runtime": 0}}