{"accuracy": 0.0982001582278481, "epoch": 4, "_timestamp": 1699283943.8465753, "_runtime": 0.7573883533477783, "_step": 0, "_wandb": {"runtime": 0}}