{"epoch": 69, "acc_train": 0.1004, "train_loss": 2.306809663772583, "acc_val": 0.1, "loss_val": 2.3076670169830322, "_timestamp": 1699927373.5285864, "_runtime": 76.17770028114319, "_step": 139, "global_step": 69, "Learning rate": 0.009999999776482582, "Batch size": 256.0, "Train/Accuracy": 0.10040000081062317, "Val/Accuracy": 0.10000000149011612, "Train/Loss": 2.306809663772583, "Val/Loss": 2.3076670169830322, "Model/Norm": 392.28533935546875, "_wandb": {"runtime": 75}}