{"epoch": 49, "accuracy": 0.3676, "_timestamp": 1699912512.0676186, "_runtime": 270.8146336078644, "_step": 49, "_wandb": {"runtime": 269}}