{"accuracy": 0.21133306962025317, "epoch": 2, "_timestamp": 1699283441.12671, "_runtime": 0.6905848979949951, "_step": 0, "_wandb": {"runtime": 0}}