{"acc": 0.9242263544312337, "loss": 0.09606931716957587, "_timestamp": 1699127764.7249472, "_runtime": 0.8480203151702881, "_step": 7, "_wandb": {"runtime": 0}}